reading_id,meter_id,user_id,timestamp,cumulative_reading,hourly_consumption_liters,daily_consumption_liters,monthly_consumption_liters,temperature_celsius,quality_score,data_source,is_validated,created_at,anomaly_ground_truth,anomaly_type
1,1,1,2026-06-01T00:00:00,12450.899,0.899,309.574,11016.184,20.66,98,estimated,True,2026-06-01T00:02:00,False,none
2,1,1,2026-06-01T01:00:00,12450.899,0.0,309.574,11016.184,19.93,98,estimated,True,2026-06-01T01:02:00,False,none
3,1,1,2026-06-01T02:00:00,12450.899,0.0,309.574,11016.184,19.28,98,estimated,True,2026-06-01T02:02:00,False,none
4,1,1,2026-06-01T03:00:00,12450.899,0.0,309.574,11016.184,18.81,98,estimated,True,2026-06-01T03:02:00,False,none
5,1,1,2026-06-01T04:00:00,12450.899,0.0,309.574,11016.184,18.94,98,estimated,True,2026-06-01T04:02:00,False,none
6,1,1,2026-06-01T05:00:00,12452.468,1.569,309.574,11016.184,18.98,98,estimated,True,2026-06-01T05:02:00,False,none
7,1,1,2026-06-01T06:00:00,12463.991,11.523,309.574,11016.184,20.06,98,estimated,True,2026-06-01T06:02:00,False,none
8,1,1,2026-06-01T07:00:00,12484.113,20.122,309.574,11016.184,21.14,98,estimated,True,2026-06-01T07:02:00,False,none
9,1,1,2026-06-01T08:00:00,12512.595,28.482,309.574,11016.184,23.29,98,estimated,True,2026-06-01T08:02:00,False,none
10,1,1,2026-06-01T09:00:00,12527.659,15.064,309.574,11016.184,24.03,98,estimated,True,2026-06-01T09:02:00,False,none
11,1,1,2026-06-01T10:00:00,12539.934,12.275,309.574,11016.184,25.08,98,estimated,True,2026-06-01T10:02:00,False,none
12,1,1,2026-06-01T11:00:00,12554.716,14.782,309.574,11016.184,26.04,98,estimated,True,2026-06-01T11:02:00,False,none
13,1,1,2026-06-01T12:00:00,12570.708,15.992,309.574,11016.184,27.3,98,estimated,True,2026-06-01T12:02:00,False,none
14,1,1,2026-06-01T13:00:00,12587.419,16.711,309.574,11016.184,28.09,98,estimated,True,2026-06-01T13:02:00,False,none
15,1,1,2026-06-01T14:00:00,12596.73,9.311,309.574,11016.184,28.82,98,estimated,True,2026-06-01T14:02:00,False,none
16,1,1,2026-06-01T15:00:00,12606.839,10.109,309.574,11016.184,29.33,98,estimated,True,2026-06-01T15:02:00,False,none
17,1,1,2026-06-01T16:00:00,12619.094,12.255,309.574,11016.184,28.91,98,estimated,True,2026-06-01T16:02:00,False,none
18,1,1,2026-06-01T17:00:00,12642.646,23.552,309.574,11016.184,27.8,98,estimated,True,2026-06-01T17:02:00,False,none
19,1,1,2026-06-01T18:00:00,12675.753,33.107,309.574,11016.184,27.83,98,estimated,True,2026-06-01T18:02:00,False,none
20,1,1,2026-06-01T19:00:00,12707.17,31.417,309.574,11016.184,26.45,98,estimated,True,2026-06-01T19:02:00,False,none
21,1,1,2026-06-01T20:00:00,12731.149,23.979,309.574,11016.184,24.7,98,estimated,True,2026-06-01T20:02:00,False,none
22,1,1,2026-06-01T21:00:00,12750.487,19.338,309.574,11016.184,23.82,98,estimated,True,2026-06-01T21:02:00,False,none
23,1,1,2026-06-01T22:00:00,12756.854,6.367,309.574,11016.184,22.84,98,estimated,True,2026-06-01T22:02:00,False,none
24,1,1,2026-06-01T23:00:00,12759.574,2.72,309.574,11016.184,21.63,98,estimated,True,2026-06-01T23:02:00,False,none
25,1,1,2026-06-02T00:00:00,12761.073,1.499,330.149,11016.184,20.47,98,estimated,True,2026-06-02T00:02:00,False,none
26,1,1,2026-06-02T01:00:00,12761.073,0.0,330.149,11016.184,20.36,98,estimated,True,2026-06-02T01:02:00,False,none
27,1,1,2026-06-02T02:00:00,12761.073,0.0,330.149,11016.184,19.37,98,estimated,True,2026-06-02T02:02:00,False,none
28,1,1,2026-06-02T03:00:00,12761.073,0.0,330.149,11016.184,19.41,98,estimated,True,2026-06-02T03:02:00,False,none
29,1,1,2026-06-02T04:00:00,12761.073,0.0,330.149,11016.184,19.38,98,estimated,True,2026-06-02T04:02:00,False,none
30,1,1,2026-06-02T05:00:00,12764.177,3.104,330.149,11016.184,20.27,98,estimated,True,2026-06-02T05:02:00,False,none
31,1,1,2026-06-02T06:00:00,12776.619,12.442,330.149,11016.184,20.71,98,estimated,True,2026-06-02T06:02:00,False,none
32,1,1,2026-06-02T07:00:00,12798.971,22.352,330.149,11016.184,21.92,98,estimated,True,2026-06-02T07:02:00,False,none
33,1,1,2026-06-02T08:00:00,12833.649,34.678,330.149,11016.184,23.13,98,estimated,True,2026-06-02T08:02:00,False,none
34,1,1,2026-06-02T09:00:00,12855.231,21.582,330.149,11016.184,24.26,98,estimated,True,2026-06-02T09:02:00,False,none
35,1,1,2026-06-02T10:00:00,12868.54,13.309,330.149,11016.184,24.53,98,estimated,True,2026-06-02T10:02:00,False,none
36,1,1,2026-06-02T11:00:00,12882.386,13.846,330.149,11016.184,26.81,98,estimated,True,2026-06-02T11:02:00,False,none
37,1,1,2026-06-02T12:00:00,12895.141,12.755,330.149,11016.184,27.85,98,estimated,True,2026-06-02T12:02:00,False,none
38,1,1,2026-06-02T13:00:00,12909.516,14.375,330.149,11016.184,28.52,98,estimated,True,2026-06-02T13:02:00,False,none
39,1,1,2026-06-02T14:00:00,12919.684,10.168,330.149,11016.184,29.7,98,estimated,True,2026-06-02T14:02:00,False,none
40,1,1,2026-06-02T15:00:00,12930.738,11.054,330.149,11016.184,28.96,98,estimated,True,2026-06-02T15:02:00,False,none
41,1,1,2026-06-02T16:00:00,12947.57,16.832,330.149,11016.184,29.47,98,estimated,True,2026-06-02T16:02:00,False,none
42,1,1,2026-06-02T17:00:00,12972.278,24.708,330.149,11016.184,28.4,98,estimated,True,2026-06-02T17:02:00,False,none
43,1,1,2026-06-02T18:00:00,13008.502,36.224,330.149,11016.184,27.85,98,estimated,True,2026-06-02T18:02:00,False,none
44,1,1,2026-06-02T19:00:00,13039.846,31.344,330.149,11016.184,26.5,98,estimated,True,2026-06-02T19:02:00,False,none
45,1,1,2026-06-02T20:00:00,13061.483,21.637,330.149,11016.184,25.42,98,estimated,True,2026-06-02T20:02:00,False,none
46,1,1,2026-06-02T21:00:00,13079.182,17.699,330.149,11016.184,24.4,98,estimated,True,2026-06-02T21:02:00,False,none
47,1,1,2026-06-02T22:00:00,13087.031,7.849,330.149,11016.184,22.99,98,estimated,True,2026-06-02T22:02:00,False,none
48,1,1,2026-06-02T23:00:00,13089.723,2.692,330.149,11016.184,21.21,98,estimated,True,2026-06-02T23:02:00,False,none
49,1,1,2026-06-03T00:00:00,13090.091,0.368,324.906,11016.184,20.88,98,estimated,True,2026-06-03T00:02:00,False,none
50,1,1,2026-06-03T01:00:00,13090.091,0.0,324.906,11016.184,20.16,98,estimated,True,2026-06-03T01:02:00,False,none
51,1,1,2026-06-03T02:00:00,13090.091,0.0,324.906,11016.184,19.35,98,estimated,True,2026-06-03T02:02:00,False,none
52,1,1,2026-06-03T03:00:00,13090.091,0.0,324.906,11016.184,18.79,98,estimated,True,2026-06-03T03:02:00,False,none
53,1,1,2026-06-03T04:00:00,13090.091,0.0,324.906,11016.184,19.77,98,estimated,True,2026-06-03T04:02:00,False,none
54,1,1,2026-06-03T05:00:00,13092.351,2.26,324.906,11016.184,20.15,98,estimated,True,2026-06-03T05:02:00,False,none
55,1,1,2026-06-03T06:00:00,13101.898,9.547,324.906,11016.184,21.01,98,estimated,True,2026-06-03T06:02:00,False,none
56,1,1,2026-06-03T07:00:00,13128.312,26.414,324.906,11016.184,22.51,98,estimated,True,2026-06-03T07:02:00,False,none
57,1,1,2026-06-03T08:00:00,13154.392,26.08,324.906,11016.184,23.58,98,estimated,True,2026-06-03T08:02:00,False,none
58,1,1,2026-06-03T09:00:00,13169.506,15.114,324.906,11016.184,25.12,98,estimated,True,2026-06-03T09:02:00,False,none
59,1,1,2026-06-03T10:00:00,13184.832,15.326,324.906,11016.184,26.09,98,estimated,True,2026-06-03T10:02:00,False,none
60,1,1,2026-06-03T11:00:00,13198.178,13.346,324.906,11016.184,26.66,98,estimated,True,2026-06-03T11:02:00,False,none
61,1,1,2026-06-03T12:00:00,13214.0,15.822,324.906,11016.184,28.13,98,estimated,True,2026-06-03T12:02:00,False,none
62,1,1,2026-06-03T13:00:00,13227.832,13.832,324.906,11016.184,28.27,98,estimated,True,2026-06-03T13:02:00,False,none
63,1,1,2026-06-03T14:00:00,13239.132,11.3,324.906,11016.184,28.96,98,estimated,True,2026-06-03T14:02:00,False,none
64,1,1,2026-06-03T15:00:00,13253.142,14.01,324.906,11016.184,29.19,98,estimated,True,2026-06-03T15:02:00,False,none
65,1,1,2026-06-03T16:00:00,13268.593,15.451,324.906,11016.184,29.07,98,estimated,True,2026-06-03T16:02:00,False,none
66,1,1,2026-06-03T17:00:00,13288.737,20.144,324.906,11016.184,29.21,98,estimated,True,2026-06-03T17:02:00,False,none
67,1,1,2026-06-03T18:00:00,13326.518,37.781,324.906,11016.184,28.18,98,estimated,True,2026-06-03T18:02:00,False,none
68,1,1,2026-06-03T19:00:00,13359.808,33.29,324.906,11016.184,26.41,98,estimated,True,2026-06-03T19:02:00,False,none
69,1,1,2026-06-03T20:00:00,13388.517,28.709,324.906,11016.184,25.95,98,estimated,True,2026-06-03T20:02:00,False,none
70,1,1,2026-06-03T21:00:00,13402.959,14.442,324.906,11016.184,24.06,98,estimated,True,2026-06-03T21:02:00,False,none
71,1,1,2026-06-03T22:00:00,13411.323,8.364,324.906,11016.184,23.47,98,estimated,True,2026-06-03T22:02:00,False,none
72,1,1,2026-06-03T23:00:00,13414.629,3.306,324.906,11016.184,22.16,98,estimated,True,2026-06-03T23:02:00,False,none
73,1,1,2026-06-04T00:00:00,13415.824,1.195,329.386,11016.184,21.02,98,estimated,True,2026-06-04T00:02:00,False,none
74,1,1,2026-06-04T01:00:00,13415.824,0.0,329.386,11016.184,20.62,98,estimated,True,2026-06-04T01:02:00,False,none
75,1,1,2026-06-04T02:00:00,13415.824,0.0,329.386,11016.184,20.07,98,estimated,True,2026-06-04T02:02:00,False,none
76,1,1,2026-06-04T03:00:00,13415.824,0.0,329.386,11016.184,19.36,98,estimated,True,2026-06-04T03:02:00,False,none
77,1,1,2026-06-04T04:00:00,13415.824,0.0,329.386,11016.184,19.7,98,estimated,True,2026-06-04T04:02:00,False,none
78,1,1,2026-06-04T05:00:00,13418.173,2.349,329.386,11016.184,20.89,98,estimated,True,2026-06-04T05:02:00,False,none
79,1,1,2026-06-04T06:00:00,13431.805,13.632,329.386,11016.184,21.62,98,estimated,True,2026-06-04T06:02:00,False,none
80,1,1,2026-06-04T07:00:00,13453.841,22.036,329.386,11016.184,22.23,98,estimated,True,2026-06-04T07:02:00,False,none
81,1,1,2026-06-04T08:00:00,13480.25,26.409,329.386,11016.184,23.18,98,estimated,True,2026-06-04T08:02:00,False,none
82,1,1,2026-06-04T09:00:00,13499.165,18.915,329.386,11016.184,24.8,98,estimated,True,2026-06-04T09:02:00,False,none
83,1,1,2026-06-04T10:00:00,13512.545,13.38,329.386,11016.184,26.24,98,estimated,True,2026-06-04T10:02:00,False,none
84,1,1,2026-06-04T11:00:00,13529.588,17.043,329.386,11016.184,27.34,98,estimated,True,2026-06-04T11:02:00,False,none
85,1,1,2026-06-04T12:00:00,13551.98,22.392,329.386,11016.184,28.26,98,estimated,True,2026-06-04T12:02:00,False,none
86,1,1,2026-06-04T13:00:00,13564.556,12.576,329.386,11016.184,29.41,98,estimated,True,2026-06-04T13:02:00,False,none
87,1,1,2026-06-04T14:00:00,13575.925,11.369,329.386,11016.184,29.23,98,estimated,True,2026-06-04T14:02:00,False,none
88,1,1,2026-06-04T15:00:00,13588.883,12.958,329.386,11016.184,29.74,98,estimated,True,2026-06-04T15:02:00,False,none
89,1,1,2026-06-04T16:00:00,13605.049,16.166,329.386,11016.184,29.85,98,estimated,True,2026-06-04T16:02:00,False,none
90,1,1,2026-06-04T17:00:00,13624.245,19.196,329.386,11016.184,28.82,98,estimated,True,2026-06-04T17:02:00,False,none
91,1,1,2026-06-04T18:00:00,13660.267,36.022,329.386,11016.184,28.19,98,estimated,True,2026-06-04T18:02:00,False,none
92,1,1,2026-06-04T19:00:00,13688.522,28.255,329.386,11016.184,27.42,98,estimated,True,2026-06-04T19:02:00,False,none
93,1,1,2026-06-04T20:00:00,13716.092,27.57,329.386,11016.184,26.2,98,estimated,True,2026-06-04T20:02:00,False,none
94,1,1,2026-06-04T21:00:00,13733.57,17.478,329.386,11016.184,24.48,98,estimated,True,2026-06-04T21:02:00,False,none
95,1,1,2026-06-04T22:00:00,13740.538,6.968,329.386,11016.184,23.56,98,estimated,True,2026-06-04T22:02:00,False,none
96,1,1,2026-06-04T23:00:00,13744.015,3.477,329.386,11016.184,22.47,98,estimated,True,2026-06-04T23:02:00,False,none
97,1,1,2026-06-05T00:00:00,13745.868,1.853,324.296,11016.184,22.0,98,estimated,True,2026-06-05T00:02:00,False,none
98,1,1,2026-06-05T01:00:00,13745.868,0.0,324.296,11016.184,20.22,98,estimated,True,2026-06-05T01:02:00,False,none
99,1,1,2026-06-05T02:00:00,13745.868,0.0,324.296,11016.184,20.39,98,estimated,True,2026-06-05T02:02:00,False,none
100,1,1,2026-06-05T03:00:00,13745.868,0.0,324.296,11016.184,20.31,98,estimated,True,2026-06-05T03:02:00,False,none
101,1,1,2026-06-05T04:00:00,13745.868,0.0,324.296,11016.184,20.81,98,estimated,True,2026-06-05T04:02:00,False,none
102,1,1,2026-06-05T05:00:00,13748.494,2.626,324.296,11016.184,20.65,98,estimated,True,2026-06-05T05:02:00,False,none
103,1,1,2026-06-05T06:00:00,13759.283,10.789,324.296,11016.184,21.26,98,estimated,True,2026-06-05T06:02:00,False,none
104,1,1,2026-06-05T07:00:00,13783.749,24.466,324.296,11016.184,22.41,98,estimated,True,2026-06-05T07:02:00,False,none
105,1,1,2026-06-05T08:00:00,13806.464,22.715,324.296,11016.184,24.73,98,estimated,True,2026-06-05T08:02:00,False,none
106,1,1,2026-06-05T09:00:00,13821.118,14.654,324.296,11016.184,25.38,98,estimated,True,2026-06-05T09:02:00,False,none
107,1,1,2026-06-05T10:00:00,13834.872,13.754,324.296,11016.184,26.21,98,estimated,True,2026-06-05T10:02:00,False,none
108,1,1,2026-06-05T11:00:00,13847.578,12.706,324.296,11016.184,27.63,98,estimated,True,2026-06-05T11:02:00,False,none
109,1,1,2026-06-05T12:00:00,13865.868,18.29,324.296,11016.184,28.35,98,estimated,True,2026-06-05T12:02:00,False,none
110,1,1,2026-06-05T13:00:00,13880.178,14.31,324.296,11016.184,29.14,98,estimated,True,2026-06-05T13:02:00,False,none
111,1,1,2026-06-05T14:00:00,13890.219,10.041,324.296,11016.184,29.95,98,estimated,True,2026-06-05T14:02:00,False,none
112,1,1,2026-06-05T15:00:00,13903.353,13.134,324.296,11016.184,30.96,98,estimated,True,2026-06-05T15:02:00,False,none
113,1,1,2026-06-05T16:00:00,13919.8,16.447,324.296,11016.184,29.12,98,estimated,True,2026-06-05T16:02:00,False,none
114,1,1,2026-06-05T17:00:00,13945.833,26.033,324.296,11016.184,29.17,98,estimated,True,2026-06-05T17:02:00,False,none
115,1,1,2026-06-05T18:00:00,13978.128,32.295,324.296,11016.184,28.32,98,estimated,True,2026-06-05T18:02:00,False,none
116,1,1,2026-06-05T19:00:00,14015.071,36.943,324.296,11016.184,27.8,98,estimated,True,2026-06-05T19:02:00,False,none
117,1,1,2026-06-05T20:00:00,14040.264,25.193,324.296,11016.184,25.92,98,estimated,True,2026-06-05T20:02:00,False,none
118,1,1,2026-06-05T21:00:00,14056.08,15.816,324.296,11016.184,24.91,98,estimated,True,2026-06-05T21:02:00,False,none
119,1,1,2026-06-05T22:00:00,14064.548,8.468,324.296,11016.184,24.51,98,estimated,True,2026-06-05T22:02:00,False,none
120,1,1,2026-06-05T23:00:00,14068.311,3.763,324.296,11016.184,22.1,98,estimated,True,2026-06-05T23:02:00,False,none
121,1,1,2026-06-06T00:00:00,14070.465,2.154,428.952,11016.184,22.68,98,estimated,True,2026-06-06T00:02:00,False,none
122,1,1,2026-06-06T01:00:00,14070.465,0.0,428.952,11016.184,20.43,98,estimated,True,2026-06-06T01:02:00,False,none
123,1,1,2026-06-06T02:00:00,14072.228,1.763,428.952,11016.184,20.44,98,estimated,True,2026-06-06T02:02:00,False,none
124,1,1,2026-06-06T03:00:00,14072.228,0.0,428.952,11016.184,19.07,98,estimated,True,2026-06-06T03:02:00,False,none
125,1,1,2026-06-06T04:00:00,14072.228,0.0,428.952,11016.184,19.74,98,estimated,True,2026-06-06T04:02:00,False,none
126,1,1,2026-06-06T05:00:00,14074.989,2.761,428.952,11016.184,20.86,98,estimated,True,2026-06-06T05:02:00,False,none
127,1,1,2026-06-06T06:00:00,14087.082,12.093,428.952,11016.184,22.41,98,estimated,True,2026-06-06T06:02:00,False,none
128,1,1,2026-06-06T07:00:00,14119.0,31.918,428.952,11016.184,23.33,98,estimated,True,2026-06-06T07:02:00,False,none
129,1,1,2026-06-06T08:00:00,14159.656,40.656,428.952,11016.184,23.68,98,estimated,True,2026-06-06T08:02:00,False,none
130,1,1,2026-06-06T09:00:00,14181.843,22.187,428.952,11016.184,25.45,98,estimated,True,2026-06-06T09:02:00,False,none
131,1,1,2026-06-06T10:00:00,14197.255,15.412,428.952,11016.184,26.69,98,estimated,True,2026-06-06T10:02:00,False,none
132,1,1,2026-06-06T11:00:00,14218.095,20.84,428.952,11016.184,27.91,98,estimated,True,2026-06-06T11:02:00,False,none
133,1,1,2026-06-06T12:00:00,14237.472,19.377,428.952,11016.184,29.54,98,estimated,True,2026-06-06T12:02:00,False,none
134,1,1,2026-06-06T13:00:00,14251.898,14.426,428.952,11016.184,30.55,98,estimated,True,2026-06-06T13:02:00,False,none
135,1,1,2026-06-06T14:00:00,14267.296,15.398,428.952,11016.184,30.14,98,estimated,True,2026-06-06T14:02:00,False,none
136,1,1,2026-06-06T15:00:00,14282.027,14.731,428.952,11016.184,30.48,98,estimated,True,2026-06-06T15:02:00,False,none
137,1,1,2026-06-06T16:00:00,14302.313,20.286,428.952,11016.184,30.11,98,estimated,True,2026-06-06T16:02:00,False,none
138,1,1,2026-06-06T17:00:00,14336.743,34.43,428.952,11016.184,29.46,98,estimated,True,2026-06-06T17:02:00,False,none
139,1,1,2026-06-06T18:00:00,14376.799,40.056,428.952,11016.184,29.05,98,estimated,True,2026-06-06T18:02:00,False,none
140,1,1,2026-06-06T19:00:00,14422.837,46.038,428.952,11016.184,28.23,98,estimated,True,2026-06-06T19:02:00,False,none
141,1,1,2026-06-06T20:00:00,14460.717,37.88,428.952,11016.184,26.99,98,estimated,True,2026-06-06T20:02:00,False,none
142,1,1,2026-06-06T21:00:00,14481.78,21.063,428.952,11016.184,25.04,98,estimated,True,2026-06-06T21:02:00,False,none
143,1,1,2026-06-06T22:00:00,14493.184,11.404,428.952,11016.184,24.37,98,estimated,True,2026-06-06T22:02:00,False,none
144,1,1,2026-06-06T23:00:00,14497.263,4.079,428.952,11016.184,22.86,98,estimated,True,2026-06-06T23:02:00,False,none
145,1,1,2026-06-07T00:00:00,14498.118,0.855,429.485,11016.184,22.6,98,estimated,True,2026-06-07T00:02:00,False,none
146,1,1,2026-06-07T01:00:00,14498.118,0.0,429.485,11016.184,21.52,98,estimated,True,2026-06-07T01:02:00,False,none
147,1,1,2026-06-07T02:00:00,14498.118,0.0,429.485,11016.184,21.42,98,estimated,True,2026-06-07T02:02:00,False,none
148,1,1,2026-06-07T03:00:00,14498.118,0.0,429.485,11016.184,21.15,98,estimated,True,2026-06-07T03:02:00,False,none
149,1,1,2026-06-07T04:00:00,14499.332,1.214,429.485,11016.184,20.7,98,estimated,True,2026-06-07T04:02:00,False,none
150,1,1,2026-06-07T05:00:00,14501.884,2.552,429.485,11016.184,21.43,98,estimated,True,2026-06-07T05:02:00,False,none
151,1,1,2026-06-07T06:00:00,14517.539,15.655,429.485,11016.184,22.13,98,estimated,True,2026-06-07T06:02:00,False,none
152,1,1,2026-06-07T07:00:00,14557.422,39.883,429.485,11016.184,22.8,98,estimated,True,2026-06-07T07:02:00,False,none
153,1,1,2026-06-07T08:00:00,14590.329,32.907,429.485,11016.184,23.93,98,estimated,True,2026-06-07T08:02:00,False,none
154,1,1,2026-06-07T09:00:00,14616.556,26.227,429.485,11016.184,26.09,98,estimated,True,2026-06-07T09:02:00,False,none
155,1,1,2026-06-07T10:00:00,14634.098,17.542,429.485,11016.184,27.17,98,estimated,True,2026-06-07T10:02:00,False,none
156,1,1,2026-06-07T11:00:00,14651.395,17.297,429.485,11016.184,28.12,98,estimated,True,2026-06-07T11:02:00,False,none
157,1,1,2026-06-07T12:00:00,14672.166,20.771,429.485,11016.184,29.19,98,estimated,True,2026-06-07T12:02:00,False,none
158,1,1,2026-06-07T13:00:00,14690.605,18.439,429.485,11016.184,30.35,98,estimated,True,2026-06-07T13:02:00,False,none
159,1,1,2026-06-07T14:00:00,14704.43,13.825,429.485,11016.184,30.13,98,estimated,True,2026-06-07T14:02:00,False,none
160,1,1,2026-06-07T15:00:00,14719.358,14.928,429.485,11016.184,30.79,98,estimated,True,2026-06-07T15:02:00,False,none
161,1,1,2026-06-07T16:00:00,14741.559,22.201,429.485,11016.184,30.13,98,estimated,True,2026-06-07T16:02:00,False,none
162,1,1,2026-06-07T17:00:00,14771.232,29.673,429.485,11016.184,30.06,98,estimated,True,2026-06-07T17:02:00,False,none
163,1,1,2026-06-07T18:00:00,14816.069,44.837,429.485,11016.184,28.97,98,estimated,True,2026-06-07T18:02:00,False,none
164,1,1,2026-06-07T19:00:00,14852.49,36.421,429.485,11016.184,27.55,98,estimated,True,2026-06-07T19:02:00,False,none
165,1,1,2026-06-07T20:00:00,14886.565,34.075,429.485,11016.184,26.63,98,estimated,True,2026-06-07T20:02:00,False,none
166,1,1,2026-06-07T21:00:00,14913.143,26.578,429.485,11016.184,25.75,98,estimated,True,2026-06-07T21:02:00,False,none
167,1,1,2026-06-07T22:00:00,14923.565,10.422,429.485,11016.184,24.68,98,estimated,True,2026-06-07T22:02:00,False,none
168,1,1,2026-06-07T23:00:00,14926.748,3.183,429.485,11016.184,23.12,98,estimated,True,2026-06-07T23:02:00,False,none
169,1,1,2026-06-08T00:00:00,14927.527,0.779,342.103,11016.184,22.33,98,estimated,True,2026-06-08T00:02:00,False,none
170,1,1,2026-06-08T01:00:00,14927.527,0.0,342.103,11016.184,21.68,98,estimated,True,2026-06-08T01:02:00,False,none
171,1,1,2026-06-08T02:00:00,14927.527,0.0,342.103,11016.184,21.25,98,estimated,True,2026-06-08T02:02:00,False,none
172,1,1,2026-06-08T03:00:00,14927.527,0.0,342.103,11016.184,21.15,98,estimated,True,2026-06-08T03:02:00,False,none
173,1,1,2026-06-08T04:00:00,14927.527,0.0,342.103,11016.184,21.08,98,estimated,True,2026-06-08T04:02:00,False,none
174,1,1,2026-06-08T05:00:00,14928.928,1.401,342.103,11016.184,21.59,98,estimated,True,2026-06-08T05:02:00,False,none
175,1,1,2026-06-08T06:00:00,14940.696,11.768,342.103,11016.184,22.35,98,estimated,True,2026-06-08T06:02:00,False,none
176,1,1,2026-06-08T07:00:00,14967.713,27.017,342.103,11016.184,23.96,98,estimated,True,2026-06-08T07:02:00,False,none
177,1,1,2026-06-08T08:00:00,14994.292,26.579,342.103,11016.184,25.45,98,estimated,True,2026-06-08T08:02:00,False,none
178,1,1,2026-06-08T09:00:00,15012.948,18.656,342.103,11016.184,26.23,98,estimated,True,2026-06-08T09:02:00,False,none
179,1,1,2026-06-08T10:00:00,15024.335,11.387,342.103,11016.184,28.05,98,estimated,True,2026-06-08T10:02:00,False,none
180,1,1,2026-06-08T11:00:00,15037.986,13.651,342.103,11016.184,28.04,98,estimated,True,2026-06-08T11:02:00,False,none
181,1,1,2026-06-08T12:00:00,15053.894,15.908,342.103,11016.184,28.56,98,estimated,True,2026-06-08T12:02:00,False,none
182,1,1,2026-06-08T13:00:00,15068.296,14.402,342.103,11016.184,29.9,98,estimated,True,2026-06-08T13:02:00,False,none
183,1,1,2026-06-08T14:00:00,15081.861,13.565,342.103,11016.184,30.84,98,estimated,True,2026-06-08T14:02:00,False,none
184,1,1,2026-06-08T15:00:00,15093.284,11.423,342.103,11016.184,31.26,98,estimated,True,2026-06-08T15:02:00,False,none
185,1,1,2026-06-08T16:00:00,15110.715,17.431,342.103,11016.184,30.35,98,estimated,True,2026-06-08T16:02:00,False,none
186,1,1,2026-06-08T17:00:00,15139.798,29.083,342.103,11016.184,29.68,98,estimated,True,2026-06-08T17:02:00,False,none
187,1,1,2026-06-08T18:00:00,15171.628,31.83,342.103,11016.184,29.89,98,estimated,True,2026-06-08T18:02:00,False,none
188,1,1,2026-06-08T19:00:00,15210.449,38.821,342.103,11016.184,27.69,98,estimated,True,2026-06-08T19:02:00,False,none
189,1,1,2026-06-08T20:00:00,15241.276,30.827,342.103,11016.184,27.13,98,estimated,True,2026-06-08T20:02:00,False,none
190,1,1,2026-06-08T21:00:00,15257.203,15.927,342.103,11016.184,25.24,98,estimated,True,2026-06-08T21:02:00,False,none
191,1,1,2026-06-08T22:00:00,15265.324,8.121,342.103,11016.184,24.59,98,estimated,True,2026-06-08T22:02:00,False,none
192,1,1,2026-06-08T23:00:00,15268.851,3.527,342.103,11016.184,23.2,98,estimated,True,2026-06-08T23:02:00,False,none
193,1,1,2026-06-09T00:00:00,15269.747,0.896,328.706,11016.184,22.16,98,estimated,True,2026-06-09T00:02:00,False,none
194,1,1,2026-06-09T01:00:00,15269.747,0.0,328.706,11016.184,21.84,98,estimated,True,2026-06-09T01:02:00,False,none
195,1,1,2026-06-09T02:00:00,15269.747,0.0,328.706,11016.184,21.71,98,estimated,True,2026-06-09T02:02:00,False,none
196,1,1,2026-06-09T03:00:00,15269.747,0.0,328.706,11016.184,21.25,98,estimated,True,2026-06-09T03:02:00,False,none
197,1,1,2026-06-09T04:00:00,15269.747,0.0,328.706,11016.184,21.34,98,estimated,True,2026-06-09T04:02:00,False,none
198,1,1,2026-06-09T05:00:00,15273.17,3.423,328.706,11016.184,22.61,98,estimated,True,2026-06-09T05:02:00,False,none
199,1,1,2026-06-09T06:00:00,15285.569,12.399,328.706,11016.184,22.48,98,estimated,True,2026-06-09T06:02:00,False,none
200,1,1,2026-06-09T07:00:00,15313.776,28.207,328.706,11016.184,23.88,98,estimated,True,2026-06-09T07:02:00,False,none
201,1,1,2026-06-09T08:00:00,15345.461,31.685,328.706,11016.184,24.44,98,estimated,True,2026-06-09T08:02:00,False,none
202,1,1,2026-06-09T09:00:00,15359.952,14.491,328.706,11016.184,26.54,98,estimated,True,2026-06-09T09:02:00,False,none
203,1,1,2026-06-09T10:00:00,15369.274,9.322,328.706,11016.184,26.94,98,estimated,True,2026-06-09T10:02:00,False,none
204,1,1,2026-06-09T11:00:00,15385.394,16.12,328.706,11016.184,28.51,98,estimated,True,2026-06-09T11:02:00,False,none
205,1,1,2026-06-09T12:00:00,15403.078,17.684,328.706,11016.184,30.26,98,estimated,True,2026-06-09T12:02:00,False,none
206,1,1,2026-06-09T13:00:00,15415.145,12.067,328.706,11016.184,31.1,98,estimated,True,2026-06-09T13:02:00,False,none
207,1,1,2026-06-09T14:00:00,15426.029,10.884,328.706,11016.184,30.27,98,estimated,True,2026-06-09T14:02:00,False,none
208,1,1,2026-06-09T15:00:00,15438.256,12.227,328.706,11016.184,31.27,98,estimated,True,2026-06-09T15:02:00,False,none
209,1,1,2026-06-09T16:00:00,15454.471,16.215,328.706,11016.184,30.12,98,estimated,True,2026-06-09T16:02:00,False,none
210,1,1,2026-06-09T17:00:00,15480.35,25.879,328.706,11016.184,29.93,98,estimated,True,2026-06-09T17:02:00,False,none
211,1,1,2026-06-09T18:00:00,15510.225,29.875,328.706,11016.184,29.8,98,estimated,True,2026-06-09T18:02:00,False,none
212,1,1,2026-06-09T19:00:00,15539.782,29.557,328.706,11016.184,28.41,98,estimated,True,2026-06-09T19:02:00,False,none
213,1,1,2026-06-09T20:00:00,15569.85,30.068,328.706,11016.184,27.39,98,estimated,True,2026-06-09T20:02:00,False,none
214,1,1,2026-06-09T21:00:00,15588.049,18.199,328.706,11016.184,25.73,98,estimated,True,2026-06-09T21:02:00,False,none
215,1,1,2026-06-09T22:00:00,15595.357,7.308,328.706,11016.184,24.61,98,estimated,True,2026-06-09T22:02:00,False,none
216,1,1,2026-06-09T23:00:00,15597.557,2.2,328.706,11016.184,23.58,98,estimated,True,2026-06-09T23:02:00,False,none
217,1,1,2026-06-10T00:00:00,15597.608,0.051,333.76,11016.184,22.59,98,estimated,True,2026-06-10T00:02:00,False,none
218,1,1,2026-06-10T01:00:00,15598.04,0.432,333.76,11016.184,22.81,98,estimated,True,2026-06-10T01:02:00,False,none
219,1,1,2026-06-10T02:00:00,15599.206,1.166,333.76,11016.184,21.73,98,estimated,True,2026-06-10T02:02:00,False,none
220,1,1,2026-06-10T03:00:00,15599.206,0.0,333.76,11016.184,21.31,98,estimated,True,2026-06-10T03:02:00,False,none
221,1,1,2026-06-10T04:00:00,15599.206,0.0,333.76,11016.184,21.23,98,estimated,True,2026-06-10T04:02:00,False,none
222,1,1,2026-06-10T05:00:00,15599.383,0.177,333.76,11016.184,21.91,98,estimated,True,2026-06-10T05:02:00,False,none
223,1,1,2026-06-10T06:00:00,15612.309,12.926,333.76,11016.184,22.21,98,estimated,True,2026-06-10T06:02:00,False,none
224,1,1,2026-06-10T07:00:00,15635.813,23.504,333.76,11016.184,24.51,98,estimated,True,2026-06-10T07:02:00,False,none
225,1,1,2026-06-10T08:00:00,15666.182,30.369,333.76,11016.184,25.29,98,estimated,True,2026-06-10T08:02:00,False,none
226,1,1,2026-06-10T09:00:00,15687.445,21.263,333.76,11016.184,27.58,98,estimated,True,2026-06-10T09:02:00,False,none
227,1,1,2026-06-10T10:00:00,15698.511,11.066,333.76,11016.184,27.59,98,estimated,True,2026-06-10T10:02:00,False,none
228,1,1,2026-06-10T11:00:00,15713.629,15.118,333.76,11016.184,28.21,98,estimated,True,2026-06-10T11:02:00,False,none
229,1,1,2026-06-10T12:00:00,15727.983,14.354,333.76,11016.184,29.58,98,estimated,True,2026-06-10T12:02:00,False,none
230,1,1,2026-06-10T13:00:00,15740.413,12.43,333.76,11016.184,30.42,98,estimated,True,2026-06-10T13:02:00,False,none
231,1,1,2026-06-10T14:00:00,15752.884,12.471,333.76,11016.184,31.86,98,estimated,True,2026-06-10T14:02:00,False,none
232,1,1,2026-06-10T15:00:00,15767.36,14.476,333.76,11016.184,31.35,98,estimated,True,2026-06-10T15:02:00,False,none
233,1,1,2026-06-10T16:00:00,15782.352,14.992,333.76,11016.184,31.21,98,estimated,True,2026-06-10T16:02:00,False,none
234,1,1,2026-06-10T17:00:00,15808.499,26.147,333.76,11016.184,31.29,98,estimated,True,2026-06-10T17:02:00,False,none
235,1,1,2026-06-10T18:00:00,15841.201,32.702,333.76,11016.184,29.47,98,estimated,True,2026-06-10T18:02:00,False,none
236,1,1,2026-06-10T19:00:00,15869.491,28.29,333.76,11016.184,28.5,98,estimated,True,2026-06-10T19:02:00,False,none
237,1,1,2026-06-10T20:00:00,15903.055,33.564,333.76,11016.184,28.02,98,estimated,True,2026-06-10T20:02:00,False,none
238,1,1,2026-06-10T21:00:00,15921.376,18.321,333.76,11016.184,25.79,98,estimated,True,2026-06-10T21:02:00,False,none
239,1,1,2026-06-10T22:00:00,15928.98,7.604,333.76,11016.184,24.8,98,estimated,True,2026-06-10T22:02:00,False,none
240,1,1,2026-06-10T23:00:00,15931.317,2.337,333.76,11016.184,23.61,98,estimated,True,2026-06-10T23:02:00,False,none
241,1,1,2026-06-11T00:00:00,15931.662,0.345,316.799,11016.184,23.06,98,estimated,True,2026-06-11T00:02:00,False,none
242,1,1,2026-06-11T01:00:00,15932.026,0.364,316.799,11016.184,22.35,98,estimated,True,2026-06-11T01:02:00,False,none
243,1,1,2026-06-11T02:00:00,15932.026,0.0,316.799,11016.184,21.9,98,estimated,True,2026-06-11T02:02:00,False,none
244,1,1,2026-06-11T03:00:00,15932.026,0.0,316.799,11016.184,21.34,98,estimated,True,2026-06-11T03:02:00,False,none
245,1,1,2026-06-11T04:00:00,15932.026,0.0,316.799,11016.184,21.95,98,estimated,True,2026-06-11T04:02:00,False,none
246,1,1,2026-06-11T05:00:00,15934.48,2.454,316.799,11016.184,21.57,98,estimated,True,2026-06-11T05:02:00,False,none
247,1,1,2026-06-11T06:00:00,15946.345,11.865,316.799,11016.184,22.77,98,estimated,True,2026-06-11T06:02:00,False,none
248,1,1,2026-06-11T07:00:00,15965.325,18.98,316.799,11016.184,23.77,98,estimated,True,2026-06-11T07:02:00,False,none
249,1,1,2026-06-11T08:00:00,15994.769,29.444,316.799,11016.184,24.63,98,estimated,True,2026-06-11T08:02:00,False,none
250,1,1,2026-06-11T09:00:00,16011.188,16.419,316.799,11016.184,26.68,98,estimated,True,2026-06-11T09:02:00,False,none
251,1,1,2026-06-11T10:00:00,16021.298,10.11,316.799,11016.184,28.12,98,estimated,True,2026-06-11T10:02:00,False,none
252,1,1,2026-06-11T11:00:00,16034.111,12.813,316.799,11016.184,29.04,98,estimated,True,2026-06-11T11:02:00,False,none
253,1,1,2026-06-11T12:00:00,16051.605,17.494,316.799,11016.184,29.85,98,estimated,True,2026-06-11T12:02:00,False,none
254,1,1,2026-06-11T13:00:00,16065.264,13.659,316.799,11016.184,30.56,98,estimated,True,2026-06-11T13:02:00,False,none
255,1,1,2026-06-11T14:00:00,16075.75,10.486,316.799,11016.184,31.8,98,estimated,True,2026-06-11T14:02:00,False,none
256,1,1,2026-06-11T15:00:00,16086.484,10.734,316.799,11016.184,31.91,98,estimated,True,2026-06-11T15:02:00,False,none
257,1,1,2026-06-11T16:00:00,16106.239,19.755,316.799,11016.184,31.61,98,estimated,True,2026-06-11T16:02:00,False,none
258,1,1,2026-06-11T17:00:00,16127.895,21.656,316.799,11016.184,29.91,98,estimated,True,2026-06-11T17:02:00,False,none
259,1,1,2026-06-11T18:00:00,16161.077,33.182,316.799,11016.184,30.34,98,estimated,True,2026-06-11T18:02:00,False,none
260,1,1,2026-06-11T19:00:00,16192.969,31.892,316.799,11016.184,29.22,98,estimated,True,2026-06-11T19:02:00,False,none
261,1,1,2026-06-11T20:00:00,16219.704,26.735,316.799,11016.184,27.9,98,estimated,True,2026-06-11T20:02:00,False,none
262,1,1,2026-06-11T21:00:00,16237.757,18.053,316.799,11016.184,27.04,98,estimated,True,2026-06-11T21:02:00,False,none
263,1,1,2026-06-11T22:00:00,16245.434,7.677,316.799,11016.184,25.41,98,estimated,True,2026-06-11T22:02:00,False,none
264,1,1,2026-06-11T23:00:00,16248.116,2.682,316.799,11016.184,23.88,98,estimated,True,2026-06-11T23:02:00,False,none
265,1,1,2026-06-12T00:00:00,16248.789,0.673,340.157,11016.184,23.4,98,estimated,True,2026-06-12T00:02:00,False,none
266,1,1,2026-06-12T01:00:00,16248.789,0.0,340.157,11016.184,22.56,98,estimated,True,2026-06-12T01:02:00,False,none
267,1,1,2026-06-12T02:00:00,16248.789,0.0,340.157,11016.184,21.84,98,estimated,True,2026-06-12T02:02:00,False,none
268,1,1,2026-06-12T03:00:00,16248.789,0.0,340.157,11016.184,20.96,98,estimated,True,2026-06-12T03:02:00,False,none
269,1,1,2026-06-12T04:00:00,16248.789,0.0,340.157,11016.184,22.37,98,estimated,True,2026-06-12T04:02:00,False,none
270,1,1,2026-06-12T05:00:00,16250.633,1.844,340.157,11016.184,22.58,98,estimated,True,2026-06-12T05:02:00,False,none
271,1,1,2026-06-12T06:00:00,16258.791,8.158,340.157,11016.184,23.57,98,estimated,True,2026-06-12T06:02:00,False,none
272,1,1,2026-06-12T07:00:00,16285.26,26.469,340.157,11016.184,24.37,98,estimated,True,2026-06-12T07:02:00,False,none
273,1,1,2026-06-12T08:00:00,16318.553,33.293,340.157,11016.184,24.89,98,estimated,True,2026-06-12T08:02:00,False,none
274,1,1,2026-06-12T09:00:00,16336.132,17.579,340.157,11016.184,26.91,98,estimated,True,2026-06-12T09:02:00,False,none
275,1,1,2026-06-12T10:00:00,16352.265,16.133,340.157,11016.184,28.33,98,estimated,True,2026-06-12T10:02:00,False,none
276,1,1,2026-06-12T11:00:00,16367.794,15.529,340.157,11016.184,29.35,98,estimated,True,2026-06-12T11:02:00,False,none
277,1,1,2026-06-12T12:00:00,16383.497,15.703,340.157,11016.184,30.13,98,estimated,True,2026-06-12T12:02:00,False,none
278,1,1,2026-06-12T13:00:00,16396.553,13.056,340.157,11016.184,31.44,98,estimated,True,2026-06-12T13:02:00,False,none
279,1,1,2026-06-12T14:00:00,16407.143,10.59,340.157,11016.184,31.64,98,estimated,True,2026-06-12T14:02:00,False,none
280,1,1,2026-06-12T15:00:00,16420.071,12.928,340.157,11016.184,31.97,98,estimated,True,2026-06-12T15:02:00,False,none
281,1,1,2026-06-12T16:00:00,16435.998,15.927,340.157,11016.184,32.02,98,estimated,True,2026-06-12T16:02:00,False,none
282,1,1,2026-06-12T17:00:00,16457.558,21.56,340.157,11016.184,31.0,98,estimated,True,2026-06-12T17:02:00,False,none
283,1,1,2026-06-12T18:00:00,16492.977,35.419,340.157,11016.184,30.14,98,estimated,True,2026-06-12T18:02:00,False,none
284,1,1,2026-06-12T19:00:00,16523.763,30.786,340.157,11016.184,29.58,98,estimated,True,2026-06-12T19:02:00,False,none
285,1,1,2026-06-12T20:00:00,16555.756,31.993,340.157,11016.184,28.42,98,estimated,True,2026-06-12T20:02:00,False,none
286,1,1,2026-06-12T21:00:00,16577.178,21.422,340.157,11016.184,26.94,98,estimated,True,2026-06-12T21:02:00,False,none
287,1,1,2026-06-12T22:00:00,16584.048,6.87,340.157,11016.184,25.18,98,estimated,True,2026-06-12T22:02:00,False,none
288,1,1,2026-06-12T23:00:00,16588.273,4.225,340.157,11016.184,23.57,98,estimated,True,2026-06-12T23:02:00,False,none
289,1,1,2026-06-13T00:00:00,16589.557,1.284,447.592,11016.184,23.7,98,estimated,True,2026-06-13T00:02:00,False,none
290,1,1,2026-06-13T01:00:00,16589.557,0.0,447.592,11016.184,22.75,98,estimated,True,2026-06-13T01:02:00,False,none
291,1,1,2026-06-13T02:00:00,16589.557,0.0,447.592,11016.184,22.06,98,estimated,True,2026-06-13T02:02:00,False,none
292,1,1,2026-06-13T03:00:00,16589.557,0.0,447.592,11016.184,22.02,98,estimated,True,2026-06-13T03:02:00,False,none
293,1,1,2026-06-13T04:00:00,16589.557,0.0,447.592,11016.184,22.23,98,estimated,True,2026-06-13T04:02:00,False,none
294,1,1,2026-06-13T05:00:00,16593.29,3.733,447.592,11016.184,23.4,98,estimated,True,2026-06-13T05:02:00,False,none
295,1,1,2026-06-13T06:00:00,16607.005,13.715,447.592,11016.184,24.07,98,estimated,True,2026-06-13T06:02:00,False,none
296,1,1,2026-06-13T07:00:00,16638.402,31.397,447.592,11016.184,24.08,98,estimated,True,2026-06-13T07:02:00,False,none
297,1,1,2026-06-13T08:00:00,16681.98,43.578,447.592,11016.184,25.7,98,estimated,True,2026-06-13T08:02:00,False,none
298,1,1,2026-06-13T09:00:00,16710.447,28.467,447.592,11016.184,26.3,98,estimated,True,2026-06-13T09:02:00,False,none
299,1,1,2026-06-13T10:00:00,16726.235,15.788,447.592,11016.184,28.2,98,estimated,True,2026-06-13T10:02:00,False,none
300,1,1,2026-06-13T11:00:00,16742.053,15.818,447.592,11016.184,29.07,98,estimated,True,2026-06-13T11:02:00,False,none
301,1,1,2026-06-13T12:00:00,16765.568,23.515,447.592,11016.184,30.84,98,estimated,True,2026-06-13T12:02:00,False,none
302,1,1,2026-06-13T13:00:00,16781.549,15.981,447.592,11016.184,30.79,98,estimated,True,2026-06-13T13:02:00,False,none
303,1,1,2026-06-13T14:00:00,16799.3,17.751,447.592,11016.184,31.67,98,estimated,True,2026-06-13T14:02:00,False,none
304,1,1,2026-06-13T15:00:00,16812.681,13.381,447.592,11016.184,31.87,98,estimated,True,2026-06-13T15:02:00,False,none
305,1,1,2026-06-13T16:00:00,16834.15,21.469,447.592,11016.184,31.7,98,estimated,True,2026-06-13T16:02:00,False,none
306,1,1,2026-06-13T17:00:00,16865.632,31.482,447.592,11016.184,30.22,98,estimated,True,2026-06-13T17:02:00,False,none
307,1,1,2026-06-13T18:00:00,16914.193,48.561,447.592,11016.184,30.42,98,estimated,True,2026-06-13T18:02:00,False,none
308,1,1,2026-06-13T19:00:00,16966.507,52.314,447.592,11016.184,30.21,98,estimated,True,2026-06-13T19:02:00,False,none
309,1,1,2026-06-13T20:00:00,16997.75,31.243,447.592,11016.184,28.16,98,estimated,True,2026-06-13T20:02:00,False,none
310,1,1,2026-06-13T21:00:00,17021.401,23.651,447.592,11016.184,28.0,98,estimated,True,2026-06-13T21:02:00,False,none
311,1,1,2026-06-13T22:00:00,17031.996,10.595,447.592,11016.184,25.68,98,estimated,True,2026-06-13T22:02:00,False,none
312,1,1,2026-06-13T23:00:00,17035.865,3.869,447.592,11016.184,24.55,98,estimated,True,2026-06-13T23:02:00,False,none
313,1,1,2026-06-14T00:00:00,17036.756,0.891,453.551,11016.184,23.39,98,estimated,True,2026-06-14T00:02:00,False,none
314,1,1,2026-06-14T01:00:00,17036.756,0.0,453.551,11016.184,22.81,98,estimated,True,2026-06-14T01:02:00,False,none
315,1,1,2026-06-14T02:00:00,17036.756,0.0,453.551,11016.184,22.88,98,estimated,True,2026-06-14T02:02:00,False,none
316,1,1,2026-06-14T03:00:00,17036.756,0.0,453.551,11016.184,22.65,98,estimated,True,2026-06-14T03:02:00,False,none
317,1,1,2026-06-14T04:00:00,17036.756,0.0,453.551,11016.184,22.44,98,estimated,True,2026-06-14T04:02:00,False,none
318,1,1,2026-06-14T05:00:00,17038.79,2.034,453.551,11016.184,22.26,98,estimated,True,2026-06-14T05:02:00,False,none
319,1,1,2026-06-14T06:00:00,17056.473,17.683,453.551,11016.184,23.17,98,estimated,True,2026-06-14T06:02:00,False,none
320,1,1,2026-06-14T07:00:00,17093.216,36.743,453.551,11016.184,25.03,98,estimated,True,2026-06-14T07:02:00,False,none
321,1,1,2026-06-14T08:00:00,17126.617,33.401,453.551,11016.184,26.15,98,estimated,True,2026-06-14T08:02:00,False,none
322,1,1,2026-06-14T09:00:00,17152.406,25.789,453.551,11016.184,26.94,98,estimated,True,2026-06-14T09:02:00,False,none
323,1,1,2026-06-14T10:00:00,17170.387,17.981,453.551,11016.184,27.96,98,estimated,True,2026-06-14T10:02:00,False,none
324,1,1,2026-06-14T11:00:00,17189.411,19.024,453.551,11016.184,29.56,98,estimated,True,2026-06-14T11:02:00,False,none
325,1,1,2026-06-14T12:00:00,17214.021,24.61,453.551,11016.184,30.97,98,estimated,True,2026-06-14T12:02:00,False,none
326,1,1,2026-06-14T13:00:00,17235.792,21.771,453.551,11016.184,31.34,98,estimated,True,2026-06-14T13:02:00,False,none
327,1,1,2026-06-14T14:00:00,17251.64,15.848,453.551,11016.184,31.55,98,estimated,True,2026-06-14T14:02:00,False,none
328,1,1,2026-06-14T15:00:00,17267.506,15.866,453.551,11016.184,32.39,98,estimated,True,2026-06-14T15:02:00,False,none
329,1,1,2026-06-14T16:00:00,17286.508,19.002,453.551,11016.184,32.11,98,estimated,True,2026-06-14T16:02:00,False,none
330,1,1,2026-06-14T17:00:00,17318.425,31.917,453.551,11016.184,31.85,98,estimated,True,2026-06-14T17:02:00,False,none
331,1,1,2026-06-14T18:00:00,17368.939,50.514,453.551,11016.184,30.48,98,estimated,True,2026-06-14T18:02:00,False,none
332,1,1,2026-06-14T19:00:00,17406.64,37.701,453.551,11016.184,29.37,98,estimated,True,2026-06-14T19:02:00,False,none
333,1,1,2026-06-14T20:00:00,17445.035,38.395,453.551,11016.184,27.82,98,estimated,True,2026-06-14T20:02:00,False,none
334,1,1,2026-06-14T21:00:00,17472.72,27.685,453.551,11016.184,26.64,98,estimated,True,2026-06-14T21:02:00,False,none
335,1,1,2026-06-14T22:00:00,17485.509,12.789,453.551,11016.184,25.03,98,estimated,True,2026-06-14T22:02:00,False,none
336,1,1,2026-06-14T23:00:00,17489.416,3.907,453.551,11016.184,24.74,98,estimated,True,2026-06-14T23:02:00,False,none
337,1,1,2026-06-15T00:00:00,17490.745,1.329,339.227,11016.184,23.56,98,estimated,True,2026-06-15T00:02:00,False,none
338,1,1,2026-06-15T01:00:00,17490.745,0.0,339.227,11016.184,22.97,98,estimated,True,2026-06-15T01:02:00,False,none
339,1,1,2026-06-15T02:00:00,17492.024,1.279,339.227,11016.184,22.35,98,estimated,True,2026-06-15T02:02:00,False,none
340,1,1,2026-06-15T03:00:00,17492.024,0.0,339.227,11016.184,22.44,98,estimated,True,2026-06-15T03:02:00,False,none
341,1,1,2026-06-15T04:00:00,17492.024,0.0,339.227,11016.184,22.24,98,estimated,True,2026-06-15T04:02:00,False,none
342,1,1,2026-06-15T05:00:00,17494.321,2.297,339.227,11016.184,22.99,98,estimated,True,2026-06-15T05:02:00,False,none
343,1,1,2026-06-15T06:00:00,17504.388,10.067,339.227,11016.184,23.56,98,estimated,True,2026-06-15T06:02:00,False,none
344,1,1,2026-06-15T07:00:00,17525.771,21.383,339.227,11016.184,24.89,98,estimated,True,2026-06-15T07:02:00,False,none
345,1,1,2026-06-15T08:00:00,17549.153,23.382,339.227,11016.184,26.19,98,estimated,True,2026-06-15T08:02:00,False,none
346,1,1,2026-06-15T09:00:00,17569.019,19.866,339.227,11016.184,27.73,98,estimated,True,2026-06-15T09:02:00,False,none
347,1,1,2026-06-15T10:00:00,17583.295,14.276,339.227,11016.184,28.71,98,estimated,True,2026-06-15T10:02:00,False,none
348,1,1,2026-06-15T11:00:00,17600.569,17.274,339.227,11016.184,30.48,98,estimated,True,2026-06-15T11:02:00,False,none
349,1,1,2026-06-15T12:00:00,17615.367,14.798,339.227,11016.184,30.12,98,estimated,True,2026-06-15T12:02:00,False,none
350,1,1,2026-06-15T13:00:00,17629.953,14.586,339.227,11016.184,31.4,98,estimated,True,2026-06-15T13:02:00,False,none
351,1,1,2026-06-15T14:00:00,17640.339,10.386,339.227,11016.184,32.35,98,estimated,True,2026-06-15T14:02:00,False,none
352,1,1,2026-06-15T15:00:00,17651.727,11.388,339.227,11016.184,32.39,98,estimated,True,2026-06-15T15:02:00,False,none
353,1,1,2026-06-15T16:00:00,17665.798,14.071,339.227,11016.184,31.9,98,estimated,True,2026-06-15T16:02:00,False,none
354,1,1,2026-06-15T17:00:00,17686.369,20.571,339.227,11016.184,31.28,98,estimated,True,2026-06-15T17:02:00,False,none
355,1,1,2026-06-15T18:00:00,17724.764,38.395,339.227,11016.184,30.46,98,estimated,True,2026-06-15T18:02:00,False,none
356,1,1,2026-06-15T19:00:00,17770.196,45.432,339.227,11016.184,29.44,98,estimated,True,2026-06-15T19:02:00,False,none
357,1,1,2026-06-15T20:00:00,17798.533,28.337,339.227,11016.184,28.81,98,estimated,True,2026-06-15T20:02:00,False,none
358,1,1,2026-06-15T21:00:00,17817.497,18.964,339.227,11016.184,26.97,98,estimated,True,2026-06-15T21:02:00,False,none
359,1,1,2026-06-15T22:00:00,17825.691,8.194,339.227,11016.184,25.79,98,estimated,True,2026-06-15T22:02:00,False,none
360,1,1,2026-06-15T23:00:00,17828.643,2.952,339.227,11016.184,25.84,98,estimated,True,2026-06-15T23:02:00,False,none
361,1,1,2026-06-16T00:00:00,17829.09,0.447,332.412,11016.184,24.39,98,estimated,True,2026-06-16T00:02:00,False,none
362,1,1,2026-06-16T01:00:00,17829.09,0.0,332.412,11016.184,23.12,98,estimated,True,2026-06-16T01:02:00,False,none
363,1,1,2026-06-16T02:00:00,17829.09,0.0,332.412,11016.184,22.01,98,estimated,True,2026-06-16T02:02:00,False,none
364,1,1,2026-06-16T03:00:00,17829.09,0.0,332.412,11016.184,22.72,98,estimated,True,2026-06-16T03:02:00,False,none
365,1,1,2026-06-16T04:00:00,17830.409,1.319,332.412,11016.184,21.93,98,estimated,True,2026-06-16T04:02:00,False,none
366,1,1,2026-06-16T05:00:00,17832.925,2.516,332.412,11016.184,23.1,98,estimated,True,2026-06-16T05:02:00,False,none
367,1,1,2026-06-16T06:00:00,17842.25,9.325,332.412,11016.184,24.0,98,estimated,True,2026-06-16T06:02:00,False,none
368,1,1,2026-06-16T07:00:00,17868.253,26.003,332.412,11016.184,25.12,98,estimated,True,2026-06-16T07:02:00,False,none
369,1,1,2026-06-16T08:00:00,17901.583,33.33,332.412,11016.184,26.39,98,estimated,True,2026-06-16T08:02:00,False,none
370,1,1,2026-06-16T09:00:00,17921.445,19.862,332.412,11016.184,27.8,98,estimated,True,2026-06-16T09:02:00,False,none
371,1,1,2026-06-16T10:00:00,17931.674,10.229,332.412,11016.184,28.73,98,estimated,True,2026-06-16T10:02:00,False,none
372,1,1,2026-06-16T11:00:00,17947.358,15.684,332.412,11016.184,30.14,98,estimated,True,2026-06-16T11:02:00,False,none
373,1,1,2026-06-16T12:00:00,17962.433,15.075,332.412,11016.184,31.11,98,estimated,True,2026-06-16T12:02:00,False,none
374,1,1,2026-06-16T13:00:00,17978.799,16.366,332.412,11016.184,31.36,98,estimated,True,2026-06-16T13:02:00,False,none
375,1,1,2026-06-16T14:00:00,17991.091,12.292,332.412,11016.184,32.28,98,estimated,True,2026-06-16T14:02:00,False,none
376,1,1,2026-06-16T15:00:00,18003.679,12.588,332.412,11016.184,32.48,98,estimated,True,2026-06-16T15:02:00,False,none
377,1,1,2026-06-16T16:00:00,18019.779,16.1,332.412,11016.184,32.67,98,estimated,True,2026-06-16T16:02:00,False,none
378,1,1,2026-06-16T17:00:00,18043.202,23.423,332.412,11016.184,31.83,98,estimated,True,2026-06-16T17:02:00,False,none
379,1,1,2026-06-16T18:00:00,18076.246,33.044,332.412,11016.184,30.83,98,estimated,True,2026-06-16T18:02:00,False,none
380,1,1,2026-06-16T19:00:00,18109.16,32.914,332.412,11016.184,30.05,98,estimated,True,2026-06-16T19:02:00,False,none
381,1,1,2026-06-16T20:00:00,18134.117,24.957,332.412,11016.184,29.26,98,estimated,True,2026-06-16T20:02:00,False,none
382,1,1,2026-06-16T21:00:00,18150.825,16.708,332.412,11016.184,27.39,98,estimated,True,2026-06-16T21:02:00,False,none
383,1,1,2026-06-16T22:00:00,18159.215,8.39,332.412,11016.184,26.75,98,estimated,True,2026-06-16T22:02:00,False,none
384,1,1,2026-06-16T23:00:00,18161.055,1.84,332.412,11016.184,25.38,98,estimated,True,2026-06-16T23:02:00,False,none
385,1,1,2026-06-17T00:00:00,18162.776,1.721,342.282,11016.184,24.17,98,estimated,True,2026-06-17T00:02:00,False,none
386,1,1,2026-06-17T01:00:00,18162.776,0.0,342.282,11016.184,23.3,98,estimated,True,2026-06-17T01:02:00,False,none
387,1,1,2026-06-17T02:00:00,18162.776,0.0,342.282,11016.184,23.25,98,estimated,True,2026-06-17T02:02:00,False,none
388,1,1,2026-06-17T03:00:00,18162.776,0.0,342.282,11016.184,23.51,98,estimated,True,2026-06-17T03:02:00,False,none
389,1,1,2026-06-17T04:00:00,18162.776,0.0,342.282,11016.184,22.09,98,estimated,True,2026-06-17T04:02:00,False,none
390,1,1,2026-06-17T05:00:00,18164.57,1.794,342.282,11016.184,23.1,98,estimated,True,2026-06-17T05:02:00,False,none
391,1,1,2026-06-17T06:00:00,18174.45,9.88,342.282,11016.184,23.52,98,estimated,True,2026-06-17T06:02:00,False,none
392,1,1,2026-06-17T07:00:00,18196.445,21.995,342.282,11016.184,24.69,98,estimated,True,2026-06-17T07:02:00,False,none
393,1,1,2026-06-17T08:00:00,18226.718,30.273,342.282,11016.184,26.29,98,estimated,True,2026-06-17T08:02:00,False,none
394,1,1,2026-06-17T09:00:00,18243.422,16.704,342.282,11016.184,28.22,98,estimated,True,2026-06-17T09:02:00,False,none
395,1,1,2026-06-17T10:00:00,18255.999,12.577,342.282,11016.184,29.28,98,estimated,True,2026-06-17T10:02:00,False,none
396,1,1,2026-06-17T11:00:00,18272.523,16.524,342.282,11016.184,30.08,98,estimated,True,2026-06-17T11:02:00,False,none
397,1,1,2026-06-17T12:00:00,18290.997,18.474,342.282,11016.184,30.68,98,estimated,True,2026-06-17T12:02:00,False,none
398,1,1,2026-06-17T13:00:00,18306.561,15.564,342.282,11016.184,31.99,98,estimated,True,2026-06-17T13:02:00,False,none
399,1,1,2026-06-17T14:00:00,18321.34,14.779,342.282,11016.184,32.54,98,estimated,True,2026-06-17T14:02:00,False,none
400,1,1,2026-06-17T15:00:00,18333.055,11.715,342.282,11016.184,32.34,98,estimated,True,2026-06-17T15:02:00,False,none
401,1,1,2026-06-17T16:00:00,18348.935,15.88,342.282,11016.184,32.18,98,estimated,True,2026-06-17T16:02:00,False,none
402,1,1,2026-06-17T17:00:00,18377.19,28.255,342.282,11016.184,31.67,98,estimated,True,2026-06-17T17:02:00,False,none
403,1,1,2026-06-17T18:00:00,18409.664,32.474,342.282,11016.184,31.7,98,estimated,True,2026-06-17T18:02:00,False,none
404,1,1,2026-06-17T19:00:00,18446.362,36.698,342.282,11016.184,29.76,98,estimated,True,2026-06-17T19:02:00,False,none
405,1,1,2026-06-17T20:00:00,18476.11,29.748,342.282,11016.184,28.67,98,estimated,True,2026-06-17T20:02:00,False,none
406,1,1,2026-06-17T21:00:00,18490.622,14.512,342.282,11016.184,27.68,98,estimated,True,2026-06-17T21:02:00,False,none
407,1,1,2026-06-17T22:00:00,18500.619,9.997,342.282,11016.184,26.92,98,estimated,True,2026-06-17T22:02:00,False,none
408,1,1,2026-06-17T23:00:00,18503.337,2.718,342.282,11016.184,24.85,98,estimated,True,2026-06-17T23:02:00,False,none
409,1,1,2026-06-18T00:00:00,18504.614,1.277,374.426,11016.184,24.29,98,estimated,True,2026-06-18T00:02:00,False,none
410,1,1,2026-06-18T01:00:00,18506.626,2.012,374.426,11016.184,23.64,98,estimated,True,2026-06-18T01:02:00,False,none
411,1,1,2026-06-18T02:00:00,18506.626,0.0,374.426,11016.184,22.18,98,estimated,True,2026-06-18T02:02:00,False,none
412,1,1,2026-06-18T03:00:00,18508.264,1.638,374.426,11016.184,22.7,98,estimated,True,2026-06-18T03:02:00,False,none
413,1,1,2026-06-18T04:00:00,18508.264,0.0,374.426,11016.184,23.16,98,estimated,True,2026-06-18T04:02:00,False,none
414,1,1,2026-06-18T05:00:00,18511.234,2.97,374.426,11016.184,23.37,98,estimated,True,2026-06-18T05:02:00,False,none
415,1,1,2026-06-18T06:00:00,18521.631,10.397,374.426,11016.184,25.18,98,estimated,True,2026-06-18T06:02:00,False,none
416,1,1,2026-06-18T07:00:00,18548.894,27.263,374.426,11016.184,25.01,98,estimated,True,2026-06-18T07:02:00,False,none
417,1,1,2026-06-18T08:00:00,18585.15,36.256,374.426,11016.184,26.69,98,estimated,True,2026-06-18T08:02:00,False,none
418,1,1,2026-06-18T09:00:00,18603.212,18.062,374.426,11016.184,27.94,98,estimated,True,2026-06-18T09:02:00,False,none
419,1,1,2026-06-18T10:00:00,18617.827,14.615,374.426,11016.184,29.24,98,estimated,True,2026-06-18T10:02:00,False,none
420,1,1,2026-06-18T11:00:00,18634.182,16.355,374.426,11016.184,30.54,98,estimated,True,2026-06-18T11:02:00,False,none
421,1,1,2026-06-18T12:00:00,18654.689,20.507,374.426,11016.184,31.67,98,estimated,True,2026-06-18T12:02:00,False,none
422,1,1,2026-06-18T13:00:00,18670.698,16.009,374.426,11016.184,32.59,98,estimated,True,2026-06-18T13:02:00,False,none
423,1,1,2026-06-18T14:00:00,18682.3,11.602,374.426,11016.184,32.47,98,estimated,True,2026-06-18T14:02:00,False,none
424,1,1,2026-06-18T15:00:00,18693.756,11.456,374.426,11016.184,33.19,98,estimated,True,2026-06-18T15:02:00,False,none
425,1,1,2026-06-18T16:00:00,18710.114,16.358,374.426,11016.184,32.69,98,estimated,True,2026-06-18T16:02:00,False,none
426,1,1,2026-06-18T17:00:00,18738.829,28.715,374.426,11016.184,32.05,98,estimated,True,2026-06-18T17:02:00,False,none
427,1,1,2026-06-18T18:00:00,18773.646,34.817,374.426,11016.184,31.32,98,estimated,True,2026-06-18T18:02:00,False,none
428,1,1,2026-06-18T19:00:00,18811.419,37.773,374.426,11016.184,29.66,98,estimated,True,2026-06-18T19:02:00,False,none
429,1,1,2026-06-18T20:00:00,18846.635,35.216,374.426,11016.184,29.26,98,estimated,True,2026-06-18T20:02:00,False,none
430,1,1,2026-06-18T21:00:00,18864.808,18.173,374.426,11016.184,27.59,98,estimated,True,2026-06-18T21:02:00,False,none
431,1,1,2026-06-18T22:00:00,18874.511,9.703,374.426,11016.184,26.51,98,estimated,True,2026-06-18T22:02:00,False,none
432,1,1,2026-06-18T23:00:00,18877.763,3.252,374.426,11016.184,25.17,98,estimated,True,2026-06-18T23:02:00,False,none
433,1,1,2026-06-19T00:00:00,18878.922,1.159,352.11,11016.184,24.51,98,estimated,True,2026-06-19T00:02:00,False,none
434,1,1,2026-06-19T01:00:00,18878.922,0.0,352.11,11016.184,23.3,98,estimated,True,2026-06-19T01:02:00,False,none
435,1,1,2026-06-19T02:00:00,18878.922,0.0,352.11,11016.184,22.83,98,estimated,True,2026-06-19T02:02:00,False,none
436,1,1,2026-06-19T03:00:00,18878.922,0.0,352.11,11016.184,23.28,98,estimated,True,2026-06-19T03:02:00,False,none
437,1,1,2026-06-19T04:00:00,18878.922,0.0,352.11,11016.184,23.12,98,estimated,True,2026-06-19T04:02:00,False,none
438,1,1,2026-06-19T05:00:00,18880.888,1.966,352.11,11016.184,24.1,98,estimated,True,2026-06-19T05:02:00,False,none
439,1,1,2026-06-19T06:00:00,18894.499,13.611,352.11,11016.184,24.05,98,estimated,True,2026-06-19T06:02:00,False,none
440,1,1,2026-06-19T07:00:00,18912.334,17.835,352.11,11016.184,24.73,98,estimated,True,2026-06-19T07:02:00,False,none
441,1,1,2026-06-19T08:00:00,18940.225,27.891,352.11,11016.184,26.69,98,estimated,True,2026-06-19T08:02:00,False,none
442,1,1,2026-06-19T09:00:00,18960.492,20.267,352.11,11016.184,27.4,98,estimated,True,2026-06-19T09:02:00,False,none
443,1,1,2026-06-19T10:00:00,18972.509,12.017,352.11,11016.184,29.2,98,estimated,True,2026-06-19T10:02:00,False,none
444,1,1,2026-06-19T11:00:00,18989.305,16.796,352.11,11016.184,29.79,98,estimated,True,2026-06-19T11:02:00,False,none
445,1,1,2026-06-19T12:00:00,19007.052,17.747,352.11,11016.184,31.6,98,estimated,True,2026-06-19T12:02:00,False,none
446,1,1,2026-06-19T13:00:00,19020.062,13.01,352.11,11016.184,32.87,98,estimated,True,2026-06-19T13:02:00,False,none
447,1,1,2026-06-19T14:00:00,19030.433,10.371,352.11,11016.184,32.02,98,estimated,True,2026-06-19T14:02:00,False,none
448,1,1,2026-06-19T15:00:00,19043.414,12.981,352.11,11016.184,32.79,98,estimated,True,2026-06-19T15:02:00,False,none
449,1,1,2026-06-19T16:00:00,19061.26,17.846,352.11,11016.184,32.54,98,estimated,True,2026-06-19T16:02:00,False,none
450,1,1,2026-06-19T17:00:00,19090.25,28.99,352.11,11016.184,31.63,98,estimated,True,2026-06-19T17:02:00,False,none
451,1,1,2026-06-19T18:00:00,19129.509,39.259,352.11,11016.184,31.31,98,estimated,True,2026-06-19T18:02:00,False,none
452,1,1,2026-06-19T19:00:00,19166.609,37.1,352.11,11016.184,30.44,98,estimated,True,2026-06-19T19:02:00,False,none
453,1,1,2026-06-19T20:00:00,19196.108,29.499,352.11,11016.184,29.33,98,estimated,True,2026-06-19T20:02:00,False,none
454,1,1,2026-06-19T21:00:00,19216.826,20.718,352.11,11016.184,28.06,98,estimated,True,2026-06-19T21:02:00,False,none
455,1,1,2026-06-19T22:00:00,19225.692,8.866,352.11,11016.184,26.59,98,estimated,True,2026-06-19T22:02:00,False,none
456,1,1,2026-06-19T23:00:00,19229.873,4.181,352.11,11016.184,25.27,98,estimated,True,2026-06-19T23:02:00,False,none
457,1,1,2026-06-20T00:00:00,19232.642,2.769,447.823,11016.184,24.08,98,estimated,True,2026-06-20T00:02:00,False,none
458,1,1,2026-06-20T01:00:00,19232.642,0.0,447.823,11016.184,23.53,98,estimated,True,2026-06-20T01:02:00,False,none
459,1,1,2026-06-20T02:00:00,19232.642,0.0,447.823,11016.184,22.41,98,estimated,True,2026-06-20T02:02:00,False,none
460,1,1,2026-06-20T03:00:00,19232.642,0.0,447.823,11016.184,22.7,98,estimated,True,2026-06-20T03:02:00,False,none
461,1,1,2026-06-20T04:00:00,19232.642,0.0,447.823,11016.184,22.98,98,estimated,True,2026-06-20T04:02:00,False,none
462,1,1,2026-06-20T05:00:00,19235.907,3.265,447.823,11016.184,22.92,98,estimated,True,2026-06-20T05:02:00,False,none
463,1,1,2026-06-20T06:00:00,19251.264,15.357,447.823,11016.184,24.66,98,estimated,True,2026-06-20T06:02:00,False,none
464,1,1,2026-06-20T07:00:00,19282.96,31.696,447.823,11016.184,24.99,98,estimated,True,2026-06-20T07:02:00,False,none
465,1,1,2026-06-20T08:00:00,19316.517,33.557,447.823,11016.184,26.59,98,estimated,True,2026-06-20T08:02:00,False,none
466,1,1,2026-06-20T09:00:00,19344.254,27.737,447.823,11016.184,28.48,98,estimated,True,2026-06-20T09:02:00,False,none
467,1,1,2026-06-20T10:00:00,19361.233,16.979,447.823,11016.184,29.09,98,estimated,True,2026-06-20T10:02:00,False,none
468,1,1,2026-06-20T11:00:00,19376.525,15.292,447.823,11016.184,30.46,98,estimated,True,2026-06-20T11:02:00,False,none
469,1,1,2026-06-20T12:00:00,19398.114,21.589,447.823,11016.184,31.32,98,estimated,True,2026-06-20T12:02:00,False,none
470,1,1,2026-06-20T13:00:00,19416.738,18.624,447.823,11016.184,31.81,98,estimated,True,2026-06-20T13:02:00,False,none
471,1,1,2026-06-20T14:00:00,19433.168,16.43,447.823,11016.184,33.43,98,estimated,True,2026-06-20T14:02:00,False,none
472,1,1,2026-06-20T15:00:00,19450.86,17.692,447.823,11016.184,32.65,98,estimated,True,2026-06-20T15:02:00,False,none
473,1,1,2026-06-20T16:00:00,19476.213,25.353,447.823,11016.184,33.27,98,estimated,True,2026-06-20T16:02:00,False,none
474,1,1,2026-06-20T17:00:00,19506.53,30.317,447.823,11016.184,32.24,98,estimated,True,2026-06-20T17:02:00,False,none
475,1,1,2026-06-20T18:00:00,19554.567,48.037,447.823,11016.184,31.7,98,estimated,True,2026-06-20T18:02:00,False,none
476,1,1,2026-06-20T19:00:00,19604.648,50.081,447.823,11016.184,30.74,98,estimated,True,2026-06-20T19:02:00,False,none
477,1,1,2026-06-20T20:00:00,19639.292,34.644,447.823,11016.184,29.6,98,estimated,True,2026-06-20T20:02:00,False,none
478,1,1,2026-06-20T21:00:00,19663.522,24.23,447.823,11016.184,28.41,98,estimated,True,2026-06-20T21:02:00,False,none
479,1,1,2026-06-20T22:00:00,19673.546,10.024,447.823,11016.184,27.42,98,estimated,True,2026-06-20T22:02:00,False,none
480,1,1,2026-06-20T23:00:00,19677.696,4.15,447.823,11016.184,26.08,98,estimated,True,2026-06-20T23:02:00,False,none
481,1,1,2026-06-21T00:00:00,19678.637,0.941,447.302,11016.184,24.14,98,estimated,True,2026-06-21T00:02:00,False,none
482,1,1,2026-06-21T01:00:00,19678.637,0.0,447.302,11016.184,23.48,98,estimated,True,2026-06-21T01:02:00,False,none
483,1,1,2026-06-21T02:00:00,19678.637,0.0,447.302,11016.184,22.7,98,estimated,True,2026-06-21T02:02:00,False,none
484,1,1,2026-06-21T03:00:00,19678.637,0.0,447.302,11016.184,22.93,98,estimated,True,2026-06-21T03:02:00,False,none
485,1,1,2026-06-21T04:00:00,19678.637,0.0,447.302,11016.184,22.74,98,estimated,True,2026-06-21T04:02:00,False,none
486,1,1,2026-06-21T05:00:00,19681.39,2.753,447.302,11016.184,23.62,98,estimated,True,2026-06-21T05:02:00,False,none
487,1,1,2026-06-21T06:00:00,19694.208,12.818,447.302,11016.184,24.65,98,estimated,True,2026-06-21T06:02:00,False,none
488,1,1,2026-06-21T07:00:00,19719.704,25.496,447.302,11016.184,25.34,98,estimated,True,2026-06-21T07:02:00,False,none
489,1,1,2026-06-21T08:00:00,19761.88,42.176,447.302,11016.184,26.8,98,estimated,True,2026-06-21T08:02:00,False,none
490,1,1,2026-06-21T09:00:00,19791.3,29.42,447.302,11016.184,27.75,98,estimated,True,2026-06-21T09:02:00,False,none
491,1,1,2026-06-21T10:00:00,19805.158,13.858,447.302,11016.184,28.74,98,estimated,True,2026-06-21T10:02:00,False,none
492,1,1,2026-06-21T11:00:00,19827.987,22.829,447.302,11016.184,30.53,98,estimated,True,2026-06-21T11:02:00,False,none
493,1,1,2026-06-21T12:00:00,19850.539,22.552,447.302,11016.184,32.15,98,estimated,True,2026-06-21T12:02:00,False,none
494,1,1,2026-06-21T13:00:00,19870.03,19.491,447.302,11016.184,32.7,98,estimated,True,2026-06-21T13:02:00,False,none
495,1,1,2026-06-21T14:00:00,19886.69,16.66,447.302,11016.184,32.7,98,estimated,True,2026-06-21T14:02:00,False,none
496,1,1,2026-06-21T15:00:00,19900.243,13.553,447.302,11016.184,33.2,98,estimated,True,2026-06-21T15:02:00,False,none
497,1,1,2026-06-21T16:00:00,19926.885,26.642,447.302,11016.184,33.36,98,estimated,True,2026-06-21T16:02:00,False,none
498,1,1,2026-06-21T17:00:00,19961.18,34.295,447.302,11016.184,32.02,98,estimated,True,2026-06-21T17:02:00,False,none
499,1,1,2026-06-21T18:00:00,20008.46,47.28,447.302,11016.184,31.67,98,estimated,True,2026-06-21T18:02:00,False,none
500,1,1,2026-06-21T19:00:00,20050.837,42.377,447.302,11016.184,30.22,98,estimated,True,2026-06-21T19:02:00,False,none
501,1,1,2026-06-21T20:00:00,20092.769,41.932,447.302,11016.184,29.22,98,estimated,True,2026-06-21T20:02:00,False,none
502,1,1,2026-06-21T21:00:00,20115.278,22.509,447.302,11016.184,28.16,98,estimated,True,2026-06-21T21:02:00,False,none
503,1,1,2026-06-21T22:00:00,20122.405,7.127,447.302,11016.184,26.95,98,estimated,True,2026-06-21T22:02:00,False,none
504,1,1,2026-06-21T23:00:00,20124.998,2.593,447.302,11016.184,25.9,98,estimated,True,2026-06-21T23:02:00,False,none
505,1,1,2026-06-22T00:00:00,20125.112,0.114,339.696,11016.184,24.3,98,estimated,True,2026-06-22T00:02:00,False,none
506,1,1,2026-06-22T01:00:00,20125.112,0.0,339.696,11016.184,23.13,98,estimated,True,2026-06-22T01:02:00,False,none
507,1,1,2026-06-22T02:00:00,20125.112,0.0,339.696,11016.184,22.53,98,estimated,True,2026-06-22T02:02:00,False,none
508,1,1,2026-06-22T03:00:00,20125.112,0.0,339.696,11016.184,23.01,98,estimated,True,2026-06-22T03:02:00,False,none
509,1,1,2026-06-22T04:00:00,20125.112,0.0,339.696,11016.184,23.04,98,estimated,True,2026-06-22T04:02:00,False,none
510,1,1,2026-06-22T05:00:00,20127.811,2.699,339.696,11016.184,24.25,98,estimated,True,2026-06-22T05:02:00,False,none
511,1,1,2026-06-22T06:00:00,20138.45,10.639,339.696,11016.184,24.3,98,estimated,True,2026-06-22T06:02:00,False,none
512,1,1,2026-06-22T07:00:00,20168.715,30.265,339.696,11016.184,25.35,98,estimated,True,2026-06-22T07:02:00,False,none
513,1,1,2026-06-22T08:00:00,20200.018,31.303,339.696,11016.184,26.84,98,estimated,True,2026-06-22T08:02:00,False,none
514,1,1,2026-06-22T09:00:00,20219.603,19.585,339.696,11016.184,28.39,98,estimated,True,2026-06-22T09:02:00,False,none
515,1,1,2026-06-22T10:00:00,20232.181,12.578,339.696,11016.184,29.17,98,estimated,True,2026-06-22T10:02:00,False,none
516,1,1,2026-06-22T11:00:00,20247.503,15.322,339.696,11016.184,30.45,98,estimated,True,2026-06-22T11:02:00,False,none
517,1,1,2026-06-22T12:00:00,20265.641,18.138,339.696,11016.184,31.8,98,estimated,True,2026-06-22T12:02:00,False,none
518,1,1,2026-06-22T13:00:00,20280.353,14.712,339.696,11016.184,32.6,98,estimated,True,2026-06-22T13:02:00,False,none
519,1,1,2026-06-22T14:00:00,20289.077,8.724,339.696,11016.184,32.84,98,estimated,True,2026-06-22T14:02:00,False,none
520,1,1,2026-06-22T15:00:00,20302.341,13.264,339.696,11016.184,33.34,98,estimated,True,2026-06-22T15:02:00,False,none
521,1,1,2026-06-22T16:00:00,20313.645,11.304,339.696,11016.184,33.21,98,estimated,True,2026-06-22T16:02:00,False,none
522,1,1,2026-06-22T17:00:00,20338.6,24.955,339.696,11016.184,33.14,98,estimated,True,2026-06-22T17:02:00,False,none
523,1,1,2026-06-22T18:00:00,20369.254,30.654,339.696,11016.184,31.96,98,estimated,True,2026-06-22T18:02:00,False,none
524,1,1,2026-06-22T19:00:00,20400.138,30.884,339.696,11016.184,30.72,98,estimated,True,2026-06-22T19:02:00,False,none
525,1,1,2026-06-22T20:00:00,20434.363,34.225,339.696,11016.184,29.02,98,estimated,True,2026-06-22T20:02:00,False,none
526,1,1,2026-06-22T21:00:00,20452.641,18.278,339.696,11016.184,27.9,98,estimated,True,2026-06-22T21:02:00,False,none
527,1,1,2026-06-22T22:00:00,20461.374,8.733,339.696,11016.184,27.03,98,estimated,True,2026-06-22T22:02:00,False,none
528,1,1,2026-06-22T23:00:00,20464.694,3.32,339.696,11016.184,25.54,98,estimated,True,2026-06-22T23:02:00,False,none
529,1,1,2026-06-23T00:00:00,20465.657,0.963,355.393,11016.184,25.42,98,estimated,True,2026-06-23T00:02:00,False,none
530,1,1,2026-06-23T01:00:00,20466.901,1.244,355.393,11016.184,23.75,98,estimated,True,2026-06-23T01:02:00,False,none
531,1,1,2026-06-23T02:00:00,20466.901,0.0,355.393,11016.184,23.25,98,estimated,True,2026-06-23T02:02:00,False,none
532,1,1,2026-06-23T03:00:00,20466.901,0.0,355.393,11016.184,23.25,98,estimated,True,2026-06-23T03:02:00,False,none
533,1,1,2026-06-23T04:00:00,20466.901,0.0,355.393,11016.184,22.86,98,estimated,True,2026-06-23T04:02:00,False,none
534,1,1,2026-06-23T05:00:00,20469.183,2.282,355.393,11016.184,23.64,98,estimated,True,2026-06-23T05:02:00,False,none
535,1,1,2026-06-23T06:00:00,20480.85,11.667,355.393,11016.184,24.59,98,estimated,True,2026-06-23T06:02:00,False,none
536,1,1,2026-06-23T07:00:00,20506.468,25.618,355.393,11016.184,26.14,98,estimated,True,2026-06-23T07:02:00,False,none
537,1,1,2026-06-23T08:00:00,20539.528,33.06,355.393,11016.184,26.61,98,estimated,True,2026-06-23T08:02:00,False,none
538,1,1,2026-06-23T09:00:00,20555.787,16.259,355.393,11016.184,28.47,98,estimated,True,2026-06-23T09:02:00,False,none
539,1,1,2026-06-23T10:00:00,20569.847,14.06,355.393,11016.184,29.53,98,estimated,True,2026-06-23T10:02:00,False,none
540,1,1,2026-06-23T11:00:00,20587.755,17.908,355.393,11016.184,30.38,98,estimated,True,2026-06-23T11:02:00,False,none
541,1,1,2026-06-23T12:00:00,20605.944,18.189,355.393,11016.184,31.47,98,estimated,True,2026-06-23T12:02:00,False,none
542,1,1,2026-06-23T13:00:00,20620.738,14.794,355.393,11016.184,32.26,98,estimated,True,2026-06-23T13:02:00,False,none
543,1,1,2026-06-23T14:00:00,20630.156,9.418,355.393,11016.184,32.39,98,estimated,True,2026-06-23T14:02:00,False,none
544,1,1,2026-06-23T15:00:00,20641.656,11.5,355.393,11016.184,33.64,98,estimated,True,2026-06-23T15:02:00,False,none
545,1,1,2026-06-23T16:00:00,20654.33,12.674,355.393,11016.184,32.43,98,estimated,True,2026-06-23T16:02:00,False,none
546,1,1,2026-06-23T17:00:00,20675.281,20.951,355.393,11016.184,32.07,98,estimated,True,2026-06-23T17:02:00,False,none
547,1,1,2026-06-23T18:00:00,20714.711,39.43,355.393,11016.184,32.19,98,estimated,True,2026-06-23T18:02:00,False,none
548,1,1,2026-06-23T19:00:00,20759.209,44.498,355.393,11016.184,30.22,98,estimated,True,2026-06-23T19:02:00,False,none
549,1,1,2026-06-23T20:00:00,20786.289,27.08,355.393,11016.184,29.68,98,estimated,True,2026-06-23T20:02:00,False,none
550,1,1,2026-06-23T21:00:00,20808.606,22.317,355.393,11016.184,27.0,98,estimated,True,2026-06-23T21:02:00,False,none
551,1,1,2026-06-23T22:00:00,20815.107,6.501,355.393,11016.184,26.15,98,estimated,True,2026-06-23T22:02:00,False,none
552,1,1,2026-06-23T23:00:00,20820.087,4.98,355.393,11016.184,25.91,98,estimated,True,2026-06-23T23:02:00,False,none
553,1,1,2026-06-24T00:00:00,20821.548,1.461,347.808,11016.184,25.02,98,estimated,True,2026-06-24T00:02:00,False,none
554,1,1,2026-06-24T01:00:00,20821.548,0.0,347.808,11016.184,23.91,98,estimated,True,2026-06-24T01:02:00,False,none
555,1,1,2026-06-24T02:00:00,20821.548,0.0,347.808,11016.184,23.07,98,estimated,True,2026-06-24T02:02:00,False,none
556,1,1,2026-06-24T03:00:00,20821.548,0.0,347.808,11016.184,22.7,98,estimated,True,2026-06-24T03:02:00,False,none
557,1,1,2026-06-24T04:00:00,20821.548,0.0,347.808,11016.184,22.82,98,estimated,True,2026-06-24T04:02:00,False,none
558,1,1,2026-06-24T05:00:00,20824.681,3.133,347.808,11016.184,23.74,98,estimated,True,2026-06-24T05:02:00,False,none
559,1,1,2026-06-24T06:00:00,20833.693,9.012,347.808,11016.184,24.83,98,estimated,True,2026-06-24T06:02:00,False,none
560,1,1,2026-06-24T07:00:00,20860.656,26.963,347.808,11016.184,25.1,98,estimated,True,2026-06-24T07:02:00,False,none
561,1,1,2026-06-24T08:00:00,20889.319,28.663,347.808,11016.184,26.31,98,estimated,True,2026-06-24T08:02:00,False,none
562,1,1,2026-06-24T09:00:00,20906.091,16.772,347.808,11016.184,28.22,98,estimated,True,2026-06-24T09:02:00,False,none
563,1,1,2026-06-24T10:00:00,20916.943,10.852,347.808,11016.184,29.33,98,estimated,True,2026-06-24T10:02:00,False,none
564,1,1,2026-06-24T11:00:00,20932.868,15.925,347.808,11016.184,30.26,98,estimated,True,2026-06-24T11:02:00,False,none
565,1,1,2026-06-24T12:00:00,20951.54,18.672,347.808,11016.184,30.9,98,estimated,True,2026-06-24T12:02:00,False,none
566,1,1,2026-06-24T13:00:00,20967.302,15.762,347.808,11016.184,32.32,98,estimated,True,2026-06-24T13:02:00,False,none
567,1,1,2026-06-24T14:00:00,20980.675,13.373,347.808,11016.184,32.92,98,estimated,True,2026-06-24T14:02:00,False,none
568,1,1,2026-06-24T15:00:00,20992.692,12.017,347.808,11016.184,33.05,98,estimated,True,2026-06-24T15:02:00,False,none
569,1,1,2026-06-24T16:00:00,21011.041,18.349,347.808,11016.184,32.88,98,estimated,True,2026-06-24T16:02:00,False,none
570,1,1,2026-06-24T17:00:00,21036.192,25.151,347.808,11016.184,32.35,98,estimated,True,2026-06-24T17:02:00,False,none
571,1,1,2026-06-24T18:00:00,21068.021,31.829,347.808,11016.184,31.25,98,estimated,True,2026-06-24T18:02:00,False,none
572,1,1,2026-06-24T19:00:00,21110.187,42.166,347.808,11016.184,29.94,98,estimated,True,2026-06-24T19:02:00,False,none
573,1,1,2026-06-24T20:00:00,21135.594,25.407,347.808,11016.184,28.79,98,estimated,True,2026-06-24T20:02:00,False,none
574,1,1,2026-06-24T21:00:00,21155.248,19.654,347.808,11016.184,27.71,98,estimated,True,2026-06-24T21:02:00,False,none
575,1,1,2026-06-24T22:00:00,21164.643,9.395,347.808,11016.184,26.59,98,estimated,True,2026-06-24T22:02:00,False,none
576,1,1,2026-06-24T23:00:00,21167.895,3.252,347.808,11016.184,25.23,98,estimated,True,2026-06-24T23:02:00,False,none
577,1,1,2026-06-25T00:00:00,21170.621,2.726,338.256,11016.184,24.11,98,estimated,True,2026-06-25T00:02:00,False,none
578,1,1,2026-06-25T01:00:00,21170.621,0.0,338.256,11016.184,23.17,98,estimated,True,2026-06-25T01:02:00,False,none
579,1,1,2026-06-25T02:00:00,21171.186,0.565,338.256,11016.184,23.01,98,estimated,True,2026-06-25T02:02:00,False,none
580,1,1,2026-06-25T03:00:00,21171.186,0.0,338.256,11016.184,23.0,98,estimated,True,2026-06-25T03:02:00,False,none
581,1,1,2026-06-25T04:00:00,21171.186,0.0,338.256,11016.184,22.53,98,estimated,True,2026-06-25T04:02:00,False,none
582,1,1,2026-06-25T05:00:00,21175.269,4.083,338.256,11016.184,23.61,98,estimated,True,2026-06-25T05:02:00,False,none
583,1,1,2026-06-25T06:00:00,21188.558,13.289,338.256,11016.184,24.12,98,estimated,True,2026-06-25T06:02:00,False,none
584,1,1,2026-06-25T07:00:00,21211.244,22.686,338.256,11016.184,26.15,98,estimated,True,2026-06-25T07:02:00,False,none
585,1,1,2026-06-25T08:00:00,21246.877,35.633,338.256,11016.184,26.91,98,estimated,True,2026-06-25T08:02:00,False,none
586,1,1,2026-06-25T09:00:00,21265.253,18.376,338.256,11016.184,27.83,98,estimated,True,2026-06-25T09:02:00,False,none
587,1,1,2026-06-25T10:00:00,21276.539,11.286,338.256,11016.184,29.04,98,estimated,True,2026-06-25T10:02:00,False,none
588,1,1,2026-06-25T11:00:00,21289.614,13.075,338.256,11016.184,30.22,98,estimated,True,2026-06-25T11:02:00,False,none
589,1,1,2026-06-25T12:00:00,21305.895,16.281,338.256,11016.184,31.53,98,estimated,True,2026-06-25T12:02:00,False,none
590,1,1,2026-06-25T13:00:00,21317.934,12.039,338.256,11016.184,32.4,98,estimated,True,2026-06-25T13:02:00,False,none
591,1,1,2026-06-25T14:00:00,21330.58,12.646,338.256,11016.184,32.94,98,estimated,True,2026-06-25T14:02:00,False,none
592,1,1,2026-06-25T15:00:00,21343.617,13.037,338.256,11016.184,32.18,98,estimated,True,2026-06-25T15:02:00,False,none
593,1,1,2026-06-25T16:00:00,21358.451,14.834,338.256,11016.184,33.3,98,estimated,True,2026-06-25T16:02:00,False,none
594,1,1,2026-06-25T17:00:00,21385.033,26.582,338.256,11016.184,32.98,98,estimated,True,2026-06-25T17:02:00,False,none
595,1,1,2026-06-25T18:00:00,21419.369,34.336,338.256,11016.184,31.23,98,estimated,True,2026-06-25T18:02:00,False,none
596,1,1,2026-06-25T19:00:00,21455.031,35.662,338.256,11016.184,30.7,98,estimated,True,2026-06-25T19:02:00,False,none
597,1,1,2026-06-25T20:00:00,21480.008,24.977,338.256,11016.184,29.49,98,estimated,True,2026-06-25T20:02:00,False,none
598,1,1,2026-06-25T21:00:00,21494.842,14.834,338.256,11016.184,28.05,98,estimated,True,2026-06-25T21:02:00,False,none
599,1,1,2026-06-25T22:00:00,21502.134,7.292,338.256,11016.184,26.64,98,estimated,True,2026-06-25T22:02:00,False,none
600,1,1,2026-06-25T23:00:00,21506.151,4.017,338.256,11016.184,25.18,98,estimated,True,2026-06-25T23:02:00,False,none
601,1,1,2026-06-26T00:00:00,21507.648,1.497,344.473,11016.184,24.84,98,estimated,True,2026-06-26T00:02:00,False,none
602,1,1,2026-06-26T01:00:00,21507.648,0.0,344.473,11016.184,23.17,98,estimated,True,2026-06-26T01:02:00,False,none
603,1,1,2026-06-26T02:00:00,21507.648,0.0,344.473,11016.184,23.14,98,estimated,True,2026-06-26T02:02:00,False,none
604,1,1,2026-06-26T03:00:00,21508.165,0.517,344.473,11016.184,23.87,98,estimated,True,2026-06-26T03:02:00,False,none
605,1,1,2026-06-26T04:00:00,21508.165,0.0,344.473,11016.184,22.9,98,estimated,True,2026-06-26T04:02:00,False,none
606,1,1,2026-06-26T05:00:00,21510.949,2.784,344.473,11016.184,23.89,98,estimated,True,2026-06-26T05:02:00,False,none
607,1,1,2026-06-26T06:00:00,21520.279,9.33,344.473,11016.184,24.09,98,estimated,True,2026-06-26T06:02:00,False,none
608,1,1,2026-06-26T07:00:00,21545.984,25.705,344.473,11016.184,24.7,98,estimated,True,2026-06-26T07:02:00,False,none
609,1,1,2026-06-26T08:00:00,21567.783,21.799,344.473,11016.184,26.2,98,estimated,True,2026-06-26T08:02:00,False,none
610,1,1,2026-06-26T09:00:00,21592.377,24.594,344.473,11016.184,28.09,98,estimated,True,2026-06-26T09:02:00,False,none
611,1,1,2026-06-26T10:00:00,21606.571,14.194,344.473,11016.184,29.23,98,estimated,True,2026-06-26T10:02:00,False,none
612,1,1,2026-06-26T11:00:00,21621.785,15.214,344.473,11016.184,30.47,98,estimated,True,2026-06-26T11:02:00,False,none
613,1,1,2026-06-26T12:00:00,21639.195,17.41,344.473,11016.184,31.84,98,estimated,True,2026-06-26T12:02:00,False,none
614,1,1,2026-06-26T13:00:00,21654.564,15.369,344.473,11016.184,32.38,98,estimated,True,2026-06-26T13:02:00,False,none
615,1,1,2026-06-26T14:00:00,21667.329,12.765,344.473,11016.184,32.5,98,estimated,True,2026-06-26T14:02:00,False,none
616,1,1,2026-06-26T15:00:00,21678.814,11.485,344.473,11016.184,32.87,98,estimated,True,2026-06-26T15:02:00,False,none
617,1,1,2026-06-26T16:00:00,21694.21,15.396,344.473,11016.184,32.98,98,estimated,True,2026-06-26T16:02:00,False,none
618,1,1,2026-06-26T17:00:00,21719.181,24.971,344.473,11016.184,32.28,98,estimated,True,2026-06-26T17:02:00,False,none
619,1,1,2026-06-26T18:00:00,21756.167,36.986,344.473,11016.184,31.91,98,estimated,True,2026-06-26T18:02:00,False,none
620,1,1,2026-06-26T19:00:00,21794.784,38.617,344.473,11016.184,30.43,98,estimated,True,2026-06-26T19:02:00,False,none
621,1,1,2026-06-26T20:00:00,21824.91,30.126,344.473,11016.184,29.79,98,estimated,True,2026-06-26T20:02:00,False,none
622,1,1,2026-06-26T21:00:00,21839.931,15.021,344.473,11016.184,27.94,98,estimated,True,2026-06-26T21:02:00,False,none
623,1,1,2026-06-26T22:00:00,21847.745,7.814,344.473,11016.184,26.22,98,estimated,True,2026-06-26T22:02:00,False,none
624,1,1,2026-06-26T23:00:00,21850.624,2.879,344.473,11016.184,25.2,98,estimated,True,2026-06-26T23:02:00,False,none
625,1,1,2026-06-27T00:00:00,21852.376,1.752,440.559,11016.184,24.37,98,estimated,True,2026-06-27T00:02:00,False,none
626,1,1,2026-06-27T01:00:00,21852.376,0.0,440.559,11016.184,23.52,98,estimated,True,2026-06-27T01:02:00,False,none
627,1,1,2026-06-27T02:00:00,21852.876,0.5,440.559,11016.184,21.9,98,estimated,True,2026-06-27T02:02:00,False,none
628,1,1,2026-06-27T03:00:00,21852.876,0.0,440.559,11016.184,22.4,98,estimated,True,2026-06-27T03:02:00,False,none
629,1,1,2026-06-27T04:00:00,21853.741,0.865,440.559,11016.184,22.66,98,estimated,True,2026-06-27T04:02:00,False,none
630,1,1,2026-06-27T05:00:00,21857.59,3.849,440.559,11016.184,23.47,98,estimated,True,2026-06-27T05:02:00,False,none
631,1,1,2026-06-27T06:00:00,21871.61,14.02,440.559,11016.184,24.41,98,estimated,True,2026-06-27T06:02:00,False,none
632,1,1,2026-06-27T07:00:00,21902.331,30.721,440.559,11016.184,25.14,98,estimated,True,2026-06-27T07:02:00,False,none
633,1,1,2026-06-27T08:00:00,21941.977,39.646,440.559,11016.184,26.43,98,estimated,True,2026-06-27T08:02:00,False,none
634,1,1,2026-06-27T09:00:00,21966.827,24.85,440.559,11016.184,27.95,98,estimated,True,2026-06-27T09:02:00,False,none
635,1,1,2026-06-27T10:00:00,21986.264,19.437,440.559,11016.184,29.35,98,estimated,True,2026-06-27T10:02:00,False,none
636,1,1,2026-06-27T11:00:00,22003.001,16.737,440.559,11016.184,30.76,98,estimated,True,2026-06-27T11:02:00,False,none
637,1,1,2026-06-27T12:00:00,22028.716,25.715,440.559,11016.184,30.4,98,estimated,True,2026-06-27T12:02:00,False,none
638,1,1,2026-06-27T13:00:00,22047.42,18.704,440.559,11016.184,31.66,98,estimated,True,2026-06-27T13:02:00,False,none
639,1,1,2026-06-27T14:00:00,22059.13,11.71,440.559,11016.184,32.24,98,estimated,True,2026-06-27T14:02:00,False,none
640,1,1,2026-06-27T15:00:00,22077.336,18.206,440.559,11016.184,33.1,98,estimated,True,2026-06-27T15:02:00,False,none
641,1,1,2026-06-27T16:00:00,22092.845,15.509,440.559,11016.184,32.48,98,estimated,True,2026-06-27T16:02:00,False,none
642,1,1,2026-06-27T17:00:00,22127.106,34.261,440.559,11016.184,31.99,98,estimated,True,2026-06-27T17:02:00,False,none
643,1,1,2026-06-27T18:00:00,22173.254,46.148,440.559,11016.184,30.83,98,estimated,True,2026-06-27T18:02:00,False,none
644,1,1,2026-06-27T19:00:00,22222.696,49.442,440.559,11016.184,30.38,98,estimated,True,2026-06-27T19:02:00,False,none
645,1,1,2026-06-27T20:00:00,22255.163,32.467,440.559,11016.184,29.22,98,estimated,True,2026-06-27T20:02:00,False,none
646,1,1,2026-06-27T21:00:00,22278.36,23.197,440.559,11016.184,28.36,98,estimated,True,2026-06-27T21:02:00,False,none
647,1,1,2026-06-27T22:00:00,22287.906,9.546,440.559,11016.184,26.58,98,estimated,True,2026-06-27T22:02:00,False,none
648,1,1,2026-06-27T23:00:00,22291.183,3.277,440.559,11016.184,25.2,98,estimated,True,2026-06-27T23:02:00,False,none
649,1,1,2026-06-28T00:00:00,22293.881,2.698,467.347,11016.184,24.2,98,estimated,True,2026-06-28T00:02:00,False,none
650,1,1,2026-06-28T01:00:00,22293.881,0.0,467.347,11016.184,22.93,98,estimated,True,2026-06-28T01:02:00,False,none
651,1,1,2026-06-28T02:00:00,22293.881,0.0,467.347,11016.184,23.09,98,estimated,True,2026-06-28T02:02:00,False,none
652,1,1,2026-06-28T03:00:00,22293.881,0.0,467.347,11016.184,22.54,98,estimated,True,2026-06-28T03:02:00,False,none
653,1,1,2026-06-28T04:00:00,22293.881,0.0,467.347,11016.184,22.33,98,estimated,True,2026-06-28T04:02:00,False,none
654,1,1,2026-06-28T05:00:00,22296.053,2.172,467.347,11016.184,24.34,98,estimated,True,2026-06-28T05:02:00,False,none
655,1,1,2026-06-28T06:00:00,22311.189,15.136,467.347,11016.184,24.57,98,estimated,True,2026-06-28T06:02:00,False,none
656,1,1,2026-06-28T07:00:00,22349.041,37.852,467.347,11016.184,25.82,98,estimated,True,2026-06-28T07:02:00,False,none
657,1,1,2026-06-28T08:00:00,22384.443,35.402,467.347,11016.184,26.52,98,estimated,True,2026-06-28T08:02:00,False,none
658,1,1,2026-06-28T09:00:00,22407.282,22.839,467.347,11016.184,27.99,98,estimated,True,2026-06-28T09:02:00,False,none
659,1,1,2026-06-28T10:00:00,22424.746,17.464,467.347,11016.184,29.9,98,estimated,True,2026-06-28T10:02:00,False,none
660,1,1,2026-06-28T11:00:00,22445.335,20.589,467.347,11016.184,30.16,98,estimated,True,2026-06-28T11:02:00,False,none
661,1,1,2026-06-28T12:00:00,22465.912,20.577,467.347,11016.184,30.8,98,estimated,True,2026-06-28T12:02:00,False,none
662,1,1,2026-06-28T13:00:00,22483.921,18.009,467.347,11016.184,32.61,98,estimated,True,2026-06-28T13:02:00,False,none
663,1,1,2026-06-28T14:00:00,22499.818,15.897,467.347,11016.184,32.22,98,estimated,True,2026-06-28T14:02:00,False,none
664,1,1,2026-06-28T15:00:00,22518.0,18.182,467.347,11016.184,33.28,98,estimated,True,2026-06-28T15:02:00,False,none
665,1,1,2026-06-28T16:00:00,22538.662,20.662,467.347,11016.184,33.03,98,estimated,True,2026-06-28T16:02:00,False,none
666,1,1,2026-06-28T17:00:00,22576.99,38.328,467.347,11016.184,31.57,98,estimated,True,2026-06-28T17:02:00,False,none
667,1,1,2026-06-28T18:00:00,22621.089,44.099,467.347,11016.184,31.21,98,estimated,True,2026-06-28T18:02:00,False,none
668,1,1,2026-06-28T19:00:00,22670.82,49.731,467.347,11016.184,30.84,98,estimated,True,2026-06-28T19:02:00,False,none
669,1,1,2026-06-28T20:00:00,22717.181,46.361,467.347,11016.184,29.28,98,estimated,True,2026-06-28T20:02:00,False,none
670,1,1,2026-06-28T21:00:00,22743.054,25.873,467.347,11016.184,27.55,98,estimated,True,2026-06-28T21:02:00,False,none
671,1,1,2026-06-28T22:00:00,22754.139,11.085,467.347,11016.184,26.53,98,estimated,True,2026-06-28T22:02:00,False,none
672,1,1,2026-06-28T23:00:00,22758.53,4.391,467.347,11016.184,25.92,98,estimated,True,2026-06-28T23:02:00,False,none
673,1,1,2026-06-29T00:00:00,22760.397,1.867,350.622,11016.184,24.39,98,estimated,True,2026-06-29T00:02:00,False,none
674,1,1,2026-06-29T01:00:00,22760.397,0.0,350.622,11016.184,23.23,98,estimated,True,2026-06-29T01:02:00,False,none
675,1,1,2026-06-29T02:00:00,22760.397,0.0,350.622,11016.184,22.64,98,estimated,True,2026-06-29T02:02:00,False,none
676,1,1,2026-06-29T03:00:00,22760.397,0.0,350.622,11016.184,23.53,98,estimated,True,2026-06-29T03:02:00,False,none
677,1,1,2026-06-29T04:00:00,22760.397,0.0,350.622,11016.184,22.69,98,estimated,True,2026-06-29T04:02:00,False,none
678,1,1,2026-06-29T05:00:00,22763.069,2.672,350.622,11016.184,23.5,98,estimated,True,2026-06-29T05:02:00,False,none
679,1,1,2026-06-29T06:00:00,22773.396,10.327,350.622,11016.184,24.52,98,estimated,True,2026-06-29T06:02:00,False,none
680,1,1,2026-06-29T07:00:00,22798.445,25.049,350.622,11016.184,25.14,98,estimated,True,2026-06-29T07:02:00,False,none
681,1,1,2026-06-29T08:00:00,22833.59,35.145,350.622,11016.184,26.32,98,estimated,True,2026-06-29T08:02:00,False,none
682,1,1,2026-06-29T09:00:00,22854.119,20.529,350.622,11016.184,27.91,98,estimated,True,2026-06-29T09:02:00,False,none
683,1,1,2026-06-29T10:00:00,22868.842,14.723,350.622,11016.184,29.27,98,estimated,True,2026-06-29T10:02:00,False,none
684,1,1,2026-06-29T11:00:00,22881.797,12.955,350.622,11016.184,30.28,98,estimated,True,2026-06-29T11:02:00,False,none
685,1,1,2026-06-29T12:00:00,22898.294,16.497,350.622,11016.184,31.4,98,estimated,True,2026-06-29T12:02:00,False,none
686,1,1,2026-06-29T13:00:00,22913.979,15.685,350.622,11016.184,31.83,98,estimated,True,2026-06-29T13:02:00,False,none
687,1,1,2026-06-29T14:00:00,22925.523,11.544,350.622,11016.184,33.03,98,estimated,True,2026-06-29T14:02:00,False,none
688,1,1,2026-06-29T15:00:00,22940.722,15.199,350.622,11016.184,32.83,98,estimated,True,2026-06-29T15:02:00,False,none
689,1,1,2026-06-29T16:00:00,22963.227,22.505,350.622,11016.184,32.63,98,estimated,True,2026-06-29T16:02:00,False,none
690,1,1,2026-06-29T17:00:00,22982.94,19.713,350.622,11016.184,32.27,98,estimated,True,2026-06-29T17:02:00,False,none
691,1,1,2026-06-29T18:00:00,23019.298,36.358,350.622,11016.184,31.55,98,estimated,True,2026-06-29T18:02:00,False,none
692,1,1,2026-06-29T19:00:00,23057.507,38.209,350.622,11016.184,30.72,98,estimated,True,2026-06-29T19:02:00,False,none
693,1,1,2026-06-29T20:00:00,23081.219,23.712,350.622,11016.184,28.95,98,estimated,True,2026-06-29T20:02:00,False,none
694,1,1,2026-06-29T21:00:00,23097.131,15.912,350.622,11016.184,27.63,98,estimated,True,2026-06-29T21:02:00,False,none
695,1,1,2026-06-29T22:00:00,23105.808,8.677,350.622,11016.184,26.18,98,estimated,True,2026-06-29T22:02:00,False,none
696,1,1,2026-06-29T23:00:00,23109.152,3.344,350.622,11016.184,25.88,98,estimated,True,2026-06-29T23:02:00,False,none
697,1,1,2026-06-30T00:00:00,23110.517,1.365,357.032,11016.184,23.58,98,estimated,True,2026-06-30T00:02:00,False,none
698,1,1,2026-06-30T01:00:00,23110.517,0.0,357.032,11016.184,23.74,98,estimated,True,2026-06-30T01:02:00,False,none
699,1,1,2026-06-30T02:00:00,23110.517,0.0,357.032,11016.184,22.19,98,estimated,True,2026-06-30T02:02:00,False,none
700,1,1,2026-06-30T03:00:00,23110.517,0.0,357.032,11016.184,22.88,98,estimated,True,2026-06-30T03:02:00,False,none
701,1,1,2026-06-30T04:00:00,23110.517,0.0,357.032,11016.184,22.44,98,estimated,True,2026-06-30T04:02:00,False,none
702,1,1,2026-06-30T05:00:00,23113.282,2.765,357.032,11016.184,23.35,98,estimated,True,2026-06-30T05:02:00,False,none
703,1,1,2026-06-30T06:00:00,23122.04,8.758,357.032,11016.184,23.49,98,estimated,True,2026-06-30T06:02:00,False,none
704,1,1,2026-06-30T07:00:00,23149.938,27.898,357.032,11016.184,24.48,98,estimated,True,2026-06-30T07:02:00,False,none
705,1,1,2026-06-30T08:00:00,23188.261,38.323,357.032,11016.184,26.08,98,estimated,True,2026-06-30T08:02:00,False,none
706,1,1,2026-06-30T09:00:00,23207.343,19.082,357.032,11016.184,27.37,98,estimated,True,2026-06-30T09:02:00,False,none
707,1,1,2026-06-30T10:00:00,23223.428,16.085,357.032,11016.184,29.51,98,estimated,True,2026-06-30T10:02:00,False,none
708,1,1,2026-06-30T11:00:00,23241.202,17.774,357.032,11016.184,30.92,98,estimated,True,2026-06-30T11:02:00,False,none
709,1,1,2026-06-30T12:00:00,23260.419,19.217,357.032,11016.184,31.54,98,estimated,True,2026-06-30T12:02:00,False,none
710,1,1,2026-06-30T13:00:00,23274.204,13.785,357.032,11016.184,32.24,98,estimated,True,2026-06-30T13:02:00,False,none
711,1,1,2026-06-30T14:00:00,23285.526,11.322,357.032,11016.184,32.1,98,estimated,True,2026-06-30T14:02:00,False,none
712,1,1,2026-06-30T15:00:00,23297.398,11.872,357.032,11016.184,32.53,98,estimated,True,2026-06-30T15:02:00,False,none
713,1,1,2026-06-30T16:00:00,23316.538,19.14,357.032,11016.184,32.7,98,estimated,True,2026-06-30T16:02:00,False,none
714,1,1,2026-06-30T17:00:00,23345.801,29.263,357.032,11016.184,31.96,98,estimated,True,2026-06-30T17:02:00,False,none
715,1,1,2026-06-30T18:00:00,23379.223,33.422,357.032,11016.184,30.67,98,estimated,True,2026-06-30T18:02:00,False,none
716,1,1,2026-06-30T19:00:00,23406.201,26.978,357.032,11016.184,29.81,98,estimated,True,2026-06-30T19:02:00,False,none
717,1,1,2026-06-30T20:00:00,23433.544,27.343,357.032,11016.184,28.86,98,estimated,True,2026-06-30T20:02:00,False,none
718,1,1,2026-06-30T21:00:00,23452.817,19.273,357.032,11016.184,28.2,98,estimated,True,2026-06-30T21:02:00,False,none
719,1,1,2026-06-30T22:00:00,23462.69,9.873,357.032,11016.184,25.89,98,estimated,True,2026-06-30T22:02:00,False,none
720,1,1,2026-06-30T23:00:00,23466.184,3.494,357.032,11016.184,25.58,98,estimated,True,2026-06-30T23:02:00,False,none
721,1,1,2026-07-01T00:00:00,23466.426,0.242,335.841,12942.769,23.84,98,estimated,True,2026-07-01T00:02:00,False,none
722,1,1,2026-07-01T01:00:00,23466.426,0.0,335.841,12942.769,22.99,98,estimated,True,2026-07-01T01:02:00,False,none
723,1,1,2026-07-01T02:00:00,23466.426,0.0,335.841,12942.769,22.13,98,estimated,True,2026-07-01T02:02:00,False,none
724,1,1,2026-07-01T03:00:00,23466.426,0.0,335.841,12942.769,22.52,98,estimated,True,2026-07-01T03:02:00,False,none
725,1,1,2026-07-01T04:00:00,23466.426,0.0,335.841,12942.769,23.05,98,estimated,True,2026-07-01T04:02:00,False,none
726,1,1,2026-07-01T05:00:00,23468.019,1.593,335.841,12942.769,23.34,98,estimated,True,2026-07-01T05:02:00,False,none
727,1,1,2026-07-01T06:00:00,23475.296,7.277,335.841,12942.769,23.46,98,estimated,True,2026-07-01T06:02:00,False,none
728,1,1,2026-07-01T07:00:00,23504.676,29.38,335.841,12942.769,24.95,98,estimated,True,2026-07-01T07:02:00,False,none
729,1,1,2026-07-01T08:00:00,23532.805,28.129,335.841,12942.769,26.83,98,estimated,True,2026-07-01T08:02:00,False,none
730,1,1,2026-07-01T09:00:00,23552.466,19.661,335.841,12942.769,27.22,98,estimated,True,2026-07-01T09:02:00,False,none
731,1,1,2026-07-01T10:00:00,23565.611,13.145,335.841,12942.769,28.36,98,estimated,True,2026-07-01T10:02:00,False,none
732,1,1,2026-07-01T11:00:00,23583.209,17.598,335.841,12942.769,30.27,98,estimated,True,2026-07-01T11:02:00,False,none
733,1,1,2026-07-01T12:00:00,23600.529,17.32,335.841,12942.769,30.96,98,estimated,True,2026-07-01T12:02:00,False,none
734,1,1,2026-07-01T13:00:00,23613.636,13.107,335.841,12942.769,31.44,98,estimated,True,2026-07-01T13:02:00,False,none
735,1,1,2026-07-01T14:00:00,23625.483,11.847,335.841,12942.769,32.2,98,estimated,True,2026-07-01T14:02:00,False,none
736,1,1,2026-07-01T15:00:00,23636.888,11.405,335.841,12942.769,32.83,98,estimated,True,2026-07-01T15:02:00,False,none
737,1,1,2026-07-01T16:00:00,23653.556,16.668,335.841,12942.769,32.89,98,estimated,True,2026-07-01T16:02:00,False,none
738,1,1,2026-07-01T17:00:00,23676.115,22.559,335.841,12942.769,31.79,98,estimated,True,2026-07-01T17:02:00,False,none
739,1,1,2026-07-01T18:00:00,23713.519,37.404,335.841,12942.769,30.03,98,estimated,True,2026-07-01T18:02:00,False,none
740,1,1,2026-07-01T19:00:00,23747.391,33.872,335.841,12942.769,30.26,98,estimated,True,2026-07-01T19:02:00,False,none
741,1,1,2026-07-01T20:00:00,23776.812,29.421,335.841,12942.769,28.78,98,estimated,True,2026-07-01T20:02:00,False,none
742,1,1,2026-07-01T21:00:00,23793.154,16.342,335.841,12942.769,26.84,98,estimated,True,2026-07-01T21:02:00,False,none
743,1,1,2026-07-01T22:00:00,23800.082,6.928,335.841,12942.769,26.49,98,estimated,True,2026-07-01T22:02:00,False,none
744,1,1,2026-07-01T23:00:00,23802.025,1.943,335.841,12942.769,25.08,98,estimated,True,2026-07-01T23:02:00,False,none
745,1,1,2026-07-02T00:00:00,23803.006,0.981,346.281,12942.769,23.97,98,estimated,True,2026-07-02T00:02:00,False,none
746,1,1,2026-07-02T01:00:00,23804.342,1.336,346.281,12942.769,22.34,98,estimated,True,2026-07-02T01:02:00,False,none
747,1,1,2026-07-02T02:00:00,23804.342,0.0,346.281,12942.769,22.32,98,estimated,True,2026-07-02T02:02:00,False,none
748,1,1,2026-07-02T03:00:00,23804.342,0.0,346.281,12942.769,22.4,98,estimated,True,2026-07-02T03:02:00,False,none
749,1,1,2026-07-02T04:00:00,23804.342,0.0,346.281,12942.769,22.37,98,estimated,True,2026-07-02T04:02:00,False,none
750,1,1,2026-07-02T05:00:00,23806.43,2.088,346.281,12942.769,22.65,98,estimated,True,2026-07-02T05:02:00,False,none
751,1,1,2026-07-02T06:00:00,23813.642,7.212,346.281,12942.769,23.35,98,estimated,True,2026-07-02T06:02:00,False,none
752,1,1,2026-07-02T07:00:00,23840.498,26.856,346.281,12942.769,24.99,98,estimated,True,2026-07-02T07:02:00,False,none
753,1,1,2026-07-02T08:00:00,23866.226,25.728,346.281,12942.769,25.08,98,estimated,True,2026-07-02T08:02:00,False,none
754,1,1,2026-07-02T09:00:00,23889.59,23.364,346.281,12942.769,27.56,98,estimated,True,2026-07-02T09:02:00,False,none
755,1,1,2026-07-02T10:00:00,23901.225,11.635,346.281,12942.769,28.62,98,estimated,True,2026-07-02T10:02:00,False,none
756,1,1,2026-07-02T11:00:00,23918.921,17.696,346.281,12942.769,29.74,98,estimated,True,2026-07-02T11:02:00,False,none
757,1,1,2026-07-02T12:00:00,23934.864,15.943,346.281,12942.769,30.59,98,estimated,True,2026-07-02T12:02:00,False,none
758,1,1,2026-07-02T13:00:00,23947.753,12.889,346.281,12942.769,31.45,98,estimated,True,2026-07-02T13:02:00,False,none
759,1,1,2026-07-02T14:00:00,23961.309,13.556,346.281,12942.769,32.19,98,estimated,True,2026-07-02T14:02:00,False,none
760,1,1,2026-07-02T15:00:00,23973.466,12.157,346.281,12942.769,32.45,98,estimated,True,2026-07-02T15:02:00,False,none
761,1,1,2026-07-02T16:00:00,23987.251,13.785,346.281,12942.769,32.03,98,estimated,True,2026-07-02T16:02:00,False,none
762,1,1,2026-07-02T17:00:00,24011.892,24.641,346.281,12942.769,32.0,98,estimated,True,2026-07-02T17:02:00,False,none
763,1,1,2026-07-02T18:00:00,24059.315,47.423,346.281,12942.769,30.78,98,estimated,True,2026-07-02T18:02:00,False,none
764,1,1,2026-07-02T19:00:00,24091.02,31.705,346.281,12942.769,29.94,98,estimated,True,2026-07-02T19:02:00,False,none
765,1,1,2026-07-02T20:00:00,24122.341,31.321,346.281,12942.769,28.44,98,estimated,True,2026-07-02T20:02:00,False,none
766,1,1,2026-07-02T21:00:00,24136.927,14.586,346.281,12942.769,27.36,98,estimated,True,2026-07-02T21:02:00,False,none
767,1,1,2026-07-02T22:00:00,24144.413,7.486,346.281,12942.769,26.39,98,estimated,True,2026-07-02T22:02:00,False,none
768,1,1,2026-07-02T23:00:00,24148.306,3.893,346.281,12942.769,25.57,98,estimated,True,2026-07-02T23:02:00,False,none
769,1,1,2026-07-03T00:00:00,24150.34,2.034,346.478,12942.769,23.44,98,estimated,True,2026-07-03T00:02:00,False,none
770,1,1,2026-07-03T01:00:00,24150.34,0.0,346.478,12942.769,22.85,98,estimated,True,2026-07-03T01:02:00,False,none
771,1,1,2026-07-03T02:00:00,24150.34,0.0,346.478,12942.769,22.72,98,estimated,True,2026-07-03T02:02:00,False,none
772,1,1,2026-07-03T03:00:00,24150.34,0.0,346.478,12942.769,22.02,98,estimated,True,2026-07-03T03:02:00,False,none
773,1,1,2026-07-03T04:00:00,24150.34,0.0,346.478,12942.769,22.44,98,estimated,True,2026-07-03T04:02:00,False,none
774,1,1,2026-07-03T05:00:00,24151.505,1.165,346.478,12942.769,23.65,98,estimated,True,2026-07-03T05:02:00,False,none
775,1,1,2026-07-03T06:00:00,24164.491,12.986,346.478,12942.769,23.63,98,estimated,True,2026-07-03T06:02:00,False,none
776,1,1,2026-07-03T07:00:00,24190.034,25.543,346.478,12942.769,24.62,98,estimated,True,2026-07-03T07:02:00,False,none
777,1,1,2026-07-03T08:00:00,24220.814,30.78,346.478,12942.769,25.43,98,estimated,True,2026-07-03T08:02:00,False,none
778,1,1,2026-07-03T09:00:00,24241.573,20.759,346.478,12942.769,27.08,98,estimated,True,2026-07-03T09:02:00,False,none
779,1,1,2026-07-03T10:00:00,24258.378,16.805,346.478,12942.769,28.92,98,estimated,True,2026-07-03T10:02:00,False,none
780,1,1,2026-07-03T11:00:00,24274.203,15.825,346.478,12942.769,29.88,98,estimated,True,2026-07-03T11:02:00,False,none
781,1,1,2026-07-03T12:00:00,24291.146,16.943,346.478,12942.769,30.77,98,estimated,True,2026-07-03T12:02:00,False,none
782,1,1,2026-07-03T13:00:00,24305.227,14.081,346.478,12942.769,31.62,98,estimated,True,2026-07-03T13:02:00,False,none
783,1,1,2026-07-03T14:00:00,24318.333,13.106,346.478,12942.769,32.05,98,estimated,True,2026-07-03T14:02:00,False,none
784,1,1,2026-07-03T15:00:00,24332.408,14.075,346.478,12942.769,31.75,98,estimated,True,2026-07-03T15:02:00,False,none
785,1,1,2026-07-03T16:00:00,24349.279,16.871,346.478,12942.769,32.51,98,estimated,True,2026-07-03T16:02:00,False,none
786,1,1,2026-07-03T17:00:00,24371.774,22.495,346.478,12942.769,30.63,98,estimated,True,2026-07-03T17:02:00,False,none
787,1,1,2026-07-03T18:00:00,24406.234,34.46,346.478,12942.769,31.21,98,estimated,True,2026-07-03T18:02:00,False,none
788,1,1,2026-07-03T19:00:00,24438.553,32.319,346.478,12942.769,29.25,98,estimated,True,2026-07-03T19:02:00,False,none
789,1,1,2026-07-03T20:00:00,24468.077,29.524,346.478,12942.769,28.78,98,estimated,True,2026-07-03T20:02:00,False,none
790,1,1,2026-07-03T21:00:00,24484.831,16.754,346.478,12942.769,27.06,98,estimated,True,2026-07-03T21:02:00,False,none
791,1,1,2026-07-03T22:00:00,24492.013,7.182,346.478,12942.769,25.7,98,estimated,True,2026-07-03T22:02:00,False,none
792,1,1,2026-07-03T23:00:00,24494.784,2.771,346.478,12942.769,25.3,98,estimated,True,2026-07-03T23:02:00,False,none
793,1,1,2026-07-04T00:00:00,24497.329,2.545,457.226,12942.769,23.92,98,estimated,True,2026-07-04T00:02:00,False,none
794,1,1,2026-07-04T01:00:00,24497.329,0.0,457.226,12942.769,23.04,98,estimated,True,2026-07-04T01:02:00,False,none
795,1,1,2026-07-04T02:00:00,24497.703,0.374,457.226,12942.769,22.16,98,estimated,True,2026-07-04T02:02:00,False,none
796,1,1,2026-07-04T03:00:00,24497.703,0.0,457.226,12942.769,21.5,98,estimated,True,2026-07-04T03:02:00,False,none
797,1,1,2026-07-04T04:00:00,24497.703,0.0,457.226,12942.769,21.98,98,estimated,True,2026-07-04T04:02:00,False,none
798,1,1,2026-07-04T05:00:00,24499.283,1.58,457.226,12942.769,22.99,98,estimated,True,2026-07-04T05:02:00,False,none
799,1,1,2026-07-04T06:00:00,24517.294,18.011,457.226,12942.769,23.49,98,estimated,True,2026-07-04T06:02:00,False,none
800,1,1,2026-07-04T07:00:00,24546.58,29.286,457.226,12942.769,24.07,98,estimated,True,2026-07-04T07:02:00,False,none
801,1,1,2026-07-04T08:00:00,24585.93,39.35,457.226,12942.769,25.88,98,estimated,True,2026-07-04T08:02:00,False,none
802,1,1,2026-07-04T09:00:00,24611.804,25.874,457.226,12942.769,27.11,98,estimated,True,2026-07-04T09:02:00,False,none
803,1,1,2026-07-04T10:00:00,24630.776,18.972,457.226,12942.769,28.52,98,estimated,True,2026-07-04T10:02:00,False,none
804,1,1,2026-07-04T11:00:00,24650.148,19.372,457.226,12942.769,29.64,98,estimated,True,2026-07-04T11:02:00,False,none
805,1,1,2026-07-04T12:00:00,24678.741,28.593,457.226,12942.769,30.78,98,estimated,True,2026-07-04T12:02:00,False,none
806,1,1,2026-07-04T13:00:00,24695.59,16.849,457.226,12942.769,31.25,98,estimated,True,2026-07-04T13:02:00,False,none
807,1,1,2026-07-04T14:00:00,24710.317,14.727,457.226,12942.769,32.25,98,estimated,True,2026-07-04T14:02:00,False,none
808,1,1,2026-07-04T15:00:00,24728.056,17.739,457.226,12942.769,31.1,98,estimated,True,2026-07-04T15:02:00,False,none
809,1,1,2026-07-04T16:00:00,24749.967,21.911,457.226,12942.769,31.59,98,estimated,True,2026-07-04T16:02:00,False,none
810,1,1,2026-07-04T17:00:00,24783.109,33.142,457.226,12942.769,31.44,98,estimated,True,2026-07-04T17:02:00,False,none
811,1,1,2026-07-04T18:00:00,24825.872,42.763,457.226,12942.769,30.79,98,estimated,True,2026-07-04T18:02:00,False,none
812,1,1,2026-07-04T19:00:00,24870.084,44.212,457.226,12942.769,29.68,98,estimated,True,2026-07-04T19:02:00,False,none
813,1,1,2026-07-04T20:00:00,24909.068,38.984,457.226,12942.769,28.56,98,estimated,True,2026-07-04T20:02:00,False,none
814,1,1,2026-07-04T21:00:00,24934.898,25.83,457.226,12942.769,26.6,98,estimated,True,2026-07-04T21:02:00,False,none
815,1,1,2026-07-04T22:00:00,24946.555,11.657,457.226,12942.769,25.46,98,estimated,True,2026-07-04T22:02:00,False,none
816,1,1,2026-07-04T23:00:00,24952.01,5.455,457.226,12942.769,24.62,98,estimated,True,2026-07-04T23:02:00,False,none
817,1,1,2026-07-05T00:00:00,24953.059,1.049,459.958,12942.769,23.15,98,estimated,True,2026-07-05T00:02:00,False,none
818,1,1,2026-07-05T01:00:00,24953.059,0.0,459.958,12942.769,22.44,98,estimated,True,2026-07-05T01:02:00,False,none
819,1,1,2026-07-05T02:00:00,24953.059,0.0,459.958,12942.769,21.31,98,estimated,True,2026-07-05T02:02:00,False,none
820,1,1,2026-07-05T03:00:00,24953.059,0.0,459.958,12942.769,22.16,98,estimated,True,2026-07-05T03:02:00,False,none
821,1,1,2026-07-05T04:00:00,24953.071,0.012,459.958,12942.769,22.24,98,estimated,True,2026-07-05T04:02:00,False,none
822,1,1,2026-07-05T05:00:00,24956.657,3.586,459.958,12942.769,22.48,98,estimated,True,2026-07-05T05:02:00,False,none
823,1,1,2026-07-05T06:00:00,24971.686,15.029,459.958,12942.769,22.87,98,estimated,True,2026-07-05T06:02:00,False,none
824,1,1,2026-07-05T07:00:00,25005.481,33.795,459.958,12942.769,24.67,98,estimated,True,2026-07-05T07:02:00,False,none
825,1,1,2026-07-05T08:00:00,25048.628,43.147,459.958,12942.769,25.56,98,estimated,True,2026-07-05T08:02:00,False,none
826,1,1,2026-07-05T09:00:00,25074.482,25.854,459.958,12942.769,25.7,98,estimated,True,2026-07-05T09:02:00,False,none
827,1,1,2026-07-05T10:00:00,25087.37,12.888,459.958,12942.769,27.81,98,estimated,True,2026-07-05T10:02:00,False,none
828,1,1,2026-07-05T11:00:00,25110.539,23.169,459.958,12942.769,29.48,98,estimated,True,2026-07-05T11:02:00,False,none
829,1,1,2026-07-05T12:00:00,25136.239,25.7,459.958,12942.769,30.26,98,estimated,True,2026-07-05T12:02:00,False,none
830,1,1,2026-07-05T13:00:00,25158.53,22.291,459.958,12942.769,31.75,98,estimated,True,2026-07-05T13:02:00,False,none
831,1,1,2026-07-05T14:00:00,25174.807,16.277,459.958,12942.769,32.26,98,estimated,True,2026-07-05T14:02:00,False,none
832,1,1,2026-07-05T15:00:00,25187.981,13.174,459.958,12942.769,31.81,98,estimated,True,2026-07-05T15:02:00,False,none
833,1,1,2026-07-05T16:00:00,25207.862,19.881,459.958,12942.769,31.51,98,estimated,True,2026-07-05T16:02:00,False,none
834,1,1,2026-07-05T17:00:00,25239.888,32.026,459.958,12942.769,31.98,98,estimated,True,2026-07-05T17:02:00,False,none
835,1,1,2026-07-05T18:00:00,25287.618,47.73,459.958,12942.769,30.36,98,estimated,True,2026-07-05T18:02:00,False,none
836,1,1,2026-07-05T19:00:00,25342.144,54.526,459.958,12942.769,29.3,98,estimated,True,2026-07-05T19:02:00,False,none
837,1,1,2026-07-05T20:00:00,25378.772,36.628,459.958,12942.769,27.82,98,estimated,True,2026-07-05T20:02:00,False,none
838,1,1,2026-07-05T21:00:00,25397.958,19.186,459.958,12942.769,26.48,98,estimated,True,2026-07-05T21:02:00,False,none
839,1,1,2026-07-05T22:00:00,25408.537,10.579,459.958,12942.769,25.24,98,estimated,True,2026-07-05T22:02:00,False,none
840,1,1,2026-07-05T23:00:00,25411.968,3.431,459.958,12942.769,24.11,98,estimated,True,2026-07-05T23:02:00,False,none
841,1,1,2026-07-06T00:00:00,25412.911,0.943,322.44,12942.769,22.47,98,estimated,True,2026-07-06T00:02:00,False,none
842,1,1,2026-07-06T01:00:00,25412.911,0.0,322.44,12942.769,21.64,98,estimated,True,2026-07-06T01:02:00,False,none
843,1,1,2026-07-06T02:00:00,25413.118,0.207,322.44,12942.769,21.66,98,estimated,True,2026-07-06T02:02:00,False,none
844,1,1,2026-07-06T03:00:00,25413.118,0.0,322.44,12942.769,21.45,98,estimated,True,2026-07-06T03:02:00,False,none
845,1,1,2026-07-06T04:00:00,25413.118,0.0,322.44,12942.769,21.93,98,estimated,True,2026-07-06T04:02:00,False,none
846,1,1,2026-07-06T05:00:00,25415.674,2.556,322.44,12942.769,22.18,98,estimated,True,2026-07-06T05:02:00,False,none
847,1,1,2026-07-06T06:00:00,25425.776,10.102,322.44,12942.769,23.12,98,estimated,True,2026-07-06T06:02:00,False,none
848,1,1,2026-07-06T07:00:00,25447.689,21.913,322.44,12942.769,23.94,98,estimated,True,2026-07-06T07:02:00,False,none
849,1,1,2026-07-06T08:00:00,25477.039,29.35,322.44,12942.769,25.71,98,estimated,True,2026-07-06T08:02:00,False,none
850,1,1,2026-07-06T09:00:00,25495.557,18.518,322.44,12942.769,27.33,98,estimated,True,2026-07-06T09:02:00,False,none
851,1,1,2026-07-06T10:00:00,25505.784,10.227,322.44,12942.769,27.58,98,estimated,True,2026-07-06T10:02:00,False,none
852,1,1,2026-07-06T11:00:00,25517.768,11.984,322.44,12942.769,28.35,98,estimated,True,2026-07-06T11:02:00,False,none
853,1,1,2026-07-06T12:00:00,25536.349,18.581,322.44,12942.769,30.21,98,estimated,True,2026-07-06T12:02:00,False,none
854,1,1,2026-07-06T13:00:00,25552.123,15.774,322.44,12942.769,30.27,98,estimated,True,2026-07-06T13:02:00,False,none
855,1,1,2026-07-06T14:00:00,25563.466,11.343,322.44,12942.769,31.21,98,estimated,True,2026-07-06T14:02:00,False,none
856,1,1,2026-07-06T15:00:00,25577.295,13.829,322.44,12942.769,32.22,98,estimated,True,2026-07-06T15:02:00,False,none
857,1,1,2026-07-06T16:00:00,25592.249,14.954,322.44,12942.769,31.29,98,estimated,True,2026-07-06T16:02:00,False,none
858,1,1,2026-07-06T17:00:00,25614.181,21.932,322.44,12942.769,30.04,98,estimated,True,2026-07-06T17:02:00,False,none
859,1,1,2026-07-06T18:00:00,25643.986,29.805,322.44,12942.769,30.02,98,estimated,True,2026-07-06T18:02:00,False,none
860,1,1,2026-07-06T19:00:00,25678.557,34.571,322.44,12942.769,29.02,98,estimated,True,2026-07-06T19:02:00,False,none
861,1,1,2026-07-06T20:00:00,25703.618,25.061,322.44,12942.769,27.78,98,estimated,True,2026-07-06T20:02:00,False,none
862,1,1,2026-07-06T21:00:00,25721.921,18.303,322.44,12942.769,26.64,98,estimated,True,2026-07-06T21:02:00,False,none
863,1,1,2026-07-06T22:00:00,25731.364,9.443,322.44,12942.769,24.84,98,estimated,True,2026-07-06T22:02:00,False,none
864,1,1,2026-07-06T23:00:00,25734.408,3.044,322.44,12942.769,24.03,98,estimated,True,2026-07-06T23:02:00,False,none
865,1,1,2026-07-07T00:00:00,25735.604,1.196,344.482,12942.769,23.1,98,estimated,True,2026-07-07T00:02:00,False,none
866,1,1,2026-07-07T01:00:00,25735.604,0.0,344.482,12942.769,22.4,98,estimated,True,2026-07-07T01:02:00,False,none
867,1,1,2026-07-07T02:00:00,25735.604,0.0,344.482,12942.769,21.54,98,estimated,True,2026-07-07T02:02:00,False,none
868,1,1,2026-07-07T03:00:00,25735.604,0.0,344.482,12942.769,21.34,98,estimated,True,2026-07-07T03:02:00,False,none
869,1,1,2026-07-07T04:00:00,25735.619,0.015,344.482,12942.769,22.59,98,estimated,True,2026-07-07T04:02:00,False,none
870,1,1,2026-07-07T05:00:00,25736.816,1.197,344.482,12942.769,22.08,98,estimated,True,2026-07-07T05:02:00,False,none
871,1,1,2026-07-07T06:00:00,25746.766,9.95,344.482,12942.769,23.32,98,estimated,True,2026-07-07T06:02:00,False,none
872,1,1,2026-07-07T07:00:00,25772.236,25.47,344.482,12942.769,24.24,98,estimated,True,2026-07-07T07:02:00,False,none
873,1,1,2026-07-07T08:00:00,25807.748,35.512,344.482,12942.769,24.8,98,estimated,True,2026-07-07T08:02:00,False,none
874,1,1,2026-07-07T09:00:00,25827.923,20.175,344.482,12942.769,25.87,98,estimated,True,2026-07-07T09:02:00,False,none
875,1,1,2026-07-07T10:00:00,25839.519,11.596,344.482,12942.769,28.05,98,estimated,True,2026-07-07T10:02:00,False,none
876,1,1,2026-07-07T11:00:00,25854.163,14.644,344.482,12942.769,29.41,98,estimated,True,2026-07-07T11:02:00,False,none
877,1,1,2026-07-07T12:00:00,25872.152,17.989,344.482,12942.769,30.0,98,estimated,True,2026-07-07T12:02:00,False,none
878,1,1,2026-07-07T13:00:00,25887.886,15.734,344.482,12942.769,30.63,98,estimated,True,2026-07-07T13:02:00,False,none
879,1,1,2026-07-07T14:00:00,25896.74,8.854,344.482,12942.769,31.5,98,estimated,True,2026-07-07T14:02:00,False,none
880,1,1,2026-07-07T15:00:00,25906.673,9.933,344.482,12942.769,31.87,98,estimated,True,2026-07-07T15:02:00,False,none
881,1,1,2026-07-07T16:00:00,25925.784,19.111,344.482,12942.769,31.59,98,estimated,True,2026-07-07T16:02:00,False,none
882,1,1,2026-07-07T17:00:00,25948.688,22.904,344.482,12942.769,30.24,98,estimated,True,2026-07-07T17:02:00,False,none
883,1,1,2026-07-07T18:00:00,25981.273,32.585,344.482,12942.769,29.44,98,estimated,True,2026-07-07T18:02:00,False,none
884,1,1,2026-07-07T19:00:00,26018.528,37.255,344.482,12942.769,28.73,98,estimated,True,2026-07-07T19:02:00,False,none
885,1,1,2026-07-07T20:00:00,26050.5,31.972,344.482,12942.769,28.17,98,estimated,True,2026-07-07T20:02:00,False,none
886,1,1,2026-07-07T21:00:00,26067.274,16.774,344.482,12942.769,26.13,98,estimated,True,2026-07-07T21:02:00,False,none
887,1,1,2026-07-07T22:00:00,26074.569,7.295,344.482,12942.769,24.38,98,estimated,True,2026-07-07T22:02:00,False,none
888,1,1,2026-07-07T23:00:00,26078.89,4.321,344.482,12942.769,24.24,98,estimated,True,2026-07-07T23:02:00,False,none
889,1,1,2026-07-08T00:00:00,26079.426,0.536,337.411,12942.769,22.09,98,estimated,True,2026-07-08T00:02:00,False,none
890,1,1,2026-07-08T01:00:00,26079.426,0.0,337.411,12942.769,21.78,98,estimated,True,2026-07-08T01:02:00,False,none
891,1,1,2026-07-08T02:00:00,26079.426,0.0,337.411,12942.769,21.27,98,estimated,True,2026-07-08T02:02:00,False,none
892,1,1,2026-07-08T03:00:00,26079.426,0.0,337.411,12942.769,21.34,98,estimated,True,2026-07-08T03:02:00,False,none
893,1,1,2026-07-08T04:00:00,26079.54,0.114,337.411,12942.769,20.85,98,estimated,True,2026-07-08T04:02:00,False,none
894,1,1,2026-07-08T05:00:00,26082.838,3.298,337.411,12942.769,21.69,98,estimated,True,2026-07-08T05:02:00,False,none
895,1,1,2026-07-08T06:00:00,26093.549,10.711,337.411,12942.769,22.81,98,estimated,True,2026-07-08T06:02:00,False,none
896,1,1,2026-07-08T07:00:00,26116.806,23.257,337.411,12942.769,23.9,98,estimated,True,2026-07-08T07:02:00,False,none
897,1,1,2026-07-08T08:00:00,26147.38,30.574,337.411,12942.769,25.29,98,estimated,True,2026-07-08T08:02:00,False,none
898,1,1,2026-07-08T09:00:00,26166.558,19.178,337.411,12942.769,26.08,98,estimated,True,2026-07-08T09:02:00,False,none
899,1,1,2026-07-08T10:00:00,26177.199,10.641,337.411,12942.769,26.79,98,estimated,True,2026-07-08T10:02:00,False,none
900,1,1,2026-07-08T11:00:00,26192.19,14.991,337.411,12942.769,28.14,98,estimated,True,2026-07-08T11:02:00,False,none
901,1,1,2026-07-08T12:00:00,26214.448,22.258,337.411,12942.769,30.35,98,estimated,True,2026-07-08T12:02:00,False,none
902,1,1,2026-07-08T13:00:00,26229.671,15.223,337.411,12942.769,30.71,98,estimated,True,2026-07-08T13:02:00,False,none
903,1,1,2026-07-08T14:00:00,26239.907,10.236,337.411,12942.769,30.23,98,estimated,True,2026-07-08T14:02:00,False,none
904,1,1,2026-07-08T15:00:00,26251.171,11.264,337.411,12942.769,30.8,98,estimated,True,2026-07-08T15:02:00,False,none
905,1,1,2026-07-08T16:00:00,26266.85,15.679,337.411,12942.769,30.88,98,estimated,True,2026-07-08T16:02:00,False,none
906,1,1,2026-07-08T17:00:00,26292.824,25.974,337.411,12942.769,29.66,98,estimated,True,2026-07-08T17:02:00,False,none
907,1,1,2026-07-08T18:00:00,26327.096,34.272,337.411,12942.769,29.23,98,estimated,True,2026-07-08T18:02:00,False,none
908,1,1,2026-07-08T19:00:00,26357.819,30.723,337.411,12942.769,29.45,98,estimated,True,2026-07-08T19:02:00,False,none
909,1,1,2026-07-08T20:00:00,26383.368,25.549,337.411,12942.769,26.4,98,estimated,True,2026-07-08T20:02:00,False,none
910,1,1,2026-07-08T21:00:00,26404.8,21.432,337.411,12942.769,26.56,98,estimated,True,2026-07-08T21:02:00,False,none
911,1,1,2026-07-08T22:00:00,26413.357,8.557,337.411,12942.769,24.33,98,estimated,True,2026-07-08T22:02:00,False,none
912,1,1,2026-07-08T23:00:00,26416.301,2.944,337.411,12942.769,23.43,98,estimated,True,2026-07-08T23:02:00,False,none
913,1,1,2026-07-09T00:00:00,26416.301,0.0,342.19,12942.769,23.4,98,estimated,True,2026-07-09T00:02:00,False,none
914,1,1,2026-07-09T01:00:00,26416.301,0.0,342.19,12942.769,21.65,98,estimated,True,2026-07-09T01:02:00,False,none
915,1,1,2026-07-09T02:00:00,26416.301,0.0,342.19,12942.769,20.9,98,estimated,True,2026-07-09T02:02:00,False,none
916,1,1,2026-07-09T03:00:00,26416.301,0.0,342.19,12942.769,21.13,98,estimated,True,2026-07-09T03:02:00,False,none
917,1,1,2026-07-09T04:00:00,26416.301,0.0,342.19,12942.769,21.0,98,estimated,True,2026-07-09T04:02:00,False,none
918,1,1,2026-07-09T05:00:00,26418.279,1.978,342.19,12942.769,22.0,98,estimated,True,2026-07-09T05:02:00,False,none
919,1,1,2026-07-09T06:00:00,26431.065,12.786,342.19,12942.769,21.63,98,estimated,True,2026-07-09T06:02:00,False,none
920,1,1,2026-07-09T07:00:00,26453.392,22.327,342.19,12942.769,23.02,98,estimated,True,2026-07-09T07:02:00,False,none
921,1,1,2026-07-09T08:00:00,26487.496,34.104,342.19,12942.769,24.35,98,estimated,True,2026-07-09T08:02:00,False,none
922,1,1,2026-07-09T09:00:00,26512.509,25.013,342.19,12942.769,25.02,98,estimated,True,2026-07-09T09:02:00,False,none
923,1,1,2026-07-09T10:00:00,26525.343,12.834,342.19,12942.769,27.59,98,estimated,True,2026-07-09T10:02:00,False,none
924,1,1,2026-07-09T11:00:00,26540.65,15.307,342.19,12942.769,28.36,98,estimated,True,2026-07-09T11:02:00,False,none
925,1,1,2026-07-09T12:00:00,26559.312,18.662,342.19,12942.769,29.62,98,estimated,True,2026-07-09T12:02:00,False,none
926,1,1,2026-07-09T13:00:00,26573.752,14.44,342.19,12942.769,30.43,98,estimated,True,2026-07-09T13:02:00,False,none
927,1,1,2026-07-09T14:00:00,26584.581,10.829,342.19,12942.769,30.63,98,estimated,True,2026-07-09T14:02:00,False,none
928,1,1,2026-07-09T15:00:00,26598.407,13.826,342.19,12942.769,30.8,98,estimated,True,2026-07-09T15:02:00,False,none
929,1,1,2026-07-09T16:00:00,26609.175,10.768,342.19,12942.769,30.94,98,estimated,True,2026-07-09T16:02:00,False,none
930,1,1,2026-07-09T17:00:00,26633.935,24.76,342.19,12942.769,30.47,98,estimated,True,2026-07-09T17:02:00,False,none
931,1,1,2026-07-09T18:00:00,26665.805,31.87,342.19,12942.769,29.41,98,estimated,True,2026-07-09T18:02:00,False,none
932,1,1,2026-07-09T19:00:00,26703.818,38.013,342.19,12942.769,28.83,98,estimated,True,2026-07-09T19:02:00,False,none
933,1,1,2026-07-09T20:00:00,26731.82,28.002,342.19,12942.769,26.86,98,estimated,True,2026-07-09T20:02:00,False,none
934,1,1,2026-07-09T21:00:00,26746.14,14.32,342.19,12942.769,25.49,98,estimated,True,2026-07-09T21:02:00,False,none
935,1,1,2026-07-09T22:00:00,26755.052,8.912,342.19,12942.769,24.33,98,estimated,True,2026-07-09T22:02:00,False,none
936,1,1,2026-07-09T23:00:00,26758.491,3.439,342.19,12942.769,23.76,98,estimated,True,2026-07-09T23:02:00,False,none
937,1,1,2026-07-10T00:00:00,26759.913,1.422,323.955,12942.769,22.38,98,estimated,True,2026-07-10T00:02:00,False,none
938,1,1,2026-07-10T01:00:00,26759.913,0.0,323.955,12942.769,21.04,98,estimated,True,2026-07-10T01:02:00,False,none
939,1,1,2026-07-10T02:00:00,26759.913,0.0,323.955,12942.769,21.08,98,estimated,True,2026-07-10T02:02:00,False,none
940,1,1,2026-07-10T03:00:00,26760.971,1.058,323.955,12942.769,20.77,98,estimated,True,2026-07-10T03:02:00,False,none
941,1,1,2026-07-10T04:00:00,26760.971,0.0,323.955,12942.769,20.47,98,estimated,True,2026-07-10T04:02:00,False,none
942,1,1,2026-07-10T05:00:00,26762.874,1.903,323.955,12942.769,21.03,98,estimated,True,2026-07-10T05:02:00,False,none
943,1,1,2026-07-10T06:00:00,26773.568,10.694,323.955,12942.769,21.77,98,estimated,True,2026-07-10T06:02:00,False,none
944,1,1,2026-07-10T07:00:00,26798.416,24.848,323.955,12942.769,22.37,98,estimated,True,2026-07-10T07:02:00,False,none
945,1,1,2026-07-10T08:00:00,26824.821,26.405,323.955,12942.769,24.33,98,estimated,True,2026-07-10T08:02:00,False,none
946,1,1,2026-07-10T09:00:00,26845.036,20.215,323.955,12942.769,25.89,98,estimated,True,2026-07-10T09:02:00,False,none
947,1,1,2026-07-10T10:00:00,26856.103,11.067,323.955,12942.769,26.28,98,estimated,True,2026-07-10T10:02:00,False,none
948,1,1,2026-07-10T11:00:00,26869.098,12.995,323.955,12942.769,27.82,98,estimated,True,2026-07-10T11:02:00,False,none
949,1,1,2026-07-10T12:00:00,26885.975,16.877,323.955,12942.769,29.49,98,estimated,True,2026-07-10T12:02:00,False,none
950,1,1,2026-07-10T13:00:00,26896.71,10.735,323.955,12942.769,29.85,98,estimated,True,2026-07-10T13:02:00,False,none
951,1,1,2026-07-10T14:00:00,26906.113,9.403,323.955,12942.769,30.71,98,estimated,True,2026-07-10T14:02:00,False,none
952,1,1,2026-07-10T15:00:00,26918.654,12.541,323.955,12942.769,30.65,98,estimated,True,2026-07-10T15:02:00,False,none
953,1,1,2026-07-10T16:00:00,26932.694,14.04,323.955,12942.769,31.0,98,estimated,True,2026-07-10T16:02:00,False,none
954,1,1,2026-07-10T17:00:00,26956.641,23.947,323.955,12942.769,28.75,98,estimated,True,2026-07-10T17:02:00,False,none
955,1,1,2026-07-10T18:00:00,26995.377,38.736,323.955,12942.769,29.88,98,estimated,True,2026-07-10T18:02:00,False,none
956,1,1,2026-07-10T19:00:00,27027.118,31.741,323.955,12942.769,28.21,98,estimated,True,2026-07-10T19:02:00,False,none
957,1,1,2026-07-10T20:00:00,27050.873,23.755,323.955,12942.769,27.24,98,estimated,True,2026-07-10T20:02:00,False,none
958,1,1,2026-07-10T21:00:00,27069.075,18.202,323.955,12942.769,25.82,98,estimated,True,2026-07-10T21:02:00,False,none
959,1,1,2026-07-10T22:00:00,27079.825,10.75,323.955,12942.769,24.76,98,estimated,True,2026-07-10T22:02:00,False,none
960,1,1,2026-07-10T23:00:00,27082.446,2.621,323.955,12942.769,23.28,98,estimated,True,2026-07-10T23:02:00,False,none
961,1,1,2026-07-11T00:00:00,27082.446,0.0,425.429,12942.769,21.82,98,estimated,True,2026-07-11T00:02:00,False,none
962,1,1,2026-07-11T01:00:00,27082.446,0.0,425.429,12942.769,20.76,98,estimated,True,2026-07-11T01:02:00,False,none
963,1,1,2026-07-11T02:00:00,27082.446,0.0,425.429,12942.769,20.29,98,estimated,True,2026-07-11T02:02:00,False,none
964,1,1,2026-07-11T03:00:00,27082.446,0.0,425.429,12942.769,20.24,98,estimated,True,2026-07-11T03:02:00,False,none
965,1,1,2026-07-11T04:00:00,27083.878,1.432,425.429,12942.769,20.2,98,estimated,True,2026-07-11T04:02:00,False,none
966,1,1,2026-07-11T05:00:00,27085.879,2.001,425.429,12942.769,20.5,98,estimated,True,2026-07-11T05:02:00,False,none
967,1,1,2026-07-11T06:00:00,27102.023,16.144,425.429,12942.769,21.64,98,estimated,True,2026-07-11T06:02:00,False,none
968,1,1,2026-07-11T07:00:00,27134.642,32.619,425.429,12942.769,22.97,98,estimated,True,2026-07-11T07:02:00,False,none
969,1,1,2026-07-11T08:00:00,27172.527,37.885,425.429,12942.769,24.41,98,estimated,True,2026-07-11T08:02:00,False,none
970,1,1,2026-07-11T09:00:00,27196.14,23.613,425.429,12942.769,25.52,98,estimated,True,2026-07-11T09:02:00,False,none
971,1,1,2026-07-11T10:00:00,27211.193,15.053,425.429,12942.769,26.77,98,estimated,True,2026-07-11T10:02:00,False,none
972,1,1,2026-07-11T11:00:00,27229.815,18.622,425.429,12942.769,26.89,98,estimated,True,2026-07-11T11:02:00,False,none
973,1,1,2026-07-11T12:00:00,27255.068,25.253,425.429,12942.769,29.47,98,estimated,True,2026-07-11T12:02:00,False,none
974,1,1,2026-07-11T13:00:00,27276.515,21.447,425.429,12942.769,30.08,98,estimated,True,2026-07-11T13:02:00,False,none
975,1,1,2026-07-11T14:00:00,27291.263,14.748,425.429,12942.769,30.23,98,estimated,True,2026-07-11T14:02:00,False,none
976,1,1,2026-07-11T15:00:00,27306.478,15.215,425.429,12942.769,30.12,98,estimated,True,2026-07-11T15:02:00,False,none
977,1,1,2026-07-11T16:00:00,27331.305,24.827,425.429,12942.769,30.44,98,estimated,True,2026-07-11T16:02:00,False,none
978,1,1,2026-07-11T17:00:00,27360.961,29.656,425.429,12942.769,29.64,98,estimated,True,2026-07-11T17:02:00,False,none
979,1,1,2026-07-11T18:00:00,27407.669,46.708,425.429,12942.769,28.9,98,estimated,True,2026-07-11T18:02:00,False,none
980,1,1,2026-07-11T19:00:00,27439.256,31.587,425.429,12942.769,27.29,98,estimated,True,2026-07-11T19:02:00,False,none
981,1,1,2026-07-11T20:00:00,27468.992,29.736,425.429,12942.769,26.44,98,estimated,True,2026-07-11T20:02:00,False,none
982,1,1,2026-07-11T21:00:00,27491.172,22.18,425.429,12942.769,25.16,98,estimated,True,2026-07-11T21:02:00,False,none
983,1,1,2026-07-11T22:00:00,27503.65,12.478,425.429,12942.769,23.89,98,estimated,True,2026-07-11T22:02:00,False,none
984,1,1,2026-07-11T23:00:00,27507.875,4.225,425.429,12942.769,23.0,98,estimated,True,2026-07-11T23:02:00,False,none
985,1,1,2026-07-12T00:00:00,27508.292,0.417,432.234,12942.769,21.82,98,estimated,True,2026-07-12T00:02:00,False,none
986,1,1,2026-07-12T01:00:00,27508.292,0.0,432.234,12942.769,21.19,98,estimated,True,2026-07-12T01:02:00,False,none
987,1,1,2026-07-12T02:00:00,27508.292,0.0,432.234,12942.769,20.66,98,estimated,True,2026-07-12T02:02:00,False,none
988,1,1,2026-07-12T03:00:00,27508.292,0.0,432.234,12942.769,20.25,98,estimated,True,2026-07-12T03:02:00,False,none
989,1,1,2026-07-12T04:00:00,27508.292,0.0,432.234,12942.769,20.7,98,estimated,True,2026-07-12T04:02:00,False,none
990,1,1,2026-07-12T05:00:00,27511.459,3.167,432.234,12942.769,20.41,98,estimated,True,2026-07-12T05:02:00,False,none
991,1,1,2026-07-12T06:00:00,27527.128,15.669,432.234,12942.769,21.44,98,estimated,True,2026-07-12T06:02:00,False,none
992,1,1,2026-07-12T07:00:00,27558.384,31.256,432.234,12942.769,22.38,98,estimated,True,2026-07-12T07:02:00,False,none
993,1,1,2026-07-12T08:00:00,27592.271,33.887,432.234,12942.769,23.82,98,estimated,True,2026-07-12T08:02:00,False,none
994,1,1,2026-07-12T09:00:00,27614.707,22.436,432.234,12942.769,25.4,98,estimated,True,2026-07-12T09:02:00,False,none
995,1,1,2026-07-12T10:00:00,27628.831,14.124,432.234,12942.769,26.31,98,estimated,True,2026-07-12T10:02:00,False,none
996,1,1,2026-07-12T11:00:00,27647.211,18.38,432.234,12942.769,26.58,98,estimated,True,2026-07-12T11:02:00,False,none
997,1,1,2026-07-12T12:00:00,27672.139,24.928,432.234,12942.769,29.6,98,estimated,True,2026-07-12T12:02:00,False,none
998,1,1,2026-07-12T13:00:00,27690.006,17.867,432.234,12942.769,29.42,98,estimated,True,2026-07-12T13:02:00,False,none
999,1,1,2026-07-12T14:00:00,27705.276,15.27,432.234,12942.769,29.94,98,estimated,True,2026-07-12T14:02:00,False,none
1000,1,1,2026-07-12T15:00:00,27723.043,17.767,432.234,12942.769,29.63,98,estimated,True,2026-07-12T15:02:00,False,none
1001,1,1,2026-07-12T16:00:00,27746.511,23.468,432.234,12942.769,30.22,98,estimated,True,2026-07-12T16:02:00,False,none
1002,1,1,2026-07-12T17:00:00,27777.917,31.406,432.234,12942.769,29.61,98,estimated,True,2026-07-12T17:02:00,False,none
1003,1,1,2026-07-12T18:00:00,27824.584,46.667,432.234,12942.769,28.91,98,estimated,True,2026-07-12T18:02:00,False,none
1004,1,1,2026-07-12T19:00:00,27865.319,40.735,432.234,12942.769,27.46,98,estimated,True,2026-07-12T19:02:00,False,none
1005,1,1,2026-07-12T20:00:00,27906.634,41.315,432.234,12942.769,26.44,98,estimated,True,2026-07-12T20:02:00,False,none
1006,1,1,2026-07-12T21:00:00,27925.238,18.604,432.234,12942.769,24.61,98,estimated,True,2026-07-12T21:02:00,False,none
1007,1,1,2026-07-12T22:00:00,27935.929,10.691,432.234,12942.769,23.87,98,estimated,True,2026-07-12T22:02:00,False,none
1008,1,1,2026-07-12T23:00:00,27940.109,4.18,432.234,12942.769,22.67,98,estimated,True,2026-07-12T23:02:00,False,none
1009,1,1,2026-07-13T00:00:00,27957.209,17.1,710.366,12942.769,21.21,85,estimated,True,2026-07-13T00:02:00,True,leak
1010,1,1,2026-07-13T01:00:00,27972.066,14.857,710.366,12942.769,20.17,85,estimated,True,2026-07-13T01:02:00,True,leak
1011,1,1,2026-07-13T02:00:00,27988.587,16.521,710.366,12942.769,19.72,85,estimated,True,2026-07-13T02:02:00,True,leak
1012,1,1,2026-07-13T03:00:00,28004.471,15.884,710.366,12942.769,19.92,85,estimated,True,2026-07-13T03:02:00,True,leak
1013,1,1,2026-07-13T04:00:00,28019.86,15.389,710.366,12942.769,20.14,85,estimated,True,2026-07-13T04:02:00,True,leak
1014,1,1,2026-07-13T05:00:00,28039.918,20.058,710.366,12942.769,20.6,85,estimated,True,2026-07-13T05:02:00,True,leak
1015,1,1,2026-07-13T06:00:00,28065.359,25.441,710.366,12942.769,21.93,85,estimated,True,2026-07-13T06:02:00,True,leak
1016,1,1,2026-07-13T07:00:00,28105.873,40.514,710.366,12942.769,21.83,85,estimated,True,2026-07-13T07:02:00,True,leak
1017,1,1,2026-07-13T08:00:00,28151.061,45.188,710.366,12942.769,23.93,85,estimated,True,2026-07-13T08:02:00,True,leak
1018,1,1,2026-07-13T09:00:00,28186.0,34.939,710.366,12942.769,24.89,85,estimated,True,2026-07-13T09:02:00,True,leak
1019,1,1,2026-07-13T10:00:00,28216.906,30.906,710.366,12942.769,25.48,85,estimated,True,2026-07-13T10:02:00,True,leak
1020,1,1,2026-07-13T11:00:00,28247.226,30.32,710.366,12942.769,27.33,85,estimated,True,2026-07-13T11:02:00,True,leak
1021,1,1,2026-07-13T12:00:00,28281.192,33.966,710.366,12942.769,28.3,85,estimated,True,2026-07-13T12:02:00,True,leak
1022,1,1,2026-07-13T13:00:00,28309.129,27.937,710.366,12942.769,29.78,85,estimated,True,2026-07-13T13:02:00,True,leak
1023,1,1,2026-07-13T14:00:00,28335.593,26.464,710.366,12942.769,29.49,85,estimated,True,2026-07-13T14:02:00,True,leak
1024,1,1,2026-07-13T15:00:00,28365.641,30.048,710.366,12942.769,30.02,85,estimated,True,2026-07-13T15:02:00,True,leak
1025,1,1,2026-07-13T16:00:00,28397.549,31.908,710.366,12942.769,29.74,85,estimated,True,2026-07-13T16:02:00,True,leak
1026,1,1,2026-07-13T17:00:00,28436.336,38.787,710.366,12942.769,29.17,85,estimated,True,2026-07-13T17:02:00,True,leak
1027,1,1,2026-07-13T18:00:00,28486.023,49.687,710.366,12942.769,29.09,85,estimated,True,2026-07-13T18:02:00,True,leak
1028,1,1,2026-07-13T19:00:00,28532.055,46.032,710.366,12942.769,26.81,85,estimated,True,2026-07-13T19:02:00,True,leak
1029,1,1,2026-07-13T20:00:00,28576.003,43.948,710.366,12942.769,26.72,85,estimated,True,2026-07-13T20:02:00,True,leak
1030,1,1,2026-07-13T21:00:00,28607.694,31.691,710.366,12942.769,24.83,85,estimated,True,2026-07-13T21:02:00,True,leak
1031,1,1,2026-07-13T22:00:00,28631.362,23.668,710.366,12942.769,23.89,85,estimated,True,2026-07-13T22:02:00,True,leak
1032,1,1,2026-07-13T23:00:00,28650.475,19.113,710.366,12942.769,22.44,85,estimated,True,2026-07-13T23:02:00,True,leak
1033,1,1,2026-07-14T00:00:00,28667.429,16.954,707.974,12942.769,21.86,85,estimated,True,2026-07-14T00:02:00,True,leak
1034,1,1,2026-07-14T01:00:00,28683.748,16.319,707.974,12942.769,19.97,85,estimated,True,2026-07-14T01:02:00,True,leak
1035,1,1,2026-07-14T02:00:00,28698.381,14.633,707.974,12942.769,19.19,85,estimated,True,2026-07-14T02:02:00,True,leak
1036,1,1,2026-07-14T03:00:00,28715.672,17.291,707.974,12942.769,19.96,85,estimated,True,2026-07-14T03:02:00,True,leak
1037,1,1,2026-07-14T04:00:00,28732.186,16.514,707.974,12942.769,20.28,85,estimated,True,2026-07-14T04:02:00,True,leak
1038,1,1,2026-07-14T05:00:00,28751.066,18.88,707.974,12942.769,19.84,85,estimated,True,2026-07-14T05:02:00,True,leak
1039,1,1,2026-07-14T06:00:00,28781.426,30.36,707.974,12942.769,21.06,85,estimated,True,2026-07-14T06:02:00,True,leak
1040,1,1,2026-07-14T07:00:00,28826.96,45.534,707.974,12942.769,21.43,85,estimated,True,2026-07-14T07:02:00,True,leak
1041,1,1,2026-07-14T08:00:00,28867.873,40.913,707.974,12942.769,22.9,85,estimated,True,2026-07-14T08:02:00,True,leak
1042,1,1,2026-07-14T09:00:00,28903.777,35.904,707.974,12942.769,24.93,85,estimated,True,2026-07-14T09:02:00,True,leak
1043,1,1,2026-07-14T10:00:00,28931.121,27.344,707.974,12942.769,25.27,85,estimated,True,2026-07-14T10:02:00,True,leak
1044,1,1,2026-07-14T11:00:00,28963.212,32.091,707.974,12942.769,27.2,85,estimated,True,2026-07-14T11:02:00,True,leak
1045,1,1,2026-07-14T12:00:00,28997.033,33.821,707.974,12942.769,27.05,85,estimated,True,2026-07-14T12:02:00,True,leak
1046,1,1,2026-07-14T13:00:00,29028.451,31.418,707.974,12942.769,29.05,85,estimated,True,2026-07-14T13:02:00,True,leak
1047,1,1,2026-07-14T14:00:00,29055.557,27.106,707.974,12942.769,29.66,85,estimated,True,2026-07-14T14:02:00,True,leak
1048,1,1,2026-07-14T15:00:00,29083.176,27.619,707.974,12942.769,29.68,85,estimated,True,2026-07-14T15:02:00,True,leak
1049,1,1,2026-07-14T16:00:00,29114.264,31.088,707.974,12942.769,29.53,85,estimated,True,2026-07-14T16:02:00,True,leak
1050,1,1,2026-07-14T17:00:00,29150.109,35.845,707.974,12942.769,28.9,85,estimated,True,2026-07-14T17:02:00,True,leak
1051,1,1,2026-07-14T18:00:00,29195.529,45.42,707.974,12942.769,28.36,85,estimated,True,2026-07-14T18:02:00,True,leak
1052,1,1,2026-07-14T19:00:00,29237.6,42.071,707.974,12942.769,27.24,85,estimated,True,2026-07-14T19:02:00,True,leak
1053,1,1,2026-07-14T20:00:00,29276.945,39.345,707.974,12942.769,26.33,85,estimated,True,2026-07-14T20:02:00,True,leak
1054,1,1,2026-07-14T21:00:00,29311.968,35.023,707.974,12942.769,24.74,85,estimated,True,2026-07-14T21:02:00,True,leak
1055,1,1,2026-07-14T22:00:00,29339.661,27.693,707.974,12942.769,23.02,85,estimated,True,2026-07-14T22:02:00,True,leak
1056,1,1,2026-07-14T23:00:00,29358.449,18.788,707.974,12942.769,22.45,85,estimated,True,2026-07-14T23:02:00,True,leak
1057,1,1,2026-07-15T00:00:00,29376.795,18.346,722.538,12942.769,20.41,85,estimated,True,2026-07-15T00:02:00,True,leak
1058,1,1,2026-07-15T01:00:00,29391.792,14.997,722.538,12942.769,20.51,85,estimated,True,2026-07-15T01:02:00,True,leak
1059,1,1,2026-07-15T02:00:00,29411.132,19.34,722.538,12942.769,19.84,85,estimated,True,2026-07-15T02:02:00,True,leak
1060,1,1,2026-07-15T03:00:00,29427.449,16.317,722.538,12942.769,20.52,85,estimated,True,2026-07-15T03:02:00,True,leak
1061,1,1,2026-07-15T04:00:00,29444.179,16.73,722.538,12942.769,19.88,85,estimated,True,2026-07-15T04:02:00,True,leak
1062,1,1,2026-07-15T05:00:00,29463.652,19.473,722.538,12942.769,20.15,85,estimated,True,2026-07-15T05:02:00,True,leak
1063,1,1,2026-07-15T06:00:00,29489.876,26.224,722.538,12942.769,21.08,85,estimated,True,2026-07-15T06:02:00,True,leak
1064,1,1,2026-07-15T07:00:00,29532.66,42.784,722.538,12942.769,21.34,85,estimated,True,2026-07-15T07:02:00,True,leak
1065,1,1,2026-07-15T08:00:00,29584.312,51.652,722.538,12942.769,23.17,85,estimated,True,2026-07-15T08:02:00,True,leak
1066,1,1,2026-07-15T09:00:00,29616.215,31.903,722.538,12942.769,24.55,85,estimated,True,2026-07-15T09:02:00,True,leak
1067,1,1,2026-07-15T10:00:00,29645.769,29.554,722.538,12942.769,25.85,85,estimated,True,2026-07-15T10:02:00,True,leak
1068,1,1,2026-07-15T11:00:00,29673.644,27.875,722.538,12942.769,26.75,85,estimated,True,2026-07-15T11:02:00,True,leak
1069,1,1,2026-07-15T12:00:00,29708.661,35.017,722.538,12942.769,28.17,85,estimated,True,2026-07-15T12:02:00,True,leak
1070,1,1,2026-07-15T13:00:00,29738.326,29.665,722.538,12942.769,28.63,85,estimated,True,2026-07-15T13:02:00,True,leak
1071,1,1,2026-07-15T14:00:00,29766.642,28.316,722.538,12942.769,29.39,85,estimated,True,2026-07-15T14:02:00,True,leak
1072,1,1,2026-07-15T15:00:00,29792.98,26.338,722.538,12942.769,29.07,85,estimated,True,2026-07-15T15:02:00,True,leak
1073,1,1,2026-07-15T16:00:00,29824.541,31.561,722.538,12942.769,28.92,85,estimated,True,2026-07-15T16:02:00,True,leak
1074,1,1,2026-07-15T17:00:00,29867.918,43.377,722.538,12942.769,28.45,85,estimated,True,2026-07-15T17:02:00,True,leak
1075,1,1,2026-07-15T18:00:00,29912.888,44.97,722.538,12942.769,28.09,85,estimated,True,2026-07-15T18:02:00,True,leak
1076,1,1,2026-07-15T19:00:00,29960.947,48.059,722.538,12942.769,26.88,85,estimated,True,2026-07-15T19:02:00,True,leak
1077,1,1,2026-07-15T20:00:00,30003.951,43.004,722.538,12942.769,24.86,85,estimated,True,2026-07-15T20:02:00,True,leak
1078,1,1,2026-07-15T21:00:00,30035.59,31.639,722.538,12942.769,23.74,85,estimated,True,2026-07-15T21:02:00,True,leak
1079,1,1,2026-07-15T22:00:00,30061.116,25.526,722.538,12942.769,22.73,85,estimated,True,2026-07-15T22:02:00,True,leak
1080,1,1,2026-07-15T23:00:00,30080.987,19.871,722.538,12942.769,21.1,85,estimated,True,2026-07-15T23:02:00,True,leak
1081,1,1,2026-07-16T00:00:00,30098.218,17.231,709.502,12942.769,20.4,85,estimated,True,2026-07-16T00:02:00,True,leak
1082,1,1,2026-07-16T01:00:00,30116.166,17.948,709.502,12942.769,19.87,85,estimated,True,2026-07-16T01:02:00,True,leak
1083,1,1,2026-07-16T02:00:00,30131.702,15.536,709.502,12942.769,19.78,85,estimated,True,2026-07-16T02:02:00,True,leak
1084,1,1,2026-07-16T03:00:00,30148.63,16.928,709.502,12942.769,18.62,85,estimated,True,2026-07-16T03:02:00,True,leak
1085,1,1,2026-07-16T04:00:00,30164.9,16.27,709.502,12942.769,18.64,85,estimated,True,2026-07-16T04:02:00,True,leak
1086,1,1,2026-07-16T05:00:00,30185.166,20.266,709.502,12942.769,19.3,85,estimated,True,2026-07-16T05:02:00,True,leak
1087,1,1,2026-07-16T06:00:00,30210.035,24.869,709.502,12942.769,19.73,85,estimated,True,2026-07-16T06:02:00,True,leak
1088,1,1,2026-07-16T07:00:00,30249.07,39.035,709.502,12942.769,21.24,85,estimated,True,2026-07-16T07:02:00,True,leak
1089,1,1,2026-07-16T08:00:00,30291.525,42.455,709.502,12942.769,22.34,85,estimated,True,2026-07-16T08:02:00,True,leak
1090,1,1,2026-07-16T09:00:00,30324.799,33.274,709.502,12942.769,24.03,85,estimated,True,2026-07-16T09:02:00,True,leak
1091,1,1,2026-07-16T10:00:00,30354.691,29.892,709.502,12942.769,25.08,85,estimated,True,2026-07-16T10:02:00,True,leak
1092,1,1,2026-07-16T11:00:00,30384.198,29.507,709.502,12942.769,27.04,85,estimated,True,2026-07-16T11:02:00,True,leak
1093,1,1,2026-07-16T12:00:00,30415.961,31.763,709.502,12942.769,27.86,85,estimated,True,2026-07-16T12:02:00,True,leak
1094,1,1,2026-07-16T13:00:00,30443.569,27.608,709.502,12942.769,28.95,85,estimated,True,2026-07-16T13:02:00,True,leak
1095,1,1,2026-07-16T14:00:00,30471.72,28.151,709.502,12942.769,29.24,85,estimated,True,2026-07-16T14:02:00,True,leak
1096,1,1,2026-07-16T15:00:00,30499.249,27.529,709.502,12942.769,29.14,85,estimated,True,2026-07-16T15:02:00,True,leak
1097,1,1,2026-07-16T16:00:00,30533.91,34.661,709.502,12942.769,29.25,85,estimated,True,2026-07-16T16:02:00,True,leak
1098,1,1,2026-07-16T17:00:00,30569.89,35.98,709.502,12942.769,28.31,85,estimated,True,2026-07-16T17:02:00,True,leak
1099,1,1,2026-07-16T18:00:00,30619.668,49.778,709.502,12942.769,27.76,85,estimated,True,2026-07-16T18:02:00,True,leak
1100,1,1,2026-07-16T19:00:00,30669.896,50.228,709.502,12942.769,26.37,85,estimated,True,2026-07-16T19:02:00,True,leak
1101,1,1,2026-07-16T20:00:00,30712.319,42.423,709.502,12942.769,25.28,85,estimated,True,2026-07-16T20:02:00,True,leak
1102,1,1,2026-07-16T21:00:00,30746.536,34.217,709.502,12942.769,23.85,85,estimated,True,2026-07-16T21:02:00,True,leak
1103,1,1,2026-07-16T22:00:00,30771.305,24.769,709.502,12942.769,22.53,85,estimated,True,2026-07-16T22:02:00,True,leak
1104,1,1,2026-07-16T23:00:00,30790.489,19.184,709.502,12942.769,22.05,85,estimated,True,2026-07-16T23:02:00,True,leak
1105,1,1,2026-07-17T00:00:00,30808.504,18.015,715.451,12942.769,19.98,85,estimated,True,2026-07-17T00:02:00,True,leak
1106,1,1,2026-07-17T01:00:00,30824.313,15.809,715.451,12942.769,19.3,85,estimated,True,2026-07-17T01:02:00,True,leak
1107,1,1,2026-07-17T02:00:00,30840.233,15.92,715.451,12942.769,19.57,85,estimated,True,2026-07-17T02:02:00,True,leak
1108,1,1,2026-07-17T03:00:00,30857.205,16.972,715.451,12942.769,18.82,85,estimated,True,2026-07-17T03:02:00,True,leak
1109,1,1,2026-07-17T04:00:00,30874.574,17.369,715.451,12942.769,18.33,85,estimated,True,2026-07-17T04:02:00,True,leak
1110,1,1,2026-07-17T05:00:00,30892.52,17.946,715.451,12942.769,19.75,85,estimated,True,2026-07-17T05:02:00,True,leak
1111,1,1,2026-07-17T06:00:00,30920.918,28.398,715.451,12942.769,20.46,85,estimated,True,2026-07-17T06:02:00,True,leak
1112,1,1,2026-07-17T07:00:00,30957.98,37.062,715.451,12942.769,22.17,85,estimated,True,2026-07-17T07:02:00,True,leak
1113,1,1,2026-07-17T08:00:00,31006.059,48.079,715.451,12942.769,22.55,85,estimated,True,2026-07-17T08:02:00,True,leak
1114,1,1,2026-07-17T09:00:00,31038.504,32.445,715.451,12942.769,24.3,85,estimated,True,2026-07-17T09:02:00,True,leak
1115,1,1,2026-07-17T10:00:00,31071.61,33.106,715.451,12942.769,24.77,85,estimated,True,2026-07-17T10:02:00,True,leak
1116,1,1,2026-07-17T11:00:00,31102.17,30.56,715.451,12942.769,25.91,85,estimated,True,2026-07-17T11:02:00,True,leak
1117,1,1,2026-07-17T12:00:00,31135.113,32.943,715.451,12942.769,27.1,85,estimated,True,2026-07-17T12:02:00,True,leak
1118,1,1,2026-07-17T13:00:00,31164.36,29.247,715.451,12942.769,27.28,85,estimated,True,2026-07-17T13:02:00,True,leak
1119,1,1,2026-07-17T14:00:00,31192.004,27.644,715.451,12942.769,28.35,85,estimated,True,2026-07-17T14:02:00,True,leak
1120,1,1,2026-07-17T15:00:00,31219.612,27.608,715.451,12942.769,29.05,85,estimated,True,2026-07-17T15:02:00,True,leak
1121,1,1,2026-07-17T16:00:00,31253.347,33.735,715.451,12942.769,28.87,85,estimated,True,2026-07-17T16:02:00,True,leak
1122,1,1,2026-07-17T17:00:00,31291.601,38.254,715.451,12942.769,28.44,85,estimated,True,2026-07-17T17:02:00,True,leak
1123,1,1,2026-07-17T18:00:00,31339.707,48.106,715.451,12942.769,26.82,85,estimated,True,2026-07-17T18:02:00,True,leak
1124,1,1,2026-07-17T19:00:00,31382.341,42.634,715.451,12942.769,26.72,85,estimated,True,2026-07-17T19:02:00,True,leak
1125,1,1,2026-07-17T20:00:00,31427.36,45.019,715.451,12942.769,25.21,85,estimated,True,2026-07-17T20:02:00,True,leak
1126,1,1,2026-07-17T21:00:00,31461.091,33.731,715.451,12942.769,23.62,85,estimated,True,2026-07-17T21:02:00,True,leak
1127,1,1,2026-07-17T22:00:00,31483.286,22.195,715.451,12942.769,22.46,85,estimated,True,2026-07-17T22:02:00,True,leak
1128,1,1,2026-07-17T23:00:00,31505.94,22.654,715.451,12942.769,20.88,85,estimated,True,2026-07-17T23:02:00,True,leak
1129,1,1,2026-07-18T00:00:00,31507.017,1.077,421.956,12942.769,20.05,98,estimated,True,2026-07-18T00:02:00,False,none
1130,1,1,2026-07-18T01:00:00,31507.017,0.0,421.956,12942.769,19.48,98,estimated,True,2026-07-18T01:02:00,False,none
1131,1,1,2026-07-18T02:00:00,31507.017,0.0,421.956,12942.769,18.46,98,estimated,True,2026-07-18T02:02:00,False,none
1132,1,1,2026-07-18T03:00:00,31507.017,0.0,421.956,12942.769,18.63,98,estimated,True,2026-07-18T03:02:00,False,none
1133,1,1,2026-07-18T04:00:00,31508.143,1.126,421.956,12942.769,18.2,98,estimated,True,2026-07-18T04:02:00,False,none
1134,1,1,2026-07-18T05:00:00,31511.534,3.391,421.956,12942.769,19.5,98,estimated,True,2026-07-18T05:02:00,False,none
1135,1,1,2026-07-18T06:00:00,31526.241,14.707,421.956,12942.769,19.41,98,estimated,True,2026-07-18T06:02:00,False,none
1136,1,1,2026-07-18T07:00:00,31553.305,27.064,421.956,12942.769,20.66,98,estimated,True,2026-07-18T07:02:00,False,none
1137,1,1,2026-07-18T08:00:00,31590.399,37.094,421.956,12942.769,22.06,98,estimated,True,2026-07-18T08:02:00,False,none
1138,1,1,2026-07-18T09:00:00,31615.55,25.151,421.956,12942.769,24.41,98,estimated,True,2026-07-18T09:02:00,False,none
1139,1,1,2026-07-18T10:00:00,31630.409,14.859,421.956,12942.769,24.19,98,estimated,True,2026-07-18T10:02:00,False,none
1140,1,1,2026-07-18T11:00:00,31653.828,23.419,421.956,12942.769,26.35,98,estimated,True,2026-07-18T11:02:00,False,none
1141,1,1,2026-07-18T12:00:00,31670.398,16.57,421.956,12942.769,26.34,98,estimated,True,2026-07-18T12:02:00,False,none
1142,1,1,2026-07-18T13:00:00,31689.384,18.986,421.956,12942.769,28.52,98,estimated,True,2026-07-18T13:02:00,False,none
1143,1,1,2026-07-18T14:00:00,31704.064,14.68,421.956,12942.769,27.93,98,estimated,True,2026-07-18T14:02:00,False,none
1144,1,1,2026-07-18T15:00:00,31719.087,15.023,421.956,12942.769,27.39,98,estimated,True,2026-07-18T15:02:00,False,none
1145,1,1,2026-07-18T16:00:00,31742.283,23.196,421.956,12942.769,28.4,98,estimated,True,2026-07-18T16:02:00,False,none
1146,1,1,2026-07-18T17:00:00,31772.614,30.331,421.956,12942.769,27.37,98,estimated,True,2026-07-18T17:02:00,False,none
1147,1,1,2026-07-18T18:00:00,31815.57,42.956,421.956,12942.769,26.61,98,estimated,True,2026-07-18T18:02:00,False,none
1148,1,1,2026-07-18T19:00:00,31855.993,40.423,421.956,12942.769,25.59,98,estimated,True,2026-07-18T19:02:00,False,none
1149,1,1,2026-07-18T20:00:00,31893.227,37.234,421.956,12942.769,24.34,98,estimated,True,2026-07-18T20:02:00,False,none
1150,1,1,2026-07-18T21:00:00,31915.172,21.945,421.956,12942.769,23.79,98,estimated,True,2026-07-18T21:02:00,False,none
1151,1,1,2026-07-18T22:00:00,31923.951,8.779,421.956,12942.769,22.16,98,estimated,True,2026-07-18T22:02:00,False,none
1152,1,1,2026-07-18T23:00:00,31927.896,3.945,421.956,12942.769,20.82,98,estimated,True,2026-07-18T23:02:00,False,none
1153,1,1,2026-07-19T00:00:00,31928.335,0.439,417.336,12942.769,20.68,98,estimated,True,2026-07-19T00:02:00,False,none
1154,1,1,2026-07-19T01:00:00,31928.335,0.0,417.336,12942.769,19.42,98,estimated,True,2026-07-19T01:02:00,False,none
1155,1,1,2026-07-19T02:00:00,31928.335,0.0,417.336,12942.769,18.84,98,estimated,True,2026-07-19T02:02:00,False,none
1156,1,1,2026-07-19T03:00:00,31928.335,0.0,417.336,12942.769,18.15,98,estimated,True,2026-07-19T03:02:00,False,none
1157,1,1,2026-07-19T04:00:00,31928.335,0.0,417.336,12942.769,18.24,98,estimated,True,2026-07-19T04:02:00,False,none
1158,1,1,2026-07-19T05:00:00,31930.941,2.606,417.336,12942.769,18.52,98,estimated,True,2026-07-19T05:02:00,False,none
1159,1,1,2026-07-19T06:00:00,31944.75,13.809,417.336,12942.769,20.13,98,estimated,True,2026-07-19T06:02:00,False,none
1160,1,1,2026-07-19T07:00:00,31976.851,32.101,417.336,12942.769,20.65,98,estimated,True,2026-07-19T07:02:00,False,none
1161,1,1,2026-07-19T08:00:00,32004.985,28.134,417.336,12942.769,22.21,98,estimated,True,2026-07-19T08:02:00,False,none
1162,1,1,2026-07-19T09:00:00,32029.5,24.515,417.336,12942.769,22.93,98,estimated,True,2026-07-19T09:02:00,False,none
1163,1,1,2026-07-19T10:00:00,32044.498,14.998,417.336,12942.769,24.94,98,estimated,True,2026-07-19T10:02:00,False,none
1164,1,1,2026-07-19T11:00:00,32064.477,19.979,417.336,12942.769,24.92,98,estimated,True,2026-07-19T11:02:00,False,none
1165,1,1,2026-07-19T12:00:00,32082.859,18.382,417.336,12942.769,26.45,98,estimated,True,2026-07-19T12:02:00,False,none
1166,1,1,2026-07-19T13:00:00,32100.166,17.307,417.336,12942.769,27.25,98,estimated,True,2026-07-19T13:02:00,False,none
1167,1,1,2026-07-19T14:00:00,32110.277,10.111,417.336,12942.769,27.76,98,estimated,True,2026-07-19T14:02:00,False,none
1168,1,1,2026-07-19T15:00:00,32127.976,17.699,417.336,12942.769,28.53,98,estimated,True,2026-07-19T15:02:00,False,none
1169,1,1,2026-07-19T16:00:00,32145.958,17.982,417.336,12942.769,28.26,98,estimated,True,2026-07-19T16:02:00,False,none
1170,1,1,2026-07-19T17:00:00,32175.986,30.028,417.336,12942.769,27.42,98,estimated,True,2026-07-19T17:02:00,False,none
1171,1,1,2026-07-19T18:00:00,32221.301,45.315,417.336,12942.769,26.94,98,estimated,True,2026-07-19T18:02:00,False,none
1172,1,1,2026-07-19T19:00:00,32264.224,42.923,417.336,12942.769,25.37,98,estimated,True,2026-07-19T19:02:00,False,none
1173,1,1,2026-07-19T20:00:00,32304.792,40.568,417.336,12942.769,24.65,98,estimated,True,2026-07-19T20:02:00,False,none
1174,1,1,2026-07-19T21:00:00,32329.511,24.719,417.336,12942.769,23.45,98,estimated,True,2026-07-19T21:02:00,False,none
1175,1,1,2026-07-19T22:00:00,32341.936,12.425,417.336,12942.769,21.91,98,estimated,True,2026-07-19T22:02:00,False,none
1176,1,1,2026-07-19T23:00:00,32345.232,3.296,417.336,12942.769,20.83,98,estimated,True,2026-07-19T23:02:00,False,none
1177,1,1,2026-07-20T00:00:00,32346.8,1.568,311.169,12942.769,19.92,98,estimated,True,2026-07-20T00:02:00,False,none
1178,1,1,2026-07-20T01:00:00,32346.8,0.0,311.169,12942.769,18.39,98,estimated,True,2026-07-20T01:02:00,False,none
1179,1,1,2026-07-20T02:00:00,32346.8,0.0,311.169,12942.769,18.21,98,estimated,True,2026-07-20T02:02:00,False,none
1180,1,1,2026-07-20T03:00:00,32346.8,0.0,311.169,12942.769,18.58,98,estimated,True,2026-07-20T03:02:00,False,none
1181,1,1,2026-07-20T04:00:00,32346.8,0.0,311.169,12942.769,18.81,98,estimated,True,2026-07-20T04:02:00,False,none
1182,1,1,2026-07-20T05:00:00,32348.645,1.845,311.169,12942.769,19.29,98,estimated,True,2026-07-20T05:02:00,False,none
1183,1,1,2026-07-20T06:00:00,32358.88,10.235,311.169,12942.769,19.02,98,estimated,True,2026-07-20T06:02:00,False,none
1184,1,1,2026-07-20T07:00:00,32380.826,21.946,311.169,12942.769,19.96,98,estimated,True,2026-07-20T07:02:00,False,none
1185,1,1,2026-07-20T08:00:00,32405.163,24.337,311.169,12942.769,21.46,98,estimated,True,2026-07-20T08:02:00,False,none
1186,1,1,2026-07-20T09:00:00,32425.301,20.138,311.169,12942.769,22.9,98,estimated,True,2026-07-20T09:02:00,False,none
1187,1,1,2026-07-20T10:00:00,32439.623,14.322,311.169,12942.769,23.83,98,estimated,True,2026-07-20T10:02:00,False,none
1188,1,1,2026-07-20T11:00:00,32455.504,15.881,311.169,12942.769,25.6,98,estimated,True,2026-07-20T11:02:00,False,none
1189,1,1,2026-07-20T12:00:00,32473.373,17.869,311.169,12942.769,26.17,98,estimated,True,2026-07-20T12:02:00,False,none
1190,1,1,2026-07-20T13:00:00,32488.128,14.755,311.169,12942.769,26.79,98,estimated,True,2026-07-20T13:02:00,False,none
1191,1,1,2026-07-20T14:00:00,32499.281,11.153,311.169,12942.769,27.8,98,estimated,True,2026-07-20T14:02:00,False,none
1192,1,1,2026-07-20T15:00:00,32509.476,10.195,311.169,12942.769,27.43,98,estimated,True,2026-07-20T15:02:00,False,none
1193,1,1,2026-07-20T16:00:00,32523.424,13.948,311.169,12942.769,27.97,98,estimated,True,2026-07-20T16:02:00,False,none
1194,1,1,2026-07-20T17:00:00,32542.513,19.089,311.169,12942.769,27.41,98,estimated,True,2026-07-20T17:02:00,False,none
1195,1,1,2026-07-20T18:00:00,32569.589,27.076,311.169,12942.769,26.77,98,estimated,True,2026-07-20T18:02:00,False,none
1196,1,1,2026-07-20T19:00:00,32604.318,34.729,311.169,12942.769,25.62,98,estimated,True,2026-07-20T19:02:00,False,none
1197,1,1,2026-07-20T20:00:00,32632.398,28.08,311.169,12942.769,23.91,98,estimated,True,2026-07-20T20:02:00,False,none
1198,1,1,2026-07-20T21:00:00,32648.45,16.052,311.169,12942.769,23.0,98,estimated,True,2026-07-20T21:02:00,False,none
1199,1,1,2026-07-20T22:00:00,32654.624,6.174,311.169,12942.769,21.2,98,estimated,True,2026-07-20T22:02:00,False,none
1200,1,1,2026-07-20T23:00:00,32656.401,1.777,311.169,12942.769,20.54,98,estimated,True,2026-07-20T23:02:00,False,none
1201,1,1,2026-07-21T00:00:00,32657.2,0.799,327.48,12942.769,19.13,98,estimated,True,2026-07-21T00:02:00,False,none
1202,1,1,2026-07-21T01:00:00,32657.2,0.0,327.48,12942.769,18.57,98,estimated,True,2026-07-21T01:02:00,False,none
1203,1,1,2026-07-21T02:00:00,32657.2,0.0,327.48,12942.769,18.07,98,estimated,True,2026-07-21T02:02:00,False,none
1204,1,1,2026-07-21T03:00:00,32657.2,0.0,327.48,12942.769,17.77,98,estimated,True,2026-07-21T03:02:00,False,none
1205,1,1,2026-07-21T04:00:00,32657.704,0.504,327.48,12942.769,17.52,98,estimated,True,2026-07-21T04:02:00,False,none
1206,1,1,2026-07-21T05:00:00,32660.213,2.509,327.48,12942.769,18.6,98,estimated,True,2026-07-21T05:02:00,False,none
1207,1,1,2026-07-21T06:00:00,32670.992,10.779,327.48,12942.769,18.69,98,estimated,True,2026-07-21T06:02:00,False,none
1208,1,1,2026-07-21T07:00:00,32694.829,23.837,327.48,12942.769,20.12,98,estimated,True,2026-07-21T07:02:00,False,none
1209,1,1,2026-07-21T08:00:00,32729.133,34.304,327.48,12942.769,21.47,98,estimated,True,2026-07-21T08:02:00,False,none
1210,1,1,2026-07-21T09:00:00,32744.442,15.309,327.48,12942.769,23.06,98,estimated,True,2026-07-21T09:02:00,False,none
1211,1,1,2026-07-21T10:00:00,32758.488,14.046,327.48,12942.769,24.17,98,estimated,True,2026-07-21T10:02:00,False,none
1212,1,1,2026-07-21T11:00:00,32774.471,15.983,327.48,12942.769,25.29,98,estimated,True,2026-07-21T11:02:00,False,none
1213,1,1,2026-07-21T12:00:00,32792.959,18.488,327.48,12942.769,26.97,98,estimated,True,2026-07-21T12:02:00,False,none
1214,1,1,2026-07-21T13:00:00,32808.041,15.082,327.48,12942.769,27.06,98,estimated,True,2026-07-21T13:02:00,False,none
1215,1,1,2026-07-21T14:00:00,32818.473,10.432,327.48,12942.769,27.52,98,estimated,True,2026-07-21T14:02:00,False,none
1216,1,1,2026-07-21T15:00:00,32832.054,13.581,327.48,12942.769,27.49,98,estimated,True,2026-07-21T15:02:00,False,none
1217,1,1,2026-07-21T16:00:00,32850.386,18.332,327.48,12942.769,27.13,98,estimated,True,2026-07-21T16:02:00,False,none
1218,1,1,2026-07-21T17:00:00,32869.294,18.908,327.48,12942.769,27.16,98,estimated,True,2026-07-21T17:02:00,False,none
1219,1,1,2026-07-21T18:00:00,32892.847,23.553,327.48,12942.769,26.31,98,estimated,True,2026-07-21T18:02:00,False,none
1220,1,1,2026-07-21T19:00:00,32928.582,35.735,327.48,12942.769,25.38,98,estimated,True,2026-07-21T19:02:00,False,none
1221,1,1,2026-07-21T20:00:00,32955.218,26.636,327.48,12942.769,23.69,98,estimated,True,2026-07-21T20:02:00,False,none
1222,1,1,2026-07-21T21:00:00,32971.338,16.12,327.48,12942.769,23.41,98,estimated,True,2026-07-21T21:02:00,False,none
1223,1,1,2026-07-21T22:00:00,32980.85,9.512,327.48,12942.769,20.91,98,estimated,True,2026-07-21T22:02:00,False,none
1224,1,1,2026-07-21T23:00:00,32983.881,3.031,327.48,12942.769,20.92,98,estimated,True,2026-07-21T23:02:00,False,none
1225,1,1,2026-07-22T00:00:00,32985.964,2.083,311.943,12942.769,19.24,98,estimated,True,2026-07-22T00:02:00,False,none
1226,1,1,2026-07-22T01:00:00,32985.964,0.0,311.943,12942.769,17.75,98,estimated,True,2026-07-22T01:02:00,False,none
1227,1,1,2026-07-22T02:00:00,32985.964,0.0,311.943,12942.769,17.06,98,estimated,True,2026-07-22T02:02:00,False,none
1228,1,1,2026-07-22T03:00:00,32985.964,0.0,311.943,12942.769,18.17,98,estimated,True,2026-07-22T03:02:00,False,none
1229,1,1,2026-07-22T04:00:00,32985.964,0.0,311.943,12942.769,17.75,98,estimated,True,2026-07-22T04:02:00,False,none
1230,1,1,2026-07-22T05:00:00,32988.354,2.39,311.943,12942.769,18.21,98,estimated,True,2026-07-22T05:02:00,False,none
1231,1,1,2026-07-22T06:00:00,33000.202,11.848,311.943,12942.769,18.85,98,estimated,True,2026-07-22T06:02:00,False,none
1232,1,1,2026-07-22T07:00:00,33023.567,23.365,311.943,12942.769,18.86,98,estimated,True,2026-07-22T07:02:00,False,none
1233,1,1,2026-07-22T08:00:00,33048.799,25.232,311.943,12942.769,21.18,98,estimated,True,2026-07-22T08:02:00,False,none
1234,1,1,2026-07-22T09:00:00,33066.524,17.725,311.943,12942.769,22.53,98,estimated,True,2026-07-22T09:02:00,False,none
1235,1,1,2026-07-22T10:00:00,33080.924,14.4,311.943,12942.769,24.37,98,estimated,True,2026-07-22T10:02:00,False,none
1236,1,1,2026-07-22T11:00:00,33094.801,13.877,311.943,12942.769,24.69,98,estimated,True,2026-07-22T11:02:00,False,none
1237,1,1,2026-07-22T12:00:00,33110.077,15.276,311.943,12942.769,25.88,98,estimated,True,2026-07-22T12:02:00,False,none
1238,1,1,2026-07-22T13:00:00,33122.192,12.115,311.943,12942.769,26.78,98,estimated,True,2026-07-22T13:02:00,False,none
1239,1,1,2026-07-22T14:00:00,33133.204,11.012,311.943,12942.769,26.75,98,estimated,True,2026-07-22T14:02:00,False,none
1240,1,1,2026-07-22T15:00:00,33143.562,10.358,311.943,12942.769,27.62,98,estimated,True,2026-07-22T15:02:00,False,none
1241,1,1,2026-07-22T16:00:00,33157.993,14.431,311.943,12942.769,27.56,98,estimated,True,2026-07-22T16:02:00,False,none
1242,1,1,2026-07-22T17:00:00,33182.778,24.785,311.943,12942.769,26.8,98,estimated,True,2026-07-22T17:02:00,False,none
1243,1,1,2026-07-22T18:00:00,33215.78,33.002,311.943,12942.769,25.9,98,estimated,True,2026-07-22T18:02:00,False,none
1244,1,1,2026-07-22T19:00:00,33247.322,31.542,311.943,12942.769,24.67,98,estimated,True,2026-07-22T19:02:00,False,none
1245,1,1,2026-07-22T20:00:00,33271.217,23.895,311.943,12942.769,23.58,98,estimated,True,2026-07-22T20:02:00,False,none
1246,1,1,2026-07-22T21:00:00,33285.189,13.972,311.943,12942.769,22.3,98,estimated,True,2026-07-22T21:02:00,False,none
1247,1,1,2026-07-22T22:00:00,33292.989,7.8,311.943,12942.769,20.88,98,estimated,True,2026-07-22T22:02:00,False,none
1248,1,1,2026-07-22T23:00:00,33295.824,2.835,311.943,12942.769,19.77,98,estimated,True,2026-07-22T23:02:00,False,none
1249,1,1,2026-07-23T00:00:00,33297.217,1.393,316.949,12942.769,18.56,98,estimated,True,2026-07-23T00:02:00,False,none
1250,1,1,2026-07-23T01:00:00,33297.217,0.0,316.949,12942.769,18.14,98,estimated,True,2026-07-23T01:02:00,False,none
1251,1,1,2026-07-23T02:00:00,33297.217,0.0,316.949,12942.769,16.89,98,estimated,True,2026-07-23T02:02:00,False,none
1252,1,1,2026-07-23T03:00:00,33297.217,0.0,316.949,12942.769,16.81,98,estimated,True,2026-07-23T03:02:00,False,none
1253,1,1,2026-07-23T04:00:00,33297.217,0.0,316.949,12942.769,17.14,98,estimated,True,2026-07-23T04:02:00,False,none
1254,1,1,2026-07-23T05:00:00,33298.557,1.34,316.949,12942.769,17.78,98,estimated,True,2026-07-23T05:02:00,False,none
1255,1,1,2026-07-23T06:00:00,33307.282,8.725,316.949,12942.769,18.82,98,estimated,True,2026-07-23T06:02:00,False,none
1256,1,1,2026-07-23T07:00:00,33332.385,25.103,316.949,12942.769,19.48,98,estimated,True,2026-07-23T07:02:00,False,none
1257,1,1,2026-07-23T08:00:00,33371.121,38.736,316.949,12942.769,20.9,98,estimated,True,2026-07-23T08:02:00,False,none
1258,1,1,2026-07-23T09:00:00,33387.102,15.981,316.949,12942.769,22.26,98,estimated,True,2026-07-23T09:02:00,False,none
1259,1,1,2026-07-23T10:00:00,33396.634,9.532,316.949,12942.769,23.38,98,estimated,True,2026-07-23T10:02:00,False,none
1260,1,1,2026-07-23T11:00:00,33409.354,12.72,316.949,12942.769,24.59,98,estimated,True,2026-07-23T11:02:00,False,none
1261,1,1,2026-07-23T12:00:00,33424.447,15.093,316.949,12942.769,26.02,98,estimated,True,2026-07-23T12:02:00,False,none
1262,1,1,2026-07-23T13:00:00,33436.669,12.222,316.949,12942.769,26.41,98,estimated,True,2026-07-23T13:02:00,False,none
1263,1,1,2026-07-23T14:00:00,33446.695,10.026,316.949,12942.769,27.65,98,estimated,True,2026-07-23T14:02:00,False,none
1264,1,1,2026-07-23T15:00:00,33459.338,12.643,316.949,12942.769,27.86,98,estimated,True,2026-07-23T15:02:00,False,none
1265,1,1,2026-07-23T16:00:00,33475.511,16.173,316.949,12942.769,27.14,98,estimated,True,2026-07-23T16:02:00,False,none
1266,1,1,2026-07-23T17:00:00,33492.791,17.28,316.949,12942.769,26.61,98,estimated,True,2026-07-23T17:02:00,False,none
1267,1,1,2026-07-23T18:00:00,33527.259,34.468,316.949,12942.769,25.55,98,estimated,True,2026-07-23T18:02:00,False,none
1268,1,1,2026-07-23T19:00:00,33554.115,26.856,316.949,12942.769,24.6,98,estimated,True,2026-07-23T19:02:00,False,none
1269,1,1,2026-07-23T20:00:00,33585.729,31.614,316.949,12942.769,23.4,98,estimated,True,2026-07-23T20:02:00,False,none
1270,1,1,2026-07-23T21:00:00,33602.763,17.034,316.949,12942.769,22.62,98,estimated,True,2026-07-23T21:02:00,False,none
1271,1,1,2026-07-23T22:00:00,33610.484,7.721,316.949,12942.769,21.21,98,estimated,True,2026-07-23T22:02:00,False,none
1272,1,1,2026-07-23T23:00:00,33612.773,2.289,316.949,12942.769,18.94,98,estimated,True,2026-07-23T23:02:00,False,none
1273,1,1,2026-07-24T00:00:00,33613.563,0.79,313.629,12942.769,18.97,98,estimated,True,2026-07-24T00:02:00,False,none
1274,1,1,2026-07-24T01:00:00,33613.563,0.0,313.629,12942.769,17.45,98,estimated,True,2026-07-24T01:02:00,False,none
1275,1,1,2026-07-24T02:00:00,33613.563,0.0,313.629,12942.769,17.16,98,estimated,True,2026-07-24T02:02:00,False,none
1276,1,1,2026-07-24T03:00:00,33613.563,0.0,313.629,12942.769,17.77,98,estimated,True,2026-07-24T03:02:00,False,none
1277,1,1,2026-07-24T04:00:00,33613.563,0.0,313.629,12942.769,16.21,98,estimated,True,2026-07-24T04:02:00,False,none
1278,1,1,2026-07-24T05:00:00,33614.704,1.141,313.629,12942.769,17.64,98,estimated,True,2026-07-24T05:02:00,False,none
1279,1,1,2026-07-24T06:00:00,33624.693,9.989,313.629,12942.769,18.11,98,estimated,True,2026-07-24T06:02:00,False,none
1280,1,1,2026-07-24T07:00:00,33647.353,22.66,313.629,12942.769,19.14,98,estimated,True,2026-07-24T07:02:00,False,none
1281,1,1,2026-07-24T08:00:00,33679.556,32.203,313.629,12942.769,20.37,98,estimated,True,2026-07-24T08:02:00,False,none
1282,1,1,2026-07-24T09:00:00,33698.208,18.652,313.629,12942.769,21.44,98,estimated,True,2026-07-24T09:02:00,False,none
1283,1,1,2026-07-24T10:00:00,33709.576,11.368,313.629,12942.769,23.66,98,estimated,True,2026-07-24T10:02:00,False,none
1284,1,1,2026-07-24T11:00:00,33723.318,13.742,313.629,12942.769,24.09,98,estimated,True,2026-07-24T11:02:00,False,none
1285,1,1,2026-07-24T12:00:00,33739.846,16.528,313.629,12942.769,25.89,98,estimated,True,2026-07-24T12:02:00,False,none
1286,1,1,2026-07-24T13:00:00,33753.731,13.885,313.629,12942.769,26.0,98,estimated,True,2026-07-24T13:02:00,False,none
1287,1,1,2026-07-24T14:00:00,33764.71,10.979,313.629,12942.769,26.27,98,estimated,True,2026-07-24T14:02:00,False,none
1288,1,1,2026-07-24T15:00:00,33775.627,10.917,313.629,12942.769,27.04,98,estimated,True,2026-07-24T15:02:00,False,none
1289,1,1,2026-07-24T16:00:00,33789.258,13.631,313.629,12942.769,26.37,98,estimated,True,2026-07-24T16:02:00,False,none
1290,1,1,2026-07-24T17:00:00,33814.956,25.698,313.629,12942.769,26.42,98,estimated,True,2026-07-24T17:02:00,False,none
1291,1,1,2026-07-24T18:00:00,33847.971,33.015,313.629,12942.769,25.16,98,estimated,True,2026-07-24T18:02:00,False,none
1292,1,1,2026-07-24T19:00:00,33878.008,30.037,313.629,12942.769,23.55,98,estimated,True,2026-07-24T19:02:00,False,none
1293,1,1,2026-07-24T20:00:00,33901.39,23.382,313.629,12942.769,23.16,98,estimated,True,2026-07-24T20:02:00,False,none
1294,1,1,2026-07-24T21:00:00,33917.176,15.786,313.629,12942.769,21.51,98,estimated,True,2026-07-24T21:02:00,False,none
1295,1,1,2026-07-24T22:00:00,33925.07,7.894,313.629,12942.769,20.7,98,estimated,True,2026-07-24T22:02:00,False,none
1296,1,1,2026-07-24T23:00:00,33926.402,1.332,313.629,12942.769,18.49,98,estimated,True,2026-07-24T23:02:00,False,none
1297,1,1,2026-07-25T00:00:00,33928.096,1.694,441.045,12942.769,17.87,98,estimated,True,2026-07-25T00:02:00,False,none
1298,1,1,2026-07-25T01:00:00,33928.096,0.0,441.045,12942.769,16.22,98,estimated,True,2026-07-25T01:02:00,False,none
1299,1,1,2026-07-25T02:00:00,33928.096,0.0,441.045,12942.769,17.29,98,estimated,True,2026-07-25T02:02:00,False,none
1300,1,1,2026-07-25T03:00:00,33928.096,0.0,441.045,12942.769,16.71,98,estimated,True,2026-07-25T03:02:00,False,none
1301,1,1,2026-07-25T04:00:00,33928.096,0.0,441.045,12942.769,16.83,98,estimated,True,2026-07-25T04:02:00,False,none
1302,1,1,2026-07-25T05:00:00,33932.132,4.036,441.045,12942.769,16.49,98,estimated,True,2026-07-25T05:02:00,False,none
1303,1,1,2026-07-25T06:00:00,33947.247,15.115,441.045,12942.769,18.0,98,estimated,True,2026-07-25T06:02:00,False,none
1304,1,1,2026-07-25T07:00:00,33977.503,30.256,441.045,12942.769,19.13,98,estimated,True,2026-07-25T07:02:00,False,none
1305,1,1,2026-07-25T08:00:00,34017.546,40.043,441.045,12942.769,20.13,98,estimated,True,2026-07-25T08:02:00,False,none
1306,1,1,2026-07-25T09:00:00,34043.608,26.062,441.045,12942.769,21.04,98,estimated,True,2026-07-25T09:02:00,False,none
1307,1,1,2026-07-25T10:00:00,34057.386,13.778,441.045,12942.769,22.78,98,estimated,True,2026-07-25T10:02:00,False,none
1308,1,1,2026-07-25T11:00:00,34078.787,21.401,441.045,12942.769,23.97,98,estimated,True,2026-07-25T11:02:00,False,none
1309,1,1,2026-07-25T12:00:00,34100.954,22.167,441.045,12942.769,24.97,98,estimated,True,2026-07-25T12:02:00,False,none
1310,1,1,2026-07-25T13:00:00,34119.792,18.838,441.045,12942.769,25.69,98,estimated,True,2026-07-25T13:02:00,False,none
1311,1,1,2026-07-25T14:00:00,34136.265,16.473,441.045,12942.769,26.75,98,estimated,True,2026-07-25T14:02:00,False,none
1312,1,1,2026-07-25T15:00:00,34152.231,15.966,441.045,12942.769,26.58,98,estimated,True,2026-07-25T15:02:00,False,none
1313,1,1,2026-07-25T16:00:00,34175.493,23.262,441.045,12942.769,26.52,98,estimated,True,2026-07-25T16:02:00,False,none
1314,1,1,2026-07-25T17:00:00,34207.327,31.834,441.045,12942.769,25.69,98,estimated,True,2026-07-25T17:02:00,False,none
1315,1,1,2026-07-25T18:00:00,34248.186,40.859,441.045,12942.769,25.11,98,estimated,True,2026-07-25T18:02:00,False,none
1316,1,1,2026-07-25T19:00:00,34291.977,43.791,441.045,12942.769,24.19,98,estimated,True,2026-07-25T19:02:00,False,none
1317,1,1,2026-07-25T20:00:00,34327.402,35.425,441.045,12942.769,22.9,98,estimated,True,2026-07-25T20:02:00,False,none
1318,1,1,2026-07-25T21:00:00,34352.653,25.251,441.045,12942.769,22.28,98,estimated,True,2026-07-25T21:02:00,False,none
1319,1,1,2026-07-25T22:00:00,34362.698,10.045,441.045,12942.769,20.7,98,estimated,True,2026-07-25T22:02:00,False,none
1320,1,1,2026-07-25T23:00:00,34367.447,4.749,441.045,12942.769,18.79,98,estimated,True,2026-07-25T23:02:00,False,none
1321,1,1,2026-07-26T00:00:00,34369.953,2.506,431.387,12942.769,18.24,98,estimated,True,2026-07-26T00:02:00,False,none
1322,1,1,2026-07-26T01:00:00,34369.953,0.0,431.387,12942.769,16.86,98,estimated,True,2026-07-26T01:02:00,False,none
1323,1,1,2026-07-26T02:00:00,34369.953,0.0,431.387,12942.769,16.27,98,estimated,True,2026-07-26T02:02:00,False,none
1324,1,1,2026-07-26T03:00:00,34370.066,0.113,431.387,12942.769,16.69,98,estimated,True,2026-07-26T03:02:00,False,none
1325,1,1,2026-07-26T04:00:00,34370.066,0.0,431.387,12942.769,16.16,98,estimated,True,2026-07-26T04:02:00,False,none
1326,1,1,2026-07-26T05:00:00,34370.33,0.264,431.387,12942.769,17.13,98,estimated,True,2026-07-26T05:02:00,False,none
1327,1,1,2026-07-26T06:00:00,34382.082,11.752,431.387,12942.769,17.82,98,estimated,True,2026-07-26T06:02:00,False,none
1328,1,1,2026-07-26T07:00:00,34416.934,34.852,431.387,12942.769,19.41,98,estimated,True,2026-07-26T07:02:00,False,none
1329,1,1,2026-07-26T08:00:00,34462.485,45.551,431.387,12942.769,20.32,98,estimated,True,2026-07-26T08:02:00,False,none
1330,1,1,2026-07-26T09:00:00,34491.407,28.922,431.387,12942.769,21.05,98,estimated,True,2026-07-26T09:02:00,False,none
1331,1,1,2026-07-26T10:00:00,34506.894,15.487,431.387,12942.769,23.1,98,estimated,True,2026-07-26T10:02:00,False,none
1332,1,1,2026-07-26T11:00:00,34523.021,16.127,431.387,12942.769,24.38,98,estimated,True,2026-07-26T11:02:00,False,none
1333,1,1,2026-07-26T12:00:00,34542.721,19.7,431.387,12942.769,24.63,98,estimated,True,2026-07-26T12:02:00,False,none
1334,1,1,2026-07-26T13:00:00,34557.799,15.078,431.387,12942.769,25.55,98,estimated,True,2026-07-26T13:02:00,False,none
1335,1,1,2026-07-26T14:00:00,34570.862,13.063,431.387,12942.769,26.75,98,estimated,True,2026-07-26T14:02:00,False,none
1336,1,1,2026-07-26T15:00:00,34584.628,13.766,431.387,12942.769,26.57,98,estimated,True,2026-07-26T15:02:00,False,none
1337,1,1,2026-07-26T16:00:00,34605.198,20.57,431.387,12942.769,25.53,98,estimated,True,2026-07-26T16:02:00,False,none
1338,1,1,2026-07-26T17:00:00,34634.179,28.981,431.387,12942.769,24.99,98,estimated,True,2026-07-26T17:02:00,False,none
1339,1,1,2026-07-26T18:00:00,34685.175,50.996,431.387,12942.769,24.42,98,estimated,True,2026-07-26T18:02:00,False,none
1340,1,1,2026-07-26T19:00:00,34728.219,43.044,431.387,12942.769,24.29,98,estimated,True,2026-07-26T19:02:00,False,none
1341,1,1,2026-07-26T20:00:00,34759.247,31.028,431.387,12942.769,23.23,98,estimated,True,2026-07-26T20:02:00,False,none
1342,1,1,2026-07-26T21:00:00,34782.369,23.122,431.387,12942.769,21.65,98,estimated,True,2026-07-26T21:02:00,False,none
1343,1,1,2026-07-26T22:00:00,34794.618,12.249,431.387,12942.769,20.24,98,estimated,True,2026-07-26T22:02:00,False,none
1344,1,1,2026-07-26T23:00:00,34798.834,4.216,431.387,12942.769,19.22,98,estimated,True,2026-07-26T23:02:00,False,none
1345,1,1,2026-07-27T00:00:00,34799.075,0.241,317.466,12942.769,17.02,98,estimated,True,2026-07-27T00:02:00,False,none
1346,1,1,2026-07-27T01:00:00,34799.075,0.0,317.466,12942.769,16.84,98,estimated,True,2026-07-27T01:02:00,False,none
1347,1,1,2026-07-27T02:00:00,34799.075,0.0,317.466,12942.769,15.98,98,estimated,True,2026-07-27T02:02:00,False,none
1348,1,1,2026-07-27T03:00:00,34799.759,0.684,317.466,12942.769,16.83,98,estimated,True,2026-07-27T03:02:00,False,none
1349,1,1,2026-07-27T04:00:00,34801.827,2.068,317.466,12942.769,16.56,98,estimated,True,2026-07-27T04:02:00,False,none
1350,1,1,2026-07-27T05:00:00,34802.853,1.026,317.466,12942.769,16.99,98,estimated,True,2026-07-27T05:02:00,False,none
1351,1,1,2026-07-27T06:00:00,34813.75,10.897,317.466,12942.769,17.82,98,estimated,True,2026-07-27T06:02:00,False,none
1352,1,1,2026-07-27T07:00:00,34835.476,21.726,317.466,12942.769,17.96,98,estimated,True,2026-07-27T07:02:00,False,none
1353,1,1,2026-07-27T08:00:00,34871.383,35.907,317.466,12942.769,19.76,98,estimated,True,2026-07-27T08:02:00,False,none
1354,1,1,2026-07-27T09:00:00,34886.642,15.259,317.466,12942.769,21.44,98,estimated,True,2026-07-27T09:02:00,False,none
1355,1,1,2026-07-27T10:00:00,34896.507,9.865,317.466,12942.769,22.71,98,estimated,True,2026-07-27T10:02:00,False,none
1356,1,1,2026-07-27T11:00:00,34909.841,13.334,317.466,12942.769,24.15,98,estimated,True,2026-07-27T11:02:00,False,none
1357,1,1,2026-07-27T12:00:00,34928.562,18.721,317.466,12942.769,24.72,98,estimated,True,2026-07-27T12:02:00,False,none
1358,1,1,2026-07-27T13:00:00,34939.485,10.923,317.466,12942.769,25.04,98,estimated,True,2026-07-27T13:02:00,False,none
1359,1,1,2026-07-27T14:00:00,34950.838,11.353,317.466,12942.769,25.82,98,estimated,True,2026-07-27T14:02:00,False,none
1360,1,1,2026-07-27T15:00:00,34958.168,7.33,317.466,12942.769,25.61,98,estimated,True,2026-07-27T15:02:00,False,none
1361,1,1,2026-07-27T16:00:00,34974.313,16.145,317.466,12942.769,25.87,98,estimated,True,2026-07-27T16:02:00,False,none
1362,1,1,2026-07-27T17:00:00,34995.3,20.987,317.466,12942.769,26.03,98,estimated,True,2026-07-27T17:02:00,False,none
1363,1,1,2026-07-27T18:00:00,35030.927,35.627,317.466,12942.769,24.59,98,estimated,True,2026-07-27T18:02:00,False,none
1364,1,1,2026-07-27T19:00:00,35061.725,30.798,317.466,12942.769,22.97,98,estimated,True,2026-07-27T19:02:00,False,none
1365,1,1,2026-07-27T20:00:00,35089.387,27.662,317.466,12942.769,22.59,98,estimated,True,2026-07-27T20:02:00,False,none
1366,1,1,2026-07-27T21:00:00,35106.619,17.232,317.466,12942.769,21.02,98,estimated,True,2026-07-27T21:02:00,False,none
1367,1,1,2026-07-27T22:00:00,35114.057,7.438,317.466,12942.769,18.93,98,estimated,True,2026-07-27T22:02:00,False,none
1368,1,1,2026-07-27T23:00:00,35116.3,2.243,317.466,12942.769,18.9,98,estimated,True,2026-07-27T23:02:00,False,none
1369,1,1,2026-07-28T00:00:00,35117.667,1.367,328.027,12942.769,17.52,98,estimated,True,2026-07-28T00:02:00,False,none
1370,1,1,2026-07-28T01:00:00,35117.667,0.0,328.027,12942.769,16.56,98,estimated,True,2026-07-28T01:02:00,False,none
1371,1,1,2026-07-28T02:00:00,35117.667,0.0,328.027,12942.769,16.3,98,estimated,True,2026-07-28T02:02:00,False,none
1372,1,1,2026-07-28T03:00:00,35117.667,0.0,328.027,12942.769,15.79,98,estimated,True,2026-07-28T03:02:00,False,none
1373,1,1,2026-07-28T04:00:00,35117.667,0.0,328.027,12942.769,15.32,98,estimated,True,2026-07-28T04:02:00,False,none
1374,1,1,2026-07-28T05:00:00,35120.644,2.977,328.027,12942.769,16.87,98,estimated,True,2026-07-28T05:02:00,False,none
1375,1,1,2026-07-28T06:00:00,35130.803,10.159,328.027,12942.769,16.94,98,estimated,True,2026-07-28T06:02:00,False,none
1376,1,1,2026-07-28T07:00:00,35152.752,21.949,328.027,12942.769,18.41,98,estimated,True,2026-07-28T07:02:00,False,none
1377,1,1,2026-07-28T08:00:00,35179.017,26.265,328.027,12942.769,20.43,98,estimated,True,2026-07-28T08:02:00,False,none
1378,1,1,2026-07-28T09:00:00,35197.633,18.616,328.027,12942.769,20.81,98,estimated,True,2026-07-28T09:02:00,False,none
1379,1,1,2026-07-28T10:00:00,35209.172,11.539,328.027,12942.769,21.84,98,estimated,True,2026-07-28T10:02:00,False,none
1380,1,1,2026-07-28T11:00:00,35222.74,13.568,328.027,12942.769,23.65,98,estimated,True,2026-07-28T11:02:00,False,none
1381,1,1,2026-07-28T12:00:00,35237.866,15.126,328.027,12942.769,24.53,98,estimated,True,2026-07-28T12:02:00,False,none
1382,1,1,2026-07-28T13:00:00,35251.496,13.63,328.027,12942.769,24.75,98,estimated,True,2026-07-28T13:02:00,False,none
1383,1,1,2026-07-28T14:00:00,35261.726,10.23,328.027,12942.769,26.56,98,estimated,True,2026-07-28T14:02:00,False,none
1384,1,1,2026-07-28T15:00:00,35273.782,12.056,328.027,12942.769,26.12,98,estimated,True,2026-07-28T15:02:00,False,none
1385,1,1,2026-07-28T16:00:00,35292.018,18.236,328.027,12942.769,25.35,98,estimated,True,2026-07-28T16:02:00,False,none
1386,1,1,2026-07-28T17:00:00,35318.576,26.558,328.027,12942.769,25.44,98,estimated,True,2026-07-28T17:02:00,False,none
1387,1,1,2026-07-28T18:00:00,35356.697,38.121,328.027,12942.769,24.27,98,estimated,True,2026-07-28T18:02:00,False,none
1388,1,1,2026-07-28T19:00:00,35391.144,34.447,328.027,12942.769,23.84,98,estimated,True,2026-07-28T19:02:00,False,none
1389,1,1,2026-07-28T20:00:00,35416.608,25.464,328.027,12942.769,22.42,98,estimated,True,2026-07-28T20:02:00,False,none
1390,1,1,2026-07-28T21:00:00,35434.058,17.45,328.027,12942.769,21.51,98,estimated,True,2026-07-28T21:02:00,False,none
1391,1,1,2026-07-28T22:00:00,35441.051,6.993,328.027,12942.769,18.95,98,estimated,True,2026-07-28T22:02:00,False,none
1392,1,1,2026-07-28T23:00:00,35444.327,3.276,328.027,12942.769,18.45,98,estimated,True,2026-07-28T23:02:00,False,none
1393,1,1,2026-07-29T00:00:00,35446.312,1.985,328.667,12942.769,17.29,98,estimated,True,2026-07-29T00:02:00,False,none
1394,1,1,2026-07-29T01:00:00,35446.312,0.0,328.667,12942.769,15.74,98,estimated,True,2026-07-29T01:02:00,False,none
1395,1,1,2026-07-29T02:00:00,35446.312,0.0,328.667,12942.769,15.93,98,estimated,True,2026-07-29T02:02:00,False,none
1396,1,1,2026-07-29T03:00:00,35446.312,0.0,328.667,12942.769,15.81,98,estimated,True,2026-07-29T03:02:00,False,none
1397,1,1,2026-07-29T04:00:00,35446.312,0.0,328.667,12942.769,16.54,98,estimated,True,2026-07-29T04:02:00,False,none
1398,1,1,2026-07-29T05:00:00,35448.795,2.483,328.667,12942.769,16.47,98,estimated,True,2026-07-29T05:02:00,False,none
1399,1,1,2026-07-29T06:00:00,35461.039,12.244,328.667,12942.769,17.03,98,estimated,True,2026-07-29T06:02:00,False,none
1400,1,1,2026-07-29T07:00:00,35488.379,27.34,328.667,12942.769,19.01,98,estimated,True,2026-07-29T07:02:00,False,none
1401,1,1,2026-07-29T08:00:00,35518.924,30.545,328.667,12942.769,19.26,98,estimated,True,2026-07-29T08:02:00,False,none
1402,1,1,2026-07-29T09:00:00,35538.343,19.419,328.667,12942.769,20.33,98,estimated,True,2026-07-29T09:02:00,False,none
1403,1,1,2026-07-29T10:00:00,35547.739,9.396,328.667,12942.769,22.32,98,estimated,True,2026-07-29T10:02:00,False,none
1404,1,1,2026-07-29T11:00:00,35561.392,13.653,328.667,12942.769,22.88,98,estimated,True,2026-07-29T11:02:00,False,none
1405,1,1,2026-07-29T12:00:00,35575.2,13.808,328.667,12942.769,24.26,98,estimated,True,2026-07-29T12:02:00,False,none
1406,1,1,2026-07-29T13:00:00,35588.719,13.519,328.667,12942.769,25.33,98,estimated,True,2026-07-29T13:02:00,False,none
1407,1,1,2026-07-29T14:00:00,35597.898,9.179,328.667,12942.769,25.6,98,estimated,True,2026-07-29T14:02:00,False,none
1408,1,1,2026-07-29T15:00:00,35611.28,13.382,328.667,12942.769,26.27,98,estimated,True,2026-07-29T15:02:00,False,none
1409,1,1,2026-07-29T16:00:00,35625.31,14.03,328.667,12942.769,25.48,98,estimated,True,2026-07-29T16:02:00,False,none
1410,1,1,2026-07-29T17:00:00,35646.565,21.255,328.667,12942.769,25.37,98,estimated,True,2026-07-29T17:02:00,False,none
1411,1,1,2026-07-29T18:00:00,35680.637,34.072,328.667,12942.769,24.33,98,estimated,True,2026-07-29T18:02:00,False,none
1412,1,1,2026-07-29T19:00:00,35718.051,37.414,328.667,12942.769,22.58,98,estimated,True,2026-07-29T19:02:00,False,none
1413,1,1,2026-07-29T20:00:00,35743.002,24.951,328.667,12942.769,22.17,98,estimated,True,2026-07-29T20:02:00,False,none
1414,1,1,2026-07-29T21:00:00,35760.086,17.084,328.667,12942.769,20.81,98,estimated,True,2026-07-29T21:02:00,False,none
1415,1,1,2026-07-29T22:00:00,35769.611,9.525,328.667,12942.769,18.86,98,estimated,True,2026-07-29T22:02:00,False,none
1416,1,1,2026-07-29T23:00:00,35772.994,3.383,328.667,12942.769,18.36,98,estimated,True,2026-07-29T23:02:00,False,none
1417,1,1,2026-07-30T00:00:00,35773.187,0.193,307.99,12942.769,17.53,98,estimated,True,2026-07-30T00:02:00,False,none
1418,1,1,2026-07-30T01:00:00,35773.187,0.0,307.99,12942.769,16.54,98,estimated,True,2026-07-30T01:02:00,False,none
1419,1,1,2026-07-30T02:00:00,35773.187,0.0,307.99,12942.769,15.6,98,estimated,True,2026-07-30T02:02:00,False,none
1420,1,1,2026-07-30T03:00:00,35773.187,0.0,307.99,12942.769,15.86,98,estimated,True,2026-07-30T03:02:00,False,none
1421,1,1,2026-07-30T04:00:00,35773.187,0.0,307.99,12942.769,16.11,98,estimated,True,2026-07-30T04:02:00,False,none
1422,1,1,2026-07-30T05:00:00,35774.489,1.302,307.99,12942.769,16.31,98,estimated,True,2026-07-30T05:02:00,False,none
1423,1,1,2026-07-30T06:00:00,35785.101,10.612,307.99,12942.769,17.49,98,estimated,True,2026-07-30T06:02:00,False,none
1424,1,1,2026-07-30T07:00:00,35808.239,23.138,307.99,12942.769,17.02,98,estimated,True,2026-07-30T07:02:00,False,none
1425,1,1,2026-07-30T08:00:00,35831.783,23.544,307.99,12942.769,18.97,98,estimated,True,2026-07-30T08:02:00,False,none
1426,1,1,2026-07-30T09:00:00,35850.192,18.409,307.99,12942.769,20.19,98,estimated,True,2026-07-30T09:02:00,False,none
1427,1,1,2026-07-30T10:00:00,35862.761,12.569,307.99,12942.769,22.51,98,estimated,True,2026-07-30T10:02:00,False,none
1428,1,1,2026-07-30T11:00:00,35877.667,14.906,307.99,12942.769,22.94,98,estimated,True,2026-07-30T11:02:00,False,none
1429,1,1,2026-07-30T12:00:00,35892.473,14.806,307.99,12942.769,24.04,98,estimated,True,2026-07-30T12:02:00,False,none
1430,1,1,2026-07-30T13:00:00,35902.838,10.365,307.99,12942.769,24.55,98,estimated,True,2026-07-30T13:02:00,False,none
1431,1,1,2026-07-30T14:00:00,35913.124,10.286,307.99,12942.769,25.36,98,estimated,True,2026-07-30T14:02:00,False,none
1432,1,1,2026-07-30T15:00:00,35923.674,10.55,307.99,12942.769,25.65,98,estimated,True,2026-07-30T15:02:00,False,none
1433,1,1,2026-07-30T16:00:00,35939.922,16.248,307.99,12942.769,25.14,98,estimated,True,2026-07-30T16:02:00,False,none
1434,1,1,2026-07-30T17:00:00,35964.199,24.277,307.99,12942.769,24.49,98,estimated,True,2026-07-30T17:02:00,False,none
1435,1,1,2026-07-30T18:00:00,35992.668,28.469,307.99,12942.769,23.82,98,estimated,True,2026-07-30T18:02:00,False,none
1436,1,1,2026-07-30T19:00:00,36023.028,30.36,307.99,12942.769,22.6,98,estimated,True,2026-07-30T19:02:00,False,none
1437,1,1,2026-07-30T20:00:00,36050.899,27.871,307.99,12942.769,22.37,98,estimated,True,2026-07-30T20:02:00,False,none
1438,1,1,2026-07-30T21:00:00,36069.136,18.237,307.99,12942.769,21.08,98,estimated,True,2026-07-30T21:02:00,False,none
1439,1,1,2026-07-30T22:00:00,36076.891,7.755,307.99,12942.769,18.95,98,estimated,True,2026-07-30T22:02:00,False,none
1440,1,1,2026-07-30T23:00:00,36080.984,4.093,307.99,12942.769,17.87,98,estimated,True,2026-07-30T23:02:00,False,none
1441,1,1,2026-07-31T00:00:00,36082.708,1.724,327.969,12942.769,16.52,98,estimated,True,2026-07-31T00:02:00,False,none
1442,1,1,2026-07-31T01:00:00,36082.708,0.0,327.969,12942.769,16.56,98,estimated,True,2026-07-31T01:02:00,False,none
1443,1,1,2026-07-31T02:00:00,36082.708,0.0,327.969,12942.769,15.59,98,estimated,True,2026-07-31T02:02:00,False,none
1444,1,1,2026-07-31T03:00:00,36082.708,0.0,327.969,12942.769,14.92,98,estimated,True,2026-07-31T03:02:00,False,none
1445,1,1,2026-07-31T04:00:00,36082.708,0.0,327.969,12942.769,16.16,98,estimated,True,2026-07-31T04:02:00,False,none
1446,1,1,2026-07-31T05:00:00,36085.067,2.359,327.969,12942.769,16.28,98,estimated,True,2026-07-31T05:02:00,False,none
1447,1,1,2026-07-31T06:00:00,36097.875,12.808,327.969,12942.769,17.09,98,estimated,True,2026-07-31T06:02:00,False,none
1448,1,1,2026-07-31T07:00:00,36120.134,22.259,327.969,12942.769,17.65,98,estimated,True,2026-07-31T07:02:00,False,none
1449,1,1,2026-07-31T08:00:00,36152.326,32.192,327.969,12942.769,18.93,98,estimated,True,2026-07-31T08:02:00,False,none
1450,1,1,2026-07-31T09:00:00,36171.481,19.155,327.969,12942.769,20.9,98,estimated,True,2026-07-31T09:02:00,False,none
1451,1,1,2026-07-31T10:00:00,36181.882,10.401,327.969,12942.769,22.3,98,estimated,True,2026-07-31T10:02:00,False,none
1452,1,1,2026-07-31T11:00:00,36198.598,16.716,327.969,12942.769,23.7,98,estimated,True,2026-07-31T11:02:00,False,none
1453,1,1,2026-07-31T12:00:00,36218.203,19.605,327.969,12942.769,24.37,98,estimated,True,2026-07-31T12:02:00,False,none
1454,1,1,2026-07-31T13:00:00,36230.5,12.297,327.969,12942.769,24.2,98,estimated,True,2026-07-31T13:02:00,False,none
1455,1,1,2026-07-31T14:00:00,36241.469,10.969,327.969,12942.769,25.07,98,estimated,True,2026-07-31T14:02:00,False,none
1456,1,1,2026-07-31T15:00:00,36253.583,12.114,327.969,12942.769,25.12,98,estimated,True,2026-07-31T15:02:00,False,none
1457,1,1,2026-07-31T16:00:00,36269.989,16.406,327.969,12942.769,25.91,98,estimated,True,2026-07-31T16:02:00,False,none
1458,1,1,2026-07-31T17:00:00,36289.565,19.576,327.969,12942.769,24.98,98,estimated,True,2026-07-31T17:02:00,False,none
1459,1,1,2026-07-31T18:00:00,36325.552,35.987,327.969,12942.769,23.73,98,estimated,True,2026-07-31T18:02:00,False,none
1460,1,1,2026-07-31T19:00:00,36357.704,32.152,327.969,12942.769,23.35,98,estimated,True,2026-07-31T19:02:00,False,none
1461,1,1,2026-07-31T20:00:00,36377.57,19.866,327.969,12942.769,21.66,98,estimated,True,2026-07-31T20:02:00,False,none
1462,1,1,2026-07-31T21:00:00,36398.668,21.098,327.969,12942.769,20.11,98,estimated,True,2026-07-31T21:02:00,False,none
1463,1,1,2026-07-31T22:00:00,36406.928,8.26,327.969,12942.769,18.73,98,estimated,True,2026-07-31T22:02:00,False,none
1464,1,1,2026-07-31T23:00:00,36408.953,2.025,327.969,12942.769,18.44,98,estimated,True,2026-07-31T23:02:00,False,none
1465,1,1,2026-08-01T00:00:00,36411.032,2.079,446.94,11001.156,16.94,98,estimated,True,2026-08-01T00:02:00,False,none
1466,1,1,2026-08-01T01:00:00,36413.858,2.826,446.94,11001.156,16.08,98,estimated,True,2026-08-01T01:02:00,False,none
1467,1,1,2026-08-01T02:00:00,36413.858,0.0,446.94,11001.156,15.65,98,estimated,True,2026-08-01T02:02:00,False,none
1468,1,1,2026-08-01T03:00:00,36414.741,0.883,446.94,11001.156,15.34,98,estimated,True,2026-08-01T03:02:00,False,none
1469,1,1,2026-08-01T04:00:00,36414.741,0.0,446.94,11001.156,15.18,98,estimated,True,2026-08-01T04:02:00,False,none
1470,1,1,2026-08-01T05:00:00,36417.636,2.895,446.94,11001.156,16.32,98,estimated,True,2026-08-01T05:02:00,False,none
1471,1,1,2026-08-01T06:00:00,36434.102,16.466,446.94,11001.156,17.12,98,estimated,True,2026-08-01T06:02:00,False,none
1472,1,1,2026-08-01T07:00:00,36466.547,32.445,446.94,11001.156,18.05,98,estimated,True,2026-08-01T07:02:00,False,none
1473,1,1,2026-08-01T08:00:00,36501.775,35.228,446.94,11001.156,18.76,98,estimated,True,2026-08-01T08:02:00,False,none
1474,1,1,2026-08-01T09:00:00,36529.805,28.03,446.94,11001.156,20.88,98,estimated,True,2026-08-01T09:02:00,False,none
1475,1,1,2026-08-01T10:00:00,36545.832,16.027,446.94,11001.156,21.6,98,estimated,True,2026-08-01T10:02:00,False,none
1476,1,1,2026-08-01T11:00:00,36567.045,21.213,446.94,11001.156,22.54,98,estimated,True,2026-08-01T11:02:00,False,none
1477,1,1,2026-08-01T12:00:00,36593.248,26.203,446.94,11001.156,24.21,98,estimated,True,2026-08-01T12:02:00,False,none
1478,1,1,2026-08-01T13:00:00,36609.732,16.484,446.94,11001.156,24.38,98,estimated,True,2026-08-01T13:02:00,False,none
1479,1,1,2026-08-01T14:00:00,36624.045,14.313,446.94,11001.156,25.33,98,estimated,True,2026-08-01T14:02:00,False,none
1480,1,1,2026-08-01T15:00:00,36637.125,13.08,446.94,11001.156,25.32,98,estimated,True,2026-08-01T15:02:00,False,none
1481,1,1,2026-08-01T16:00:00,36658.773,21.648,446.94,11001.156,25.59,98,estimated,True,2026-08-01T16:02:00,False,none
1482,1,1,2026-08-01T17:00:00,36692.748,33.975,446.94,11001.156,24.37,98,estimated,True,2026-08-01T17:02:00,False,none
1483,1,1,2026-08-01T18:00:00,36734.588,41.84,446.94,11001.156,24.41,98,estimated,True,2026-08-01T18:02:00,False,none
1484,1,1,2026-08-01T19:00:00,36779.919,45.331,446.94,11001.156,22.94,98,estimated,True,2026-08-01T19:02:00,False,none
1485,1,1,2026-08-01T20:00:00,36814.579,34.66,446.94,11001.156,21.35,98,estimated,True,2026-08-01T20:02:00,False,none
1486,1,1,2026-08-01T21:00:00,36839.535,24.956,446.94,11001.156,19.54,98,estimated,True,2026-08-01T21:02:00,False,none
1487,1,1,2026-08-01T22:00:00,36852.078,12.543,446.94,11001.156,18.49,98,estimated,True,2026-08-01T22:02:00,False,none
1488,1,1,2026-08-01T23:00:00,36855.893,3.815,446.94,11001.156,17.77,98,estimated,True,2026-08-01T23:02:00,False,none
1489,1,1,2026-08-02T00:00:00,36856.991,1.098,417.488,11001.156,16.5,98,estimated,True,2026-08-02T00:02:00,False,none
1490,1,1,2026-08-02T01:00:00,36856.991,0.0,417.488,11001.156,16.53,98,estimated,True,2026-08-02T01:02:00,False,none
1491,1,1,2026-08-02T02:00:00,36856.991,0.0,417.488,11001.156,15.24,98,estimated,True,2026-08-02T02:02:00,False,none
1492,1,1,2026-08-02T03:00:00,36856.991,0.0,417.488,11001.156,15.96,98,estimated,True,2026-08-02T03:02:00,False,none
1493,1,1,2026-08-02T04:00:00,36856.991,0.0,417.488,11001.156,15.14,98,estimated,True,2026-08-02T04:02:00,False,none
1494,1,1,2026-08-02T05:00:00,36858.827,1.836,417.488,11001.156,16.05,98,estimated,True,2026-08-02T05:02:00,False,none
1495,1,1,2026-08-02T06:00:00,36875.299,16.472,417.488,11001.156,17.2,98,estimated,True,2026-08-02T06:02:00,False,none
1496,1,1,2026-08-02T07:00:00,36908.561,33.262,417.488,11001.156,18.0,98,estimated,True,2026-08-02T07:02:00,False,none
1497,1,1,2026-08-02T08:00:00,36947.079,38.518,417.488,11001.156,19.7,98,estimated,True,2026-08-02T08:02:00,False,none
1498,1,1,2026-08-02T09:00:00,36972.277,25.198,417.488,11001.156,19.82,98,estimated,True,2026-08-02T09:02:00,False,none
1499,1,1,2026-08-02T10:00:00,36986.275,13.998,417.488,11001.156,22.42,98,estimated,True,2026-08-02T10:02:00,False,none
1500,1,1,2026-08-02T11:00:00,37005.8,19.525,417.488,11001.156,22.65,98,estimated,True,2026-08-02T11:02:00,False,none
1501,1,1,2026-08-02T12:00:00,37024.547,18.747,417.488,11001.156,23.81,98,estimated,True,2026-08-02T12:02:00,False,none
1502,1,1,2026-08-02T13:00:00,37046.622,22.075,417.488,11001.156,25.07,98,estimated,True,2026-08-02T13:02:00,False,none
1503,1,1,2026-08-02T14:00:00,37058.464,11.842,417.488,11001.156,25.2,98,estimated,True,2026-08-02T14:02:00,False,none
1504,1,1,2026-08-02T15:00:00,37073.527,15.063,417.488,11001.156,24.67,98,estimated,True,2026-08-02T15:02:00,False,none
1505,1,1,2026-08-02T16:00:00,37094.587,21.06,417.488,11001.156,25.56,98,estimated,True,2026-08-02T16:02:00,False,none
1506,1,1,2026-08-02T17:00:00,37121.743,27.156,417.488,11001.156,24.62,98,estimated,True,2026-08-02T17:02:00,False,none
1507,1,1,2026-08-02T18:00:00,37167.044,45.301,417.488,11001.156,23.39,98,estimated,True,2026-08-02T18:02:00,False,none
1508,1,1,2026-08-02T19:00:00,37201.665,34.621,417.488,11001.156,23.16,98,estimated,True,2026-08-02T19:02:00,False,none
1509,1,1,2026-08-02T20:00:00,37238.579,36.914,417.488,11001.156,22.22,98,estimated,True,2026-08-02T20:02:00,False,none
1510,1,1,2026-08-02T21:00:00,37257.523,18.944,417.488,11001.156,20.85,98,estimated,True,2026-08-02T21:02:00,False,none
1511,1,1,2026-08-02T22:00:00,37267.959,10.436,417.488,11001.156,18.45,98,estimated,True,2026-08-02T22:02:00,False,none
1512,1,1,2026-08-02T23:00:00,37273.381,5.422,417.488,11001.156,17.99,98,estimated,True,2026-08-02T23:02:00,False,none
1513,1,1,2026-08-03T00:00:00,37274.196,0.815,308.065,11001.156,16.94,98,estimated,True,2026-08-03T00:02:00,False,none
1514,1,1,2026-08-03T01:00:00,37274.196,0.0,308.065,11001.156,15.46,98,estimated,True,2026-08-03T01:02:00,False,none
1515,1,1,2026-08-03T02:00:00,37274.196,0.0,308.065,11001.156,15.94,98,estimated,True,2026-08-03T02:02:00,False,none
1516,1,1,2026-08-03T03:00:00,37274.196,0.0,308.065,11001.156,15.47,98,estimated,True,2026-08-03T03:02:00,False,none
1517,1,1,2026-08-03T04:00:00,37274.196,0.0,308.065,11001.156,15.45,98,estimated,True,2026-08-03T04:02:00,False,none
1518,1,1,2026-08-03T05:00:00,37276.082,1.886,308.065,11001.156,15.63,98,estimated,True,2026-08-03T05:02:00,False,none
1519,1,1,2026-08-03T06:00:00,37284.35,8.268,308.065,11001.156,16.69,98,estimated,True,2026-08-03T06:02:00,False,none
1520,1,1,2026-08-03T07:00:00,37305.729,21.379,308.065,11001.156,17.88,98,estimated,True,2026-08-03T07:02:00,False,none
1521,1,1,2026-08-03T08:00:00,37329.076,23.347,308.065,11001.156,18.44,98,estimated,True,2026-08-03T08:02:00,False,none
1522,1,1,2026-08-03T09:00:00,37344.291,15.215,308.065,11001.156,19.48,98,estimated,True,2026-08-03T09:02:00,False,none
1523,1,1,2026-08-03T10:00:00,37359.244,14.953,308.065,11001.156,21.21,98,estimated,True,2026-08-03T10:02:00,False,none
1524,1,1,2026-08-03T11:00:00,37373.678,14.434,308.065,11001.156,22.49,98,estimated,True,2026-08-03T11:02:00,False,none
1525,1,1,2026-08-03T12:00:00,37390.084,16.406,308.065,11001.156,23.89,98,estimated,True,2026-08-03T12:02:00,False,none
1526,1,1,2026-08-03T13:00:00,37401.325,11.241,308.065,11001.156,24.49,98,estimated,True,2026-08-03T13:02:00,False,none
1527,1,1,2026-08-03T14:00:00,37413.609,12.284,308.065,11001.156,25.61,98,estimated,True,2026-08-03T14:02:00,False,none
1528,1,1,2026-08-03T15:00:00,37423.349,9.74,308.065,11001.156,24.52,98,estimated,True,2026-08-03T15:02:00,False,none
1529,1,1,2026-08-03T16:00:00,37436.739,13.39,308.065,11001.156,24.91,98,estimated,True,2026-08-03T16:02:00,False,none
1530,1,1,2026-08-03T17:00:00,37457.007,20.268,308.065,11001.156,24.73,98,estimated,True,2026-08-03T17:02:00,False,none
1531,1,1,2026-08-03T18:00:00,37492.772,35.765,308.065,11001.156,24.6,98,estimated,True,2026-08-03T18:02:00,False,none
1532,1,1,2026-08-03T19:00:00,37529.057,36.285,308.065,11001.156,22.78,98,estimated,True,2026-08-03T19:02:00,False,none
1533,1,1,2026-08-03T20:00:00,37553.527,24.47,308.065,11001.156,21.93,98,estimated,True,2026-08-03T20:02:00,False,none
1534,1,1,2026-08-03T21:00:00,37570.849,17.322,308.065,11001.156,19.87,98,estimated,True,2026-08-03T21:02:00,False,none
1535,1,1,2026-08-03T22:00:00,37579.06,8.211,308.065,11001.156,19.25,98,estimated,True,2026-08-03T22:02:00,False,none
1536,1,1,2026-08-03T23:00:00,37581.446,2.386,308.065,11001.156,17.06,98,estimated,True,2026-08-03T23:02:00,False,none
1537,1,1,2026-08-04T00:00:00,37582.395,0.949,330.254,11001.156,16.55,98,estimated,True,2026-08-04T00:02:00,False,none
1538,1,1,2026-08-04T01:00:00,37582.395,0.0,330.254,11001.156,16.58,98,estimated,True,2026-08-04T01:02:00,False,none
1539,1,1,2026-08-04T02:00:00,37582.851,0.456,330.254,11001.156,15.77,98,estimated,True,2026-08-04T02:02:00,False,none
1540,1,1,2026-08-04T03:00:00,37582.851,0.0,330.254,11001.156,16.03,98,estimated,True,2026-08-04T03:02:00,False,none
1541,1,1,2026-08-04T04:00:00,37582.851,0.0,330.254,11001.156,15.01,98,estimated,True,2026-08-04T04:02:00,False,none
1542,1,1,2026-08-04T05:00:00,37582.851,0.0,330.254,11001.156,15.96,98,estimated,True,2026-08-04T05:02:00,False,none
1543,1,1,2026-08-04T06:00:00,37594.123,11.272,330.254,11001.156,16.86,98,estimated,True,2026-08-04T06:02:00,False,none
1544,1,1,2026-08-04T07:00:00,37624.302,30.179,330.254,11001.156,17.53,98,estimated,True,2026-08-04T07:02:00,False,none
1545,1,1,2026-08-04T08:00:00,37652.161,27.859,330.254,11001.156,18.55,98,estimated,True,2026-08-04T08:02:00,False,none
1546,1,1,2026-08-04T09:00:00,37668.517,16.356,330.254,11001.156,20.92,98,estimated,True,2026-08-04T09:02:00,False,none
1547,1,1,2026-08-04T10:00:00,37680.417,11.9,330.254,11001.156,21.19,98,estimated,True,2026-08-04T10:02:00,False,none
1548,1,1,2026-08-04T11:00:00,37694.902,14.485,330.254,11001.156,22.96,98,estimated,True,2026-08-04T11:02:00,False,none
1549,1,1,2026-08-04T12:00:00,37710.022,15.12,330.254,11001.156,23.14,98,estimated,True,2026-08-04T12:02:00,False,none
1550,1,1,2026-08-04T13:00:00,37723.024,13.002,330.254,11001.156,24.21,98,estimated,True,2026-08-04T13:02:00,False,none
1551,1,1,2026-08-04T14:00:00,37733.625,10.601,330.254,11001.156,25.12,98,estimated,True,2026-08-04T14:02:00,False,none
1552,1,1,2026-08-04T15:00:00,37746.147,12.522,330.254,11001.156,24.41,98,estimated,True,2026-08-04T15:02:00,False,none
1553,1,1,2026-08-04T16:00:00,37763.805,17.658,330.254,11001.156,25.05,98,estimated,True,2026-08-04T16:02:00,False,none
1554,1,1,2026-08-04T17:00:00,37788.949,25.144,330.254,11001.156,24.63,98,estimated,True,2026-08-04T17:02:00,False,none
1555,1,1,2026-08-04T18:00:00,37825.299,36.35,330.254,11001.156,23.84,98,estimated,True,2026-08-04T18:02:00,False,none
1556,1,1,2026-08-04T19:00:00,37857.223,31.924,330.254,11001.156,22.83,98,estimated,True,2026-08-04T19:02:00,False,none
1557,1,1,2026-08-04T20:00:00,37886.27,29.047,330.254,11001.156,22.32,98,estimated,True,2026-08-04T20:02:00,False,none
1558,1,1,2026-08-04T21:00:00,37900.803,14.533,330.254,11001.156,20.35,98,estimated,True,2026-08-04T21:02:00,False,none
1559,1,1,2026-08-04T22:00:00,37909.163,8.36,330.254,11001.156,18.31,98,estimated,True,2026-08-04T22:02:00,False,none
1560,1,1,2026-08-04T23:00:00,37911.7,2.537,330.254,11001.156,17.68,98,estimated,True,2026-08-04T23:02:00,False,none
1561,1,1,2026-08-05T00:00:00,37913.98,2.28,308.738,11001.156,16.58,98,estimated,True,2026-08-05T00:02:00,False,none
1562,1,1,2026-08-05T01:00:00,37913.98,0.0,308.738,11001.156,16.01,98,estimated,True,2026-08-05T01:02:00,False,none
1563,1,1,2026-08-05T02:00:00,37913.98,0.0,308.738,11001.156,14.74,98,estimated,True,2026-08-05T02:02:00,False,none
1564,1,1,2026-08-05T03:00:00,37913.98,0.0,308.738,11001.156,14.87,98,estimated,True,2026-08-05T03:02:00,False,none
1565,1,1,2026-08-05T04:00:00,37913.98,0.0,308.738,11001.156,15.35,98,estimated,True,2026-08-05T04:02:00,False,none
1566,1,1,2026-08-05T05:00:00,37915.698,1.718,308.738,11001.156,16.17,98,estimated,True,2026-08-05T05:02:00,False,none
1567,1,1,2026-08-05T06:00:00,37925.241,9.543,308.738,11001.156,16.53,98,estimated,True,2026-08-05T06:02:00,False,none
1568,1,1,2026-08-05T07:00:00,37954.985,29.744,308.738,11001.156,18.24,98,estimated,True,2026-08-05T07:02:00,False,none
1569,1,1,2026-08-05T08:00:00,37987.856,32.871,308.738,11001.156,18.83,98,estimated,True,2026-08-05T08:02:00,False,none
1570,1,1,2026-08-05T09:00:00,38003.112,15.256,308.738,11001.156,20.13,98,estimated,True,2026-08-05T09:02:00,False,none
1571,1,1,2026-08-05T10:00:00,38015.418,12.306,308.738,11001.156,21.19,98,estimated,True,2026-08-05T10:02:00,False,none
1572,1,1,2026-08-05T11:00:00,38029.18,13.762,308.738,11001.156,22.38,98,estimated,True,2026-08-05T11:02:00,False,none
1573,1,1,2026-08-05T12:00:00,38045.175,15.995,308.738,11001.156,23.56,98,estimated,True,2026-08-05T12:02:00,False,none
1574,1,1,2026-08-05T13:00:00,38056.628,11.453,308.738,11001.156,24.41,98,estimated,True,2026-08-05T13:02:00,False,none
1575,1,1,2026-08-05T14:00:00,38065.167,8.539,308.738,11001.156,24.6,98,estimated,True,2026-08-05T14:02:00,False,none
1576,1,1,2026-08-05T15:00:00,38073.466,8.299,308.738,11001.156,25.45,98,estimated,True,2026-08-05T15:02:00,False,none
1577,1,1,2026-08-05T16:00:00,38091.127,17.661,308.738,11001.156,25.35,98,estimated,True,2026-08-05T16:02:00,False,none
1578,1,1,2026-08-05T17:00:00,38106.398,15.271,308.738,11001.156,24.27,98,estimated,True,2026-08-05T17:02:00,False,none
1579,1,1,2026-08-05T18:00:00,38137.451,31.053,308.738,11001.156,23.45,98,estimated,True,2026-08-05T18:02:00,False,none
1580,1,1,2026-08-05T19:00:00,38167.757,30.306,308.738,11001.156,22.16,98,estimated,True,2026-08-05T19:02:00,False,none
1581,1,1,2026-08-05T20:00:00,38196.098,28.341,308.738,11001.156,21.97,98,estimated,True,2026-08-05T20:02:00,False,none
1582,1,1,2026-08-05T21:00:00,38209.969,13.871,308.738,11001.156,19.69,98,estimated,True,2026-08-05T21:02:00,False,none
1583,1,1,2026-08-05T22:00:00,38217.838,7.869,308.738,11001.156,18.64,98,estimated,True,2026-08-05T22:02:00,False,none
1584,1,1,2026-08-05T23:00:00,38220.438,2.6,308.738,11001.156,17.76,98,estimated,True,2026-08-05T23:02:00,False,none
1585,1,1,2026-08-06T00:00:00,38222.996,2.558,315.384,11001.156,16.69,98,estimated,True,2026-08-06T00:02:00,False,none
1586,1,1,2026-08-06T01:00:00,38223.361,0.365,315.384,11001.156,16.02,98,estimated,True,2026-08-06T01:02:00,False,none
1587,1,1,2026-08-06T02:00:00,38223.361,0.0,315.384,11001.156,14.83,98,estimated,True,2026-08-06T02:02:00,False,none
1588,1,1,2026-08-06T03:00:00,38223.361,0.0,315.384,11001.156,15.04,98,estimated,True,2026-08-06T03:02:00,False,none
1589,1,1,2026-08-06T04:00:00,38223.361,0.0,315.384,11001.156,14.58,98,estimated,True,2026-08-06T04:02:00,False,none
1590,1,1,2026-08-06T05:00:00,38224.953,1.592,315.384,11001.156,15.89,98,estimated,True,2026-08-06T05:02:00,False,none
1591,1,1,2026-08-06T06:00:00,38234.889,9.936,315.384,11001.156,16.97,98,estimated,True,2026-08-06T06:02:00,False,none
1592,1,1,2026-08-06T07:00:00,38254.036,19.147,315.384,11001.156,18.21,98,estimated,True,2026-08-06T07:02:00,False,none
1593,1,1,2026-08-06T08:00:00,38284.981,30.945,315.384,11001.156,18.9,98,estimated,True,2026-08-06T08:02:00,False,none
1594,1,1,2026-08-06T09:00:00,38304.077,19.096,315.384,11001.156,19.7,98,estimated,True,2026-08-06T09:02:00,False,none
1595,1,1,2026-08-06T10:00:00,38312.968,8.891,315.384,11001.156,21.83,98,estimated,True,2026-08-06T10:02:00,False,none
1596,1,1,2026-08-06T11:00:00,38322.872,9.904,315.384,11001.156,22.72,98,estimated,True,2026-08-06T11:02:00,False,none
1597,1,1,2026-08-06T12:00:00,38342.181,19.309,315.384,11001.156,23.17,98,estimated,True,2026-08-06T12:02:00,False,none
1598,1,1,2026-08-06T13:00:00,38353.456,11.275,315.384,11001.156,24.12,98,estimated,True,2026-08-06T13:02:00,False,none
1599,1,1,2026-08-06T14:00:00,38366.056,12.6,315.384,11001.156,24.77,98,estimated,True,2026-08-06T14:02:00,False,none
1600,1,1,2026-08-06T15:00:00,38375.759,9.703,315.384,11001.156,24.29,98,estimated,True,2026-08-06T15:02:00,False,none
1601,1,1,2026-08-06T16:00:00,38394.277,18.518,315.384,11001.156,25.45,98,estimated,True,2026-08-06T16:02:00,False,none
1602,1,1,2026-08-06T17:00:00,38413.184,18.907,315.384,11001.156,24.31,98,estimated,True,2026-08-06T17:02:00,False,none
1603,1,1,2026-08-06T18:00:00,38450.466,37.282,315.384,11001.156,24.4,98,estimated,True,2026-08-06T18:02:00,False,none
1604,1,1,2026-08-06T19:00:00,38479.62,29.154,315.384,11001.156,22.79,98,estimated,True,2026-08-06T19:02:00,False,none
1605,1,1,2026-08-06T20:00:00,38505.362,25.742,315.384,11001.156,21.3,98,estimated,True,2026-08-06T20:02:00,False,none
1606,1,1,2026-08-06T21:00:00,38525.511,20.149,315.384,11001.156,20.15,98,estimated,True,2026-08-06T21:02:00,False,none
1607,1,1,2026-08-06T22:00:00,38532.543,7.032,315.384,11001.156,19.08,98,estimated,True,2026-08-06T22:02:00,False,none
1608,1,1,2026-08-06T23:00:00,38535.822,3.279,315.384,11001.156,18.07,98,estimated,True,2026-08-06T23:02:00,False,none
1609,1,1,2026-08-07T00:00:00,38538.005,2.183,315.51,11001.156,16.74,98,estimated,True,2026-08-07T00:02:00,False,none
1610,1,1,2026-08-07T01:00:00,38538.005,0.0,315.51,11001.156,15.23,98,estimated,True,2026-08-07T01:02:00,False,none
1611,1,1,2026-08-07T02:00:00,38538.005,0.0,315.51,11001.156,15.9,98,estimated,True,2026-08-07T02:02:00,False,none
1612,1,1,2026-08-07T03:00:00,38538.005,0.0,315.51,11001.156,14.27,98,estimated,True,2026-08-07T03:02:00,False,none
1613,1,1,2026-08-07T04:00:00,38538.005,0.0,315.51,11001.156,15.2,98,estimated,True,2026-08-07T04:02:00,False,none
1614,1,1,2026-08-07T05:00:00,38538.985,0.98,315.51,11001.156,15.63,98,estimated,True,2026-08-07T05:02:00,False,none
1615,1,1,2026-08-07T06:00:00,38549.081,10.096,315.51,11001.156,16.56,98,estimated,True,2026-08-07T06:02:00,False,none
1616,1,1,2026-08-07T07:00:00,38576.782,27.701,315.51,11001.156,16.63,98,estimated,True,2026-08-07T07:02:00,False,none
1617,1,1,2026-08-07T08:00:00,38606.239,29.457,315.51,11001.156,19.09,98,estimated,True,2026-08-07T08:02:00,False,none
1618,1,1,2026-08-07T09:00:00,38626.752,20.513,315.51,11001.156,20.09,98,estimated,True,2026-08-07T09:02:00,False,none
1619,1,1,2026-08-07T10:00:00,38640.18,13.428,315.51,11001.156,21.39,98,estimated,True,2026-08-07T10:02:00,False,none
1620,1,1,2026-08-07T11:00:00,38656.538,16.358,315.51,11001.156,22.38,98,estimated,True,2026-08-07T11:02:00,False,none
1621,1,1,2026-08-07T12:00:00,38673.066,16.528,315.51,11001.156,23.67,98,estimated,True,2026-08-07T12:02:00,False,none
1622,1,1,2026-08-07T13:00:00,38686.641,13.575,315.51,11001.156,23.82,98,estimated,True,2026-08-07T13:02:00,False,none
1623,1,1,2026-08-07T14:00:00,38695.963,9.322,315.51,11001.156,24.5,98,estimated,True,2026-08-07T14:02:00,False,none
1624,1,1,2026-08-07T15:00:00,38705.647,9.684,315.51,11001.156,24.68,98,estimated,True,2026-08-07T15:02:00,False,none
1625,1,1,2026-08-07T16:00:00,38723.208,17.561,315.51,11001.156,25.68,98,estimated,True,2026-08-07T16:02:00,False,none
1626,1,1,2026-08-07T17:00:00,38742.158,18.95,315.51,11001.156,25.1,98,estimated,True,2026-08-07T17:02:00,False,none
1627,1,1,2026-08-07T18:00:00,38768.595,26.437,315.51,11001.156,23.57,98,estimated,True,2026-08-07T18:02:00,False,none
1628,1,1,2026-08-07T19:00:00,38797.34,28.745,315.51,11001.156,22.22,98,estimated,True,2026-08-07T19:02:00,False,none
1629,1,1,2026-08-07T20:00:00,38822.339,24.999,315.51,11001.156,21.79,98,estimated,True,2026-08-07T20:02:00,False,none
1630,1,1,2026-08-07T21:00:00,38840.744,18.405,315.51,11001.156,20.43,98,estimated,True,2026-08-07T21:02:00,False,none
1631,1,1,2026-08-07T22:00:00,38847.386,6.642,315.51,11001.156,19.63,98,estimated,True,2026-08-07T22:02:00,False,none
1632,1,1,2026-08-07T23:00:00,38851.332,3.946,315.51,11001.156,18.01,98,estimated,True,2026-08-07T23:02:00,False,none
1633,1,1,2026-08-08T00:00:00,38853.466,2.134,428.696,11001.156,16.08,98,estimated,True,2026-08-08T00:02:00,False,none
1634,1,1,2026-08-08T01:00:00,38853.466,0.0,428.696,11001.156,15.81,98,estimated,True,2026-08-08T01:02:00,False,none
1635,1,1,2026-08-08T02:00:00,38853.466,0.0,428.696,11001.156,14.98,98,estimated,True,2026-08-08T02:02:00,False,none
1636,1,1,2026-08-08T03:00:00,38853.466,0.0,428.696,11001.156,15.82,98,estimated,True,2026-08-08T03:02:00,False,none
1637,1,1,2026-08-08T04:00:00,38853.466,0.0,428.696,11001.156,15.49,98,estimated,True,2026-08-08T04:02:00,False,none
1638,1,1,2026-08-08T05:00:00,38855.79,2.324,428.696,11001.156,15.13,98,estimated,True,2026-08-08T05:02:00,False,none
1639,1,1,2026-08-08T06:00:00,38870.596,14.806,428.696,11001.156,16.48,98,estimated,True,2026-08-08T06:02:00,False,none
1640,1,1,2026-08-08T07:00:00,38903.989,33.393,428.696,11001.156,17.43,98,estimated,True,2026-08-08T07:02:00,False,none
1641,1,1,2026-08-08T08:00:00,38945.905,41.916,428.696,11001.156,18.99,98,estimated,True,2026-08-08T08:02:00,False,none
1642,1,1,2026-08-08T09:00:00,38968.999,23.094,428.696,11001.156,19.61,98,estimated,True,2026-08-08T09:02:00,False,none
1643,1,1,2026-08-08T10:00:00,38986.649,17.65,428.696,11001.156,21.77,98,estimated,True,2026-08-08T10:02:00,False,none
1644,1,1,2026-08-08T11:00:00,39006.029,19.38,428.696,11001.156,21.95,98,estimated,True,2026-08-08T11:02:00,False,none
1645,1,1,2026-08-08T12:00:00,39027.401,21.372,428.696,11001.156,22.75,98,estimated,True,2026-08-08T12:02:00,False,none
1646,1,1,2026-08-08T13:00:00,39042.704,15.303,428.696,11001.156,25.09,98,estimated,True,2026-08-08T13:02:00,False,none
1647,1,1,2026-08-08T14:00:00,39057.205,14.501,428.696,11001.156,24.5,98,estimated,True,2026-08-08T14:02:00,False,none
1648,1,1,2026-08-08T15:00:00,39070.707,13.502,428.696,11001.156,24.39,98,estimated,True,2026-08-08T15:02:00,False,none
1649,1,1,2026-08-08T16:00:00,39089.115,18.408,428.696,11001.156,25.07,98,estimated,True,2026-08-08T16:02:00,False,none
1650,1,1,2026-08-08T17:00:00,39120.947,31.832,428.696,11001.156,24.24,98,estimated,True,2026-08-08T17:02:00,False,none
1651,1,1,2026-08-08T18:00:00,39163.442,42.495,428.696,11001.156,23.71,98,estimated,True,2026-08-08T18:02:00,False,none
1652,1,1,2026-08-08T19:00:00,39207.834,44.392,428.696,11001.156,22.37,98,estimated,True,2026-08-08T19:02:00,False,none
1653,1,1,2026-08-08T20:00:00,39244.266,36.432,428.696,11001.156,21.25,98,estimated,True,2026-08-08T20:02:00,False,none
1654,1,1,2026-08-08T21:00:00,39266.352,22.086,428.696,11001.156,19.8,98,estimated,True,2026-08-08T21:02:00,False,none
1655,1,1,2026-08-08T22:00:00,39276.934,10.582,428.696,11001.156,18.31,98,estimated,True,2026-08-08T22:02:00,False,none
1656,1,1,2026-08-08T23:00:00,39280.028,3.094,428.696,11001.156,17.18,98,estimated,True,2026-08-08T23:02:00,False,none
1657,1,1,2026-08-09T00:00:00,39281.526,1.498,426.679,11001.156,16.59,98,estimated,True,2026-08-09T00:02:00,False,none
1658,1,1,2026-08-09T01:00:00,39281.526,0.0,426.679,11001.156,16.0,98,estimated,True,2026-08-09T01:02:00,False,none
1659,1,1,2026-08-09T02:00:00,39281.526,0.0,426.679,11001.156,14.97,98,estimated,True,2026-08-09T02:02:00,False,none
1660,1,1,2026-08-09T03:00:00,39281.526,0.0,426.679,11001.156,15.08,98,estimated,True,2026-08-09T03:02:00,False,none
1661,1,1,2026-08-09T04:00:00,39281.526,0.0,426.679,11001.156,16.08,98,estimated,True,2026-08-09T04:02:00,False,none
1662,1,1,2026-08-09T05:00:00,39283.6,2.074,426.679,11001.156,15.55,98,estimated,True,2026-08-09T05:02:00,False,none
1663,1,1,2026-08-09T06:00:00,39298.759,15.159,426.679,11001.156,16.64,98,estimated,True,2026-08-09T06:02:00,False,none
1664,1,1,2026-08-09T07:00:00,39325.826,27.067,426.679,11001.156,18.0,98,estimated,True,2026-08-09T07:02:00,False,none
1665,1,1,2026-08-09T08:00:00,39367.075,41.249,426.679,11001.156,19.02,98,estimated,True,2026-08-09T08:02:00,False,none
1666,1,1,2026-08-09T09:00:00,39391.956,24.881,426.679,11001.156,19.97,98,estimated,True,2026-08-09T09:02:00,False,none
1667,1,1,2026-08-09T10:00:00,39409.564,17.608,426.679,11001.156,21.73,98,estimated,True,2026-08-09T10:02:00,False,none
1668,1,1,2026-08-09T11:00:00,39429.99,20.426,426.679,11001.156,22.06,98,estimated,True,2026-08-09T11:02:00,False,none
1669,1,1,2026-08-09T12:00:00,39451.428,21.438,426.679,11001.156,23.53,98,estimated,True,2026-08-09T12:02:00,False,none
1670,1,1,2026-08-09T13:00:00,39468.384,16.956,426.679,11001.156,24.38,98,estimated,True,2026-08-09T13:02:00,False,none
1671,1,1,2026-08-09T14:00:00,39481.533,13.149,426.679,11001.156,25.33,98,estimated,True,2026-08-09T14:02:00,False,none
1672,1,1,2026-08-09T15:00:00,39495.454,13.921,426.679,11001.156,24.57,98,estimated,True,2026-08-09T15:02:00,False,none
1673,1,1,2026-08-09T16:00:00,39518.317,22.863,426.679,11001.156,24.92,98,estimated,True,2026-08-09T16:02:00,False,none
1674,1,1,2026-08-09T17:00:00,39544.556,26.239,426.679,11001.156,24.59,98,estimated,True,2026-08-09T17:02:00,False,none
1675,1,1,2026-08-09T18:00:00,39587.041,42.485,426.679,11001.156,24.55,98,estimated,True,2026-08-09T18:02:00,False,none
1676,1,1,2026-08-09T19:00:00,39628.772,41.731,426.679,11001.156,23.03,98,estimated,True,2026-08-09T19:02:00,False,none
1677,1,1,2026-08-09T20:00:00,39666.786,38.014,426.679,11001.156,21.53,98,estimated,True,2026-08-09T20:02:00,False,none
1678,1,1,2026-08-09T21:00:00,39692.232,25.446,426.679,11001.156,20.51,98,estimated,True,2026-08-09T21:02:00,False,none
1679,1,1,2026-08-09T22:00:00,39702.456,10.224,426.679,11001.156,19.08,98,estimated,True,2026-08-09T22:02:00,False,none
1680,1,1,2026-08-09T23:00:00,39706.707,4.251,426.679,11001.156,17.29,98,estimated,True,2026-08-09T23:02:00,False,none
1681,1,1,2026-08-10T00:00:00,39707.538,0.831,316.778,11001.156,16.9,98,estimated,True,2026-08-10T00:02:00,False,none
1682,1,1,2026-08-10T01:00:00,39707.538,0.0,316.778,11001.156,16.16,98,estimated,True,2026-08-10T01:02:00,False,none
1683,1,1,2026-08-10T02:00:00,39707.538,0.0,316.778,11001.156,15.63,98,estimated,True,2026-08-10T02:02:00,False,none
1684,1,1,2026-08-10T03:00:00,39707.538,0.0,316.778,11001.156,15.23,98,estimated,True,2026-08-10T03:02:00,False,none
1685,1,1,2026-08-10T04:00:00,39707.538,0.0,316.778,11001.156,14.68,98,estimated,True,2026-08-10T04:02:00,False,none
1686,1,1,2026-08-10T05:00:00,39709.43,1.892,316.778,11001.156,16.14,98,estimated,True,2026-08-10T05:02:00,False,none
1687,1,1,2026-08-10T06:00:00,39723.61,14.18,316.778,11001.156,17.82,98,estimated,True,2026-08-10T06:02:00,False,none
1688,1,1,2026-08-10T07:00:00,39747.529,23.919,316.778,11001.156,17.49,98,estimated,True,2026-08-10T07:02:00,False,none
1689,1,1,2026-08-10T08:00:00,39782.787,35.258,316.778,11001.156,19.16,98,estimated,True,2026-08-10T08:02:00,False,none
1690,1,1,2026-08-10T09:00:00,39797.063,14.276,316.778,11001.156,19.41,98,estimated,True,2026-08-10T09:02:00,False,none
1691,1,1,2026-08-10T10:00:00,39810.024,12.961,316.778,11001.156,21.11,98,estimated,True,2026-08-10T10:02:00,False,none
1692,1,1,2026-08-10T11:00:00,39825.971,15.947,316.778,11001.156,22.76,98,estimated,True,2026-08-10T11:02:00,False,none
1693,1,1,2026-08-10T12:00:00,39837.634,11.663,316.778,11001.156,23.12,98,estimated,True,2026-08-10T12:02:00,False,none
1694,1,1,2026-08-10T13:00:00,39849.453,11.819,316.778,11001.156,24.73,98,estimated,True,2026-08-10T13:02:00,False,none
1695,1,1,2026-08-10T14:00:00,39859.724,10.271,316.778,11001.156,24.08,98,estimated,True,2026-08-10T14:02:00,False,none
1696,1,1,2026-08-10T15:00:00,39870.666,10.942,316.778,11001.156,25.38,98,estimated,True,2026-08-10T15:02:00,False,none
1697,1,1,2026-08-10T16:00:00,39885.519,14.853,316.778,11001.156,24.71,98,estimated,True,2026-08-10T16:02:00,False,none
1698,1,1,2026-08-10T17:00:00,39904.135,18.616,316.778,11001.156,24.24,98,estimated,True,2026-08-10T17:02:00,False,none
1699,1,1,2026-08-10T18:00:00,39937.387,33.252,316.778,11001.156,23.31,98,estimated,True,2026-08-10T18:02:00,False,none
1700,1,1,2026-08-10T19:00:00,39970.342,32.955,316.778,11001.156,22.69,98,estimated,True,2026-08-10T19:02:00,False,none
1701,1,1,2026-08-10T20:00:00,39996.017,25.675,316.778,11001.156,20.96,98,estimated,True,2026-08-10T20:02:00,False,none
1702,1,1,2026-08-10T21:00:00,40013.546,17.529,316.778,11001.156,19.19,98,estimated,True,2026-08-10T21:02:00,False,none
1703,1,1,2026-08-10T22:00:00,40020.193,6.647,316.778,11001.156,19.34,98,estimated,True,2026-08-10T22:02:00,False,none
1704,1,1,2026-08-10T23:00:00,40023.485,3.292,316.778,11001.156,17.33,98,estimated,True,2026-08-10T23:02:00,False,none
1705,1,1,2026-08-11T00:00:00,40024.136,0.651,1166.585,11001.156,17.08,98,estimated,True,2026-08-11T00:02:00,False,none
1706,1,1,2026-08-11T01:00:00,40024.136,0.0,1166.585,11001.156,15.51,98,estimated,True,2026-08-11T01:02:00,False,none
1707,1,1,2026-08-11T02:00:00,40024.136,0.0,1166.585,11001.156,15.74,98,estimated,True,2026-08-11T02:02:00,False,none
1708,1,1,2026-08-11T03:00:00,40024.136,0.0,1166.585,11001.156,15.23,98,estimated,True,2026-08-11T03:02:00,False,none
1709,1,1,2026-08-11T04:00:00,40024.136,0.0,1166.585,11001.156,15.39,98,estimated,True,2026-08-11T04:02:00,False,none
1710,1,1,2026-08-11T05:00:00,40027.198,3.062,1166.585,11001.156,15.4,98,estimated,True,2026-08-11T05:02:00,False,none
1711,1,1,2026-08-11T06:00:00,40037.566,10.368,1166.585,11001.156,16.85,98,estimated,True,2026-08-11T06:02:00,False,none
1712,1,1,2026-08-11T07:00:00,40060.347,22.781,1166.585,11001.156,18.02,98,estimated,True,2026-08-11T07:02:00,False,none
1713,1,1,2026-08-11T08:00:00,40086.953,26.606,1166.585,11001.156,18.51,98,estimated,True,2026-08-11T08:02:00,False,none
1714,1,1,2026-08-11T09:00:00,40106.152,19.199,1166.585,11001.156,19.41,98,estimated,True,2026-08-11T09:02:00,False,none
1715,1,1,2026-08-11T10:00:00,40116.48,10.328,1166.585,11001.156,20.68,98,estimated,True,2026-08-11T10:02:00,False,none
1716,1,1,2026-08-11T11:00:00,40130.467,13.987,1166.585,11001.156,21.79,98,estimated,True,2026-08-11T11:02:00,False,none
1717,1,1,2026-08-11T12:00:00,40145.986,15.519,1166.585,11001.156,23.59,98,estimated,True,2026-08-11T12:02:00,False,none
1718,1,1,2026-08-11T13:00:00,40157.263,11.277,1166.585,11001.156,24.03,98,estimated,True,2026-08-11T13:02:00,False,none
1719,1,1,2026-08-11T14:00:00,40591.436,434.173,1166.585,11001.156,25.13,85,estimated,True,2026-08-11T14:02:00,True,surge
1720,1,1,2026-08-11T15:00:00,41042.331,450.895,1166.585,11001.156,24.76,85,estimated,True,2026-08-11T15:02:00,True,surge
1721,1,1,2026-08-11T16:00:00,41056.724,14.393,1166.585,11001.156,25.18,98,estimated,True,2026-08-11T16:02:00,False,none
1722,1,1,2026-08-11T17:00:00,41078.291,21.567,1166.585,11001.156,24.55,98,estimated,True,2026-08-11T17:02:00,False,none
1723,1,1,2026-08-11T18:00:00,41108.362,30.071,1166.585,11001.156,23.66,98,estimated,True,2026-08-11T18:02:00,False,none
1724,1,1,2026-08-11T19:00:00,41141.488,33.126,1166.585,11001.156,22.55,98,estimated,True,2026-08-11T19:02:00,False,none
1725,1,1,2026-08-11T20:00:00,41164.535,23.047,1166.585,11001.156,21.02,98,estimated,True,2026-08-11T20:02:00,False,none
1726,1,1,2026-08-11T21:00:00,41178.401,13.866,1166.585,11001.156,19.56,98,estimated,True,2026-08-11T21:02:00,False,none
1727,1,1,2026-08-11T22:00:00,41186.631,8.23,1166.585,11001.156,18.34,98,estimated,True,2026-08-11T22:02:00,False,none
1728,1,1,2026-08-11T23:00:00,41190.07,3.439,1166.585,11001.156,17.26,98,estimated,True,2026-08-11T23:02:00,False,none
1729,1,1,2026-08-12T00:00:00,41190.07,0.0,310.978,11001.156,16.67,98,estimated,True,2026-08-12T00:02:00,False,none
1730,1,1,2026-08-12T01:00:00,41190.07,0.0,310.978,11001.156,16.13,98,estimated,True,2026-08-12T01:02:00,False,none
1731,1,1,2026-08-12T02:00:00,41190.07,0.0,310.978,11001.156,15.43,98,estimated,True,2026-08-12T02:02:00,False,none
1732,1,1,2026-08-12T03:00:00,41190.07,0.0,310.978,11001.156,14.69,98,estimated,True,2026-08-12T03:02:00,False,none
1733,1,1,2026-08-12T04:00:00,41190.803,0.733,310.978,11001.156,15.31,98,estimated,True,2026-08-12T04:02:00,False,none
1734,1,1,2026-08-12T05:00:00,41191.875,1.072,310.978,11001.156,15.71,98,estimated,True,2026-08-12T05:02:00,False,none
1735,1,1,2026-08-12T06:00:00,41203.338,11.463,310.978,11001.156,16.5,98,estimated,True,2026-08-12T06:02:00,False,none
1736,1,1,2026-08-12T07:00:00,41228.096,24.758,310.978,11001.156,17.68,98,estimated,True,2026-08-12T07:02:00,False,none
1737,1,1,2026-08-12T08:00:00,41261.487,33.391,310.978,11001.156,18.63,98,estimated,True,2026-08-12T08:02:00,False,none
1738,1,1,2026-08-12T09:00:00,41280.721,19.234,310.978,11001.156,19.73,98,estimated,True,2026-08-12T09:02:00,False,none
1739,1,1,2026-08-12T10:00:00,41293.534,12.813,310.978,11001.156,21.96,98,estimated,True,2026-08-12T10:02:00,False,none
1740,1,1,2026-08-12T11:00:00,41306.771,13.237,310.978,11001.156,22.61,98,estimated,True,2026-08-12T11:02:00,False,none
1741,1,1,2026-08-12T12:00:00,41320.165,13.394,310.978,11001.156,24.15,98,estimated,True,2026-08-12T12:02:00,False,none
1742,1,1,2026-08-12T13:00:00,41332.662,12.497,310.978,11001.156,24.14,98,estimated,True,2026-08-12T13:02:00,False,none
1743,1,1,2026-08-12T14:00:00,41343.217,10.555,310.978,11001.156,25.52,98,estimated,True,2026-08-12T14:02:00,False,none
1744,1,1,2026-08-12T15:00:00,41353.908,10.691,310.978,11001.156,24.81,98,estimated,True,2026-08-12T15:02:00,False,none
1745,1,1,2026-08-12T16:00:00,41367.761,13.853,310.978,11001.156,24.78,98,estimated,True,2026-08-12T16:02:00,False,none
1746,1,1,2026-08-12T17:00:00,41386.314,18.553,310.978,11001.156,24.92,98,estimated,True,2026-08-12T17:02:00,False,none
1747,1,1,2026-08-12T18:00:00,41420.718,34.404,310.978,11001.156,24.37,98,estimated,True,2026-08-12T18:02:00,False,none
1748,1,1,2026-08-12T19:00:00,41451.227,30.509,310.978,11001.156,23.13,98,estimated,True,2026-08-12T19:02:00,False,none
1749,1,1,2026-08-12T20:00:00,41472.96,21.733,310.978,11001.156,21.43,98,estimated,True,2026-08-12T20:02:00,False,none
1750,1,1,2026-08-12T21:00:00,41491.138,18.178,310.978,11001.156,19.99,98,estimated,True,2026-08-12T21:02:00,False,none
1751,1,1,2026-08-12T22:00:00,41498.141,7.003,310.978,11001.156,19.42,98,estimated,True,2026-08-12T22:02:00,False,none
1752,1,1,2026-08-12T23:00:00,41501.048,2.907,310.978,11001.156,17.55,98,estimated,True,2026-08-12T23:02:00,False,none
1753,1,1,2026-08-13T00:00:00,41502.531,1.483,320.603,11001.156,16.2,98,estimated,True,2026-08-13T00:02:00,False,none
1754,1,1,2026-08-13T01:00:00,41502.778,0.247,320.603,11001.156,15.67,98,estimated,True,2026-08-13T01:02:00,False,none
1755,1,1,2026-08-13T02:00:00,41502.778,0.0,320.603,11001.156,15.25,98,estimated,True,2026-08-13T02:02:00,False,none
1756,1,1,2026-08-13T03:00:00,41502.807,0.029,320.603,11001.156,15.29,98,estimated,True,2026-08-13T03:02:00,False,none
1757,1,1,2026-08-13T04:00:00,41502.807,0.0,320.603,11001.156,15.65,98,estimated,True,2026-08-13T04:02:00,False,none
1758,1,1,2026-08-13T05:00:00,41506.149,3.342,320.603,11001.156,16.09,98,estimated,True,2026-08-13T05:02:00,False,none
1759,1,1,2026-08-13T06:00:00,41518.581,12.432,320.603,11001.156,16.81,98,estimated,True,2026-08-13T06:02:00,False,none
1760,1,1,2026-08-13T07:00:00,41543.267,24.686,320.603,11001.156,17.24,98,estimated,True,2026-08-13T07:02:00,False,none
1761,1,1,2026-08-13T08:00:00,41567.354,24.087,320.603,11001.156,18.56,98,estimated,True,2026-08-13T08:02:00,False,none
1762,1,1,2026-08-13T09:00:00,41588.124,20.77,320.603,11001.156,20.0,98,estimated,True,2026-08-13T09:02:00,False,none
1763,1,1,2026-08-13T10:00:00,41600.591,12.467,320.603,11001.156,21.97,98,estimated,True,2026-08-13T10:02:00,False,none
1764,1,1,2026-08-13T11:00:00,41614.391,13.8,320.603,11001.156,22.18,98,estimated,True,2026-08-13T11:02:00,False,none
1765,1,1,2026-08-13T12:00:00,41630.883,16.492,320.603,11001.156,23.95,98,estimated,True,2026-08-13T12:02:00,False,none
1766,1,1,2026-08-13T13:00:00,41642.604,11.721,320.603,11001.156,23.88,98,estimated,True,2026-08-13T13:02:00,False,none
1767,1,1,2026-08-13T14:00:00,41653.349,10.745,320.603,11001.156,25.1,98,estimated,True,2026-08-13T14:02:00,False,none
1768,1,1,2026-08-13T15:00:00,41664.237,10.888,320.603,11001.156,24.41,98,estimated,True,2026-08-13T15:02:00,False,none
1769,1,1,2026-08-13T16:00:00,41680.923,16.686,320.603,11001.156,25.18,98,estimated,True,2026-08-13T16:02:00,False,none
1770,1,1,2026-08-13T17:00:00,41704.684,23.761,320.603,11001.156,24.9,98,estimated,True,2026-08-13T17:02:00,False,none
1771,1,1,2026-08-13T18:00:00,41728.813,24.129,320.603,11001.156,23.51,98,estimated,True,2026-08-13T18:02:00,False,none
1772,1,1,2026-08-13T19:00:00,41764.999,36.186,320.603,11001.156,22.63,98,estimated,True,2026-08-13T19:02:00,False,none
1773,1,1,2026-08-13T20:00:00,41793.484,28.485,320.603,11001.156,22.14,98,estimated,True,2026-08-13T20:02:00,False,none
1774,1,1,2026-08-13T21:00:00,41811.427,17.943,320.603,11001.156,20.46,98,estimated,True,2026-08-13T21:02:00,False,none
1775,1,1,2026-08-13T22:00:00,41819.377,7.95,320.603,11001.156,18.77,98,estimated,True,2026-08-13T22:02:00,False,none
1776,1,1,2026-08-13T23:00:00,41821.651,2.274,320.603,11001.156,18.46,98,estimated,True,2026-08-13T23:02:00,False,none
1777,1,1,2026-08-14T00:00:00,41822.403,0.752,312.157,11001.156,17.52,98,estimated,True,2026-08-14T00:02:00,False,none
1778,1,1,2026-08-14T01:00:00,41822.403,0.0,312.157,11001.156,16.6,98,estimated,True,2026-08-14T01:02:00,False,none
1779,1,1,2026-08-14T02:00:00,41822.403,0.0,312.157,11001.156,15.69,98,estimated,True,2026-08-14T02:02:00,False,none
1780,1,1,2026-08-14T03:00:00,41822.403,0.0,312.157,11001.156,15.81,98,estimated,True,2026-08-14T03:02:00,False,none
1781,1,1,2026-08-14T04:00:00,41822.403,0.0,312.157,11001.156,15.22,98,estimated,True,2026-08-14T04:02:00,False,none
1782,1,1,2026-08-14T05:00:00,41824.601,2.198,312.157,11001.156,16.82,98,estimated,True,2026-08-14T05:02:00,False,none
1783,1,1,2026-08-14T06:00:00,41833.558,8.957,312.157,11001.156,16.73,98,estimated,True,2026-08-14T06:02:00,False,none
1784,1,1,2026-08-14T07:00:00,41856.808,23.25,312.157,11001.156,17.8,98,estimated,True,2026-08-14T07:02:00,False,none
1785,1,1,2026-08-14T08:00:00,41887.708,30.9,312.157,11001.156,19.49,98,estimated,True,2026-08-14T08:02:00,False,none
1786,1,1,2026-08-14T09:00:00,41906.254,18.546,312.157,11001.156,19.93,98,estimated,True,2026-08-14T09:02:00,False,none
1787,1,1,2026-08-14T10:00:00,41920.589,14.335,312.157,11001.156,21.97,98,estimated,True,2026-08-14T10:02:00,False,none
1788,1,1,2026-08-14T11:00:00,41936.012,15.423,312.157,11001.156,23.26,98,estimated,True,2026-08-14T11:02:00,False,none
1789,1,1,2026-08-14T12:00:00,41952.916,16.904,312.157,11001.156,23.96,98,estimated,True,2026-08-14T12:02:00,False,none
1790,1,1,2026-08-14T13:00:00,41963.94,11.024,312.157,11001.156,25.23,98,estimated,True,2026-08-14T13:02:00,False,none
1791,1,1,2026-08-14T14:00:00,41973.099,9.159,312.157,11001.156,25.09,98,estimated,True,2026-08-14T14:02:00,False,none
1792,1,1,2026-08-14T15:00:00,41985.843,12.744,312.157,11001.156,25.56,98,estimated,True,2026-08-14T15:02:00,False,none
1793,1,1,2026-08-14T16:00:00,41996.642,10.799,312.157,11001.156,25.0,98,estimated,True,2026-08-14T16:02:00,False,none
1794,1,1,2026-08-14T17:00:00,42021.285,24.643,312.157,11001.156,24.57,98,estimated,True,2026-08-14T17:02:00,False,none
1795,1,1,2026-08-14T18:00:00,42054.187,32.902,312.157,11001.156,24.16,98,estimated,True,2026-08-14T18:02:00,False,none
1796,1,1,2026-08-14T19:00:00,42081.533,27.346,312.157,11001.156,22.79,98,estimated,True,2026-08-14T19:02:00,False,none
1797,1,1,2026-08-14T20:00:00,42105.152,23.619,312.157,11001.156,21.91,98,estimated,True,2026-08-14T20:02:00,False,none
1798,1,1,2026-08-14T21:00:00,42123.488,18.336,312.157,11001.156,21.28,98,estimated,True,2026-08-14T21:02:00,False,none
1799,1,1,2026-08-14T22:00:00,42130.971,7.483,312.157,11001.156,18.88,98,estimated,True,2026-08-14T22:02:00,False,none
1800,1,1,2026-08-14T23:00:00,42133.808,2.837,312.157,11001.156,17.87,98,estimated,True,2026-08-14T23:02:00,False,none
1801,1,1,2026-08-15T00:00:00,42135.285,1.477,417.947,11001.156,17.45,98,estimated,True,2026-08-15T00:02:00,False,none
1802,1,1,2026-08-15T01:00:00,42135.285,0.0,417.947,11001.156,15.91,98,estimated,True,2026-08-15T01:02:00,False,none
1803,1,1,2026-08-15T02:00:00,42135.285,0.0,417.947,11001.156,15.84,98,estimated,True,2026-08-15T02:02:00,False,none
1804,1,1,2026-08-15T03:00:00,42135.285,0.0,417.947,11001.156,15.29,98,estimated,True,2026-08-15T03:02:00,False,none
1805,1,1,2026-08-15T04:00:00,42135.285,0.0,417.947,11001.156,16.7,98,estimated,True,2026-08-15T04:02:00,False,none
1806,1,1,2026-08-15T05:00:00,42137.06,1.775,417.947,11001.156,16.05,98,estimated,True,2026-08-15T05:02:00,False,none
1807,1,1,2026-08-15T06:00:00,42151.823,14.763,417.947,11001.156,17.14,98,estimated,True,2026-08-15T06:02:00,False,none
1808,1,1,2026-08-15T07:00:00,42184.434,32.611,417.947,11001.156,18.18,98,estimated,True,2026-08-15T07:02:00,False,none
1809,1,1,2026-08-15T08:00:00,42229.644,45.21,417.947,11001.156,19.44,98,estimated,True,2026-08-15T08:02:00,False,none
1810,1,1,2026-08-15T09:00:00,42250.541,20.897,417.947,11001.156,20.76,98,estimated,True,2026-08-15T09:02:00,False,none
1811,1,1,2026-08-15T10:00:00,42269.618,19.077,417.947,11001.156,22.38,98,estimated,True,2026-08-15T10:02:00,False,none
1812,1,1,2026-08-15T11:00:00,42285.707,16.089,417.947,11001.156,24.3,98,estimated,True,2026-08-15T11:02:00,False,none
1813,1,1,2026-08-15T12:00:00,42301.649,15.942,417.947,11001.156,24.17,98,estimated,True,2026-08-15T12:02:00,False,none
1814,1,1,2026-08-15T13:00:00,42317.781,16.132,417.947,11001.156,25.09,98,estimated,True,2026-08-15T13:02:00,False,none
1815,1,1,2026-08-15T14:00:00,42329.86,12.079,417.947,11001.156,26.13,98,estimated,True,2026-08-15T14:02:00,False,none
1816,1,1,2026-08-15T15:00:00,42343.645,13.785,417.947,11001.156,24.86,98,estimated,True,2026-08-15T15:02:00,False,none
1817,1,1,2026-08-15T16:00:00,42365.365,21.72,417.947,11001.156,24.58,98,estimated,True,2026-08-15T16:02:00,False,none
1818,1,1,2026-08-15T17:00:00,42394.687,29.322,417.947,11001.156,24.04,98,estimated,True,2026-08-15T17:02:00,False,none
1819,1,1,2026-08-15T18:00:00,42434.281,39.594,417.947,11001.156,23.24,98,estimated,True,2026-08-15T18:02:00,False,none
1820,1,1,2026-08-15T19:00:00,42478.625,44.344,417.947,11001.156,23.69,98,estimated,True,2026-08-15T19:02:00,False,none
1821,1,1,2026-08-15T20:00:00,42513.031,34.406,417.947,11001.156,21.48,98,estimated,True,2026-08-15T20:02:00,False,none
1822,1,1,2026-08-15T21:00:00,42536.892,23.861,417.947,11001.156,20.54,98,estimated,True,2026-08-15T21:02:00,False,none
1823,1,1,2026-08-15T22:00:00,42548.274,11.382,417.947,11001.156,18.7,98,estimated,True,2026-08-15T22:02:00,False,none
1824,1,1,2026-08-15T23:00:00,42551.755,3.481,417.947,11001.156,16.95,98,estimated,True,2026-08-15T23:02:00,False,none
1825,1,1,2026-08-16T00:00:00,42553.59,1.835,429.288,11001.156,16.95,98,estimated,True,2026-08-16T00:02:00,False,none
1826,1,1,2026-08-16T01:00:00,42553.59,0.0,429.288,11001.156,16.36,98,estimated,True,2026-08-16T01:02:00,False,none
1827,1,1,2026-08-16T02:00:00,42553.59,0.0,429.288,11001.156,15.9,98,estimated,True,2026-08-16T02:02:00,False,none
1828,1,1,2026-08-16T03:00:00,42553.59,0.0,429.288,11001.156,15.65,98,estimated,True,2026-08-16T03:02:00,False,none
1829,1,1,2026-08-16T04:00:00,42553.59,0.0,429.288,11001.156,15.65,98,estimated,True,2026-08-16T04:02:00,False,none
1830,1,1,2026-08-16T05:00:00,42555.108,1.518,429.288,11001.156,17.22,98,estimated,True,2026-08-16T05:02:00,False,none
1831,1,1,2026-08-16T06:00:00,42571.093,15.985,429.288,11001.156,16.41,98,estimated,True,2026-08-16T06:02:00,False,none
1832,1,1,2026-08-16T07:00:00,42601.754,30.661,429.288,11001.156,17.91,98,estimated,True,2026-08-16T07:02:00,False,none
1833,1,1,2026-08-16T08:00:00,42639.073,37.319,429.288,11001.156,19.08,98,estimated,True,2026-08-16T08:02:00,False,none
1834,1,1,2026-08-16T09:00:00,42665.283,26.21,429.288,11001.156,21.32,98,estimated,True,2026-08-16T09:02:00,False,none
1835,1,1,2026-08-16T10:00:00,42678.513,13.23,429.288,11001.156,22.32,98,estimated,True,2026-08-16T10:02:00,False,none
1836,1,1,2026-08-16T11:00:00,42690.773,12.26,429.288,11001.156,22.72,98,estimated,True,2026-08-16T11:02:00,False,none
1837,1,1,2026-08-16T12:00:00,42714.465,23.692,429.288,11001.156,23.9,98,estimated,True,2026-08-16T12:02:00,False,none
1838,1,1,2026-08-16T13:00:00,42731.274,16.809,429.288,11001.156,25.22,98,estimated,True,2026-08-16T13:02:00,False,none
1839,1,1,2026-08-16T14:00:00,42743.459,12.185,429.288,11001.156,25.5,98,estimated,True,2026-08-16T14:02:00,False,none
1840,1,1,2026-08-16T15:00:00,42759.413,15.954,429.288,11001.156,25.77,98,estimated,True,2026-08-16T15:02:00,False,none
1841,1,1,2026-08-16T16:00:00,42780.054,20.641,429.288,11001.156,24.87,98,estimated,True,2026-08-16T16:02:00,False,none
1842,1,1,2026-08-16T17:00:00,42807.82,27.766,429.288,11001.156,25.39,98,estimated,True,2026-08-16T17:02:00,False,none
1843,1,1,2026-08-16T18:00:00,42862.904,55.084,429.288,11001.156,24.5,98,estimated,True,2026-08-16T18:02:00,False,none
1844,1,1,2026-08-16T19:00:00,42907.415,44.511,429.288,11001.156,23.14,98,estimated,True,2026-08-16T19:02:00,False,none
1845,1,1,2026-08-16T20:00:00,42942.701,35.286,429.288,11001.156,21.68,98,estimated,True,2026-08-16T20:02:00,False,none
1846,1,1,2026-08-16T21:00:00,42965.81,23.109,429.288,11001.156,20.87,98,estimated,True,2026-08-16T21:02:00,False,none
1847,1,1,2026-08-16T22:00:00,42976.699,10.889,429.288,11001.156,18.98,98,estimated,True,2026-08-16T22:02:00,False,none
1848,1,1,2026-08-16T23:00:00,42981.043,4.344,429.288,11001.156,18.77,98,estimated,True,2026-08-16T23:02:00,False,none
1849,1,1,2026-08-17T00:00:00,42981.863,0.82,306.444,11001.156,17.7,98,estimated,True,2026-08-17T00:02:00,False,none
1850,1,1,2026-08-17T01:00:00,42981.863,0.0,306.444,11001.156,16.82,98,estimated,True,2026-08-17T01:02:00,False,none
1851,1,1,2026-08-17T02:00:00,42981.863,0.0,306.444,11001.156,15.86,98,estimated,True,2026-08-17T02:02:00,False,none
1852,1,1,2026-08-17T03:00:00,42981.863,0.0,306.444,11001.156,15.92,98,estimated,True,2026-08-17T03:02:00,False,none
1853,1,1,2026-08-17T04:00:00,42981.863,0.0,306.444,11001.156,15.65,98,estimated,True,2026-08-17T04:02:00,False,none
1854,1,1,2026-08-17T05:00:00,42983.766,1.903,306.444,11001.156,15.9,98,estimated,True,2026-08-17T05:02:00,False,none
1855,1,1,2026-08-17T06:00:00,42995.021,11.255,306.444,11001.156,17.13,98,estimated,True,2026-08-17T06:02:00,False,none
1856,1,1,2026-08-17T07:00:00,43013.412,18.391,306.444,11001.156,18.2,98,estimated,True,2026-08-17T07:02:00,False,none
1857,1,1,2026-08-17T08:00:00,43041.613,28.201,306.444,11001.156,19.4,98,estimated,True,2026-08-17T08:02:00,False,none
1858,1,1,2026-08-17T09:00:00,43058.261,16.648,306.444,11001.156,21.1,98,estimated,True,2026-08-17T09:02:00,False,none
1859,1,1,2026-08-17T10:00:00,43067.596,9.335,306.444,11001.156,22.81,98,estimated,True,2026-08-17T10:02:00,False,none
1860,1,1,2026-08-17T11:00:00,43081.348,13.752,306.444,11001.156,23.87,98,estimated,True,2026-08-17T11:02:00,False,none
1861,1,1,2026-08-17T12:00:00,43097.654,16.306,306.444,11001.156,24.73,98,estimated,True,2026-08-17T12:02:00,False,none
1862,1,1,2026-08-17T13:00:00,43110.167,12.513,306.444,11001.156,25.63,98,estimated,True,2026-08-17T13:02:00,False,none
1863,1,1,2026-08-17T14:00:00,43121.983,11.816,306.444,11001.156,25.24,98,estimated,True,2026-08-17T14:02:00,False,none
1864,1,1,2026-08-17T15:00:00,43133.383,11.4,306.444,11001.156,25.8,98,estimated,True,2026-08-17T15:02:00,False,none
1865,1,1,2026-08-17T16:00:00,43146.695,13.312,306.444,11001.156,26.17,98,estimated,True,2026-08-17T16:02:00,False,none
1866,1,1,2026-08-17T17:00:00,43167.332,20.637,306.444,11001.156,25.42,98,estimated,True,2026-08-17T17:02:00,False,none
1867,1,1,2026-08-17T18:00:00,43198.898,31.566,306.444,11001.156,24.33,98,estimated,True,2026-08-17T18:02:00,False,none
1868,1,1,2026-08-17T19:00:00,43228.182,29.284,306.444,11001.156,22.75,98,estimated,True,2026-08-17T19:02:00,False,none
1869,1,1,2026-08-17T20:00:00,43257.22,29.038,306.444,11001.156,22.68,98,estimated,True,2026-08-17T20:02:00,False,none
1870,1,1,2026-08-17T21:00:00,43274.882,17.662,306.444,11001.156,20.82,98,estimated,True,2026-08-17T21:02:00,False,none
1871,1,1,2026-08-17T22:00:00,43284.273,9.391,306.444,11001.156,19.44,98,estimated,True,2026-08-17T22:02:00,False,none
1872,1,1,2026-08-17T23:00:00,43287.487,3.214,306.444,11001.156,18.27,98,estimated,True,2026-08-17T23:02:00,False,none
1873,1,1,2026-08-18T00:00:00,43287.875,0.388,329.304,11001.156,17.95,98,estimated,True,2026-08-18T00:02:00,False,none
1874,1,1,2026-08-18T01:00:00,43287.875,0.0,329.304,11001.156,17.32,98,estimated,True,2026-08-18T01:02:00,False,none
1875,1,1,2026-08-18T02:00:00,43288.677,0.802,329.304,11001.156,15.86,98,estimated,True,2026-08-18T02:02:00,False,none
1876,1,1,2026-08-18T03:00:00,43288.677,0.0,329.304,11001.156,15.93,98,estimated,True,2026-08-18T03:02:00,False,none
1877,1,1,2026-08-18T04:00:00,43288.677,0.0,329.304,11001.156,15.73,98,estimated,True,2026-08-18T04:02:00,False,none
1878,1,1,2026-08-18T05:00:00,43290.862,2.185,329.304,11001.156,17.08,98,estimated,True,2026-08-18T05:02:00,False,none
1879,1,1,2026-08-18T06:00:00,43300.507,9.645,329.304,11001.156,17.61,98,estimated,True,2026-08-18T06:02:00,False,none
1880,1,1,2026-08-18T07:00:00,43329.964,29.457,329.304,11001.156,18.18,98,estimated,True,2026-08-18T07:02:00,False,none
1881,1,1,2026-08-18T08:00:00,43365.057,35.093,329.304,11001.156,19.44,98,estimated,True,2026-08-18T08:02:00,False,none
1882,1,1,2026-08-18T09:00:00,43383.233,18.176,329.304,11001.156,20.93,98,estimated,True,2026-08-18T09:02:00,False,none
1883,1,1,2026-08-18T10:00:00,43397.196,13.963,329.304,11001.156,22.75,98,estimated,True,2026-08-18T10:02:00,False,none
1884,1,1,2026-08-18T11:00:00,43410.67,13.474,329.304,11001.156,23.48,98,estimated,True,2026-08-18T11:02:00,False,none
1885,1,1,2026-08-18T12:00:00,43427.477,16.807,329.304,11001.156,24.54,98,estimated,True,2026-08-18T12:02:00,False,none
1886,1,1,2026-08-18T13:00:00,43440.607,13.13,329.304,11001.156,25.71,98,estimated,True,2026-08-18T13:02:00,False,none
1887,1,1,2026-08-18T14:00:00,43452.711,12.104,329.304,11001.156,26.1,98,estimated,True,2026-08-18T14:02:00,False,none
1888,1,1,2026-08-18T15:00:00,43464.272,11.561,329.304,11001.156,26.18,98,estimated,True,2026-08-18T15:02:00,False,none
1889,1,1,2026-08-18T16:00:00,43474.634,10.362,329.304,11001.156,25.25,98,estimated,True,2026-08-18T16:02:00,False,none
1890,1,1,2026-08-18T17:00:00,43496.59,21.956,329.304,11001.156,25.51,98,estimated,True,2026-08-18T17:02:00,False,none
1891,1,1,2026-08-18T18:00:00,43528.799,32.209,329.304,11001.156,24.36,98,estimated,True,2026-08-18T18:02:00,False,none
1892,1,1,2026-08-18T19:00:00,43565.474,36.675,329.304,11001.156,23.5,98,estimated,True,2026-08-18T19:02:00,False,none
1893,1,1,2026-08-18T20:00:00,43589.368,23.894,329.304,11001.156,22.36,98,estimated,True,2026-08-18T20:02:00,False,none
1894,1,1,2026-08-18T21:00:00,43606.082,16.714,329.304,11001.156,21.42,98,estimated,True,2026-08-18T21:02:00,False,none
1895,1,1,2026-08-18T22:00:00,43613.695,7.613,329.304,11001.156,19.94,98,estimated,True,2026-08-18T22:02:00,False,none
1896,1,1,2026-08-18T23:00:00,43616.791,3.096,329.304,11001.156,18.27,98,estimated,True,2026-08-18T23:02:00,False,none
1897,1,1,2026-08-19T00:00:00,43618.184,1.393,292.764,11001.156,17.69,98,estimated,True,2026-08-19T00:02:00,False,none
1898,1,1,2026-08-19T01:00:00,43618.184,0.0,292.764,11001.156,16.78,98,estimated,True,2026-08-19T01:02:00,False,none
1899,1,1,2026-08-19T02:00:00,43618.184,0.0,292.764,11001.156,16.01,98,estimated,True,2026-08-19T02:02:00,False,none
1900,1,1,2026-08-19T03:00:00,43618.184,0.0,292.764,11001.156,16.62,98,estimated,True,2026-08-19T03:02:00,False,none
1901,1,1,2026-08-19T04:00:00,43618.184,0.0,292.764,11001.156,16.15,98,estimated,True,2026-08-19T04:02:00,False,none
1902,1,1,2026-08-19T05:00:00,43620.596,2.412,292.764,11001.156,16.82,98,estimated,True,2026-08-19T05:02:00,False,none
1903,1,1,2026-08-19T06:00:00,43632.109,11.513,292.764,11001.156,17.68,98,estimated,True,2026-08-19T06:02:00,False,none
1904,1,1,2026-08-19T07:00:00,43655.34,23.231,292.764,11001.156,19.45,98,estimated,True,2026-08-19T07:02:00,False,none
1905,1,1,2026-08-19T08:00:00,43682.826,27.486,292.764,11001.156,20.04,98,estimated,True,2026-08-19T08:02:00,False,none
1906,1,1,2026-08-19T09:00:00,43699.721,16.895,292.764,11001.156,20.88,98,estimated,True,2026-08-19T09:02:00,False,none
1907,1,1,2026-08-19T10:00:00,43712.357,12.636,292.764,11001.156,22.32,98,estimated,True,2026-08-19T10:02:00,False,none
1908,1,1,2026-08-19T11:00:00,43725.275,12.918,292.764,11001.156,24.66,98,estimated,True,2026-08-19T11:02:00,False,none
1909,1,1,2026-08-19T12:00:00,43741.304,16.029,292.764,11001.156,24.59,98,estimated,True,2026-08-19T12:02:00,False,none
1910,1,1,2026-08-19T13:00:00,43754.842,13.538,292.764,11001.156,25.71,98,estimated,True,2026-08-19T13:02:00,False,none
1911,1,1,2026-08-19T14:00:00,43762.078,7.236,292.764,11001.156,26.56,98,estimated,True,2026-08-19T14:02:00,False,none
1912,1,1,2026-08-19T15:00:00,43772.522,10.444,292.764,11001.156,25.27,98,estimated,True,2026-08-19T15:02:00,False,none
1913,1,1,2026-08-19T16:00:00,43784.94,12.418,292.764,11001.156,26.49,98,estimated,True,2026-08-19T16:02:00,False,none
1914,1,1,2026-08-19T17:00:00,43808.671,23.731,292.764,11001.156,24.35,98,estimated,True,2026-08-19T17:02:00,False,none
1915,1,1,2026-08-19T18:00:00,43835.871,27.2,292.764,11001.156,24.85,98,estimated,True,2026-08-19T18:02:00,False,none
1916,1,1,2026-08-19T19:00:00,43864.415,28.544,292.764,11001.156,23.33,98,estimated,True,2026-08-19T19:02:00,False,none
1917,1,1,2026-08-19T20:00:00,43888.689,24.274,292.764,11001.156,22.56,98,estimated,True,2026-08-19T20:02:00,False,none
1918,1,1,2026-08-19T21:00:00,43899.972,11.283,292.764,11001.156,21.42,98,estimated,True,2026-08-19T21:02:00,False,none
1919,1,1,2026-08-19T22:00:00,43906.957,6.985,292.764,11001.156,19.58,98,estimated,True,2026-08-19T22:02:00,False,none
1920,1,1,2026-08-19T23:00:00,43909.555,2.598,292.764,11001.156,18.62,98,estimated,True,2026-08-19T23:02:00,False,none
1921,1,1,2026-08-20T00:00:00,43909.555,0.0,326.835,11001.156,18.21,98,estimated,True,2026-08-20T00:02:00,False,none
1922,1,1,2026-08-20T01:00:00,43910.405,0.85,326.835,11001.156,17.12,98,estimated,True,2026-08-20T01:02:00,False,none
1923,1,1,2026-08-20T02:00:00,43910.405,0.0,326.835,11001.156,16.46,98,estimated,True,2026-08-20T02:02:00,False,none
1924,1,1,2026-08-20T03:00:00,43910.405,0.0,326.835,11001.156,16.56,98,estimated,True,2026-08-20T03:02:00,False,none
1925,1,1,2026-08-20T04:00:00,43910.405,0.0,326.835,11001.156,16.13,98,estimated,True,2026-08-20T04:02:00,False,none
1926,1,1,2026-08-20T05:00:00,43913.367,2.962,326.835,11001.156,17.1,98,estimated,True,2026-08-20T05:02:00,False,none
1927,1,1,2026-08-20T06:00:00,43925.164,11.797,326.835,11001.156,17.34,98,estimated,True,2026-08-20T06:02:00,False,none
1928,1,1,2026-08-20T07:00:00,43950.612,25.448,326.835,11001.156,19.68,98,estimated,True,2026-08-20T07:02:00,False,none
1929,1,1,2026-08-20T08:00:00,43979.917,29.305,326.835,11001.156,20.25,98,estimated,True,2026-08-20T08:02:00,False,none
1930,1,1,2026-08-20T09:00:00,44001.044,21.127,326.835,11001.156,20.8,98,estimated,True,2026-08-20T09:02:00,False,none
1931,1,1,2026-08-20T10:00:00,44013.891,12.847,326.835,11001.156,22.48,98,estimated,True,2026-08-20T10:02:00,False,none
1932,1,1,2026-08-20T11:00:00,44026.024,12.133,326.835,11001.156,23.3,98,estimated,True,2026-08-20T11:02:00,False,none
1933,1,1,2026-08-20T12:00:00,44041.503,15.479,326.835,11001.156,25.54,98,estimated,True,2026-08-20T12:02:00,False,none
1934,1,1,2026-08-20T13:00:00,44054.592,13.089,326.835,11001.156,26.34,98,estimated,True,2026-08-20T13:02:00,False,none
1935,1,1,2026-08-20T14:00:00,44065.768,11.176,326.835,11001.156,25.52,98,estimated,True,2026-08-20T14:02:00,False,none
1936,1,1,2026-08-20T15:00:00,44077.849,12.081,326.835,11001.156,26.19,98,estimated,True,2026-08-20T15:02:00,False,none
1937,1,1,2026-08-20T16:00:00,44090.254,12.405,326.835,11001.156,26.27,98,estimated,True,2026-08-20T16:02:00,False,none
1938,1,1,2026-08-20T17:00:00,44118.316,28.062,326.835,11001.156,25.82,98,estimated,True,2026-08-20T17:02:00,False,none
1939,1,1,2026-08-20T18:00:00,44149.394,31.078,326.835,11001.156,25.16,98,estimated,True,2026-08-20T18:02:00,False,none
1940,1,1,2026-08-20T19:00:00,44182.514,33.12,326.835,11001.156,24.36,98,estimated,True,2026-08-20T19:02:00,False,none
1941,1,1,2026-08-20T20:00:00,44205.322,22.808,326.835,11001.156,22.81,98,estimated,True,2026-08-20T20:02:00,False,none
1942,1,1,2026-08-20T21:00:00,44224.616,19.294,326.835,11001.156,21.52,98,estimated,True,2026-08-20T21:02:00,False,none
1943,1,1,2026-08-20T22:00:00,44234.072,9.456,326.835,11001.156,19.8,98,estimated,True,2026-08-20T22:02:00,False,none
1944,1,1,2026-08-20T23:00:00,44236.39,2.318,326.835,11001.156,18.89,98,estimated,True,2026-08-20T23:02:00,False,none
1945,1,1,2026-08-21T00:00:00,44237.17,0.78,303.69,11001.156,18.51,98,estimated,True,2026-08-21T00:02:00,False,none
1946,1,1,2026-08-21T01:00:00,44237.17,0.0,303.69,11001.156,17.62,98,estimated,True,2026-08-21T01:02:00,False,none
1947,1,1,2026-08-21T02:00:00,44237.17,0.0,303.69,11001.156,16.06,98,estimated,True,2026-08-21T02:02:00,False,none
1948,1,1,2026-08-21T03:00:00,44237.17,0.0,303.69,11001.156,16.2,98,estimated,True,2026-08-21T03:02:00,False,none
1949,1,1,2026-08-21T04:00:00,44237.17,0.0,303.69,11001.156,16.19,98,estimated,True,2026-08-21T04:02:00,False,none
1950,1,1,2026-08-21T05:00:00,44239.108,1.938,303.69,11001.156,16.51,98,estimated,True,2026-08-21T05:02:00,False,none
1951,1,1,2026-08-21T06:00:00,44248.924,9.816,303.69,11001.156,17.87,98,estimated,True,2026-08-21T06:02:00,False,none
1952,1,1,2026-08-21T07:00:00,44274.21,25.286,303.69,11001.156,19.12,98,estimated,True,2026-08-21T07:02:00,False,none
1953,1,1,2026-08-21T08:00:00,44298.174,23.964,303.69,11001.156,21.19,98,estimated,True,2026-08-21T08:02:00,False,none
1954,1,1,2026-08-21T09:00:00,44318.467,20.293,303.69,11001.156,22.11,98,estimated,True,2026-08-21T09:02:00,False,none
1955,1,1,2026-08-21T10:00:00,44330.876,12.409,303.69,11001.156,22.63,98,estimated,True,2026-08-21T10:02:00,False,none
1956,1,1,2026-08-21T11:00:00,44345.324,14.448,303.69,11001.156,23.97,98,estimated,True,2026-08-21T11:02:00,False,none
1957,1,1,2026-08-21T12:00:00,44362.65,17.326,303.69,11001.156,25.79,98,estimated,True,2026-08-21T12:02:00,False,none
1958,1,1,2026-08-21T13:00:00,44375.14,12.49,303.69,11001.156,26.18,98,estimated,True,2026-08-21T13:02:00,False,none
1959,1,1,2026-08-21T14:00:00,44384.982,9.842,303.69,11001.156,25.88,98,estimated,True,2026-08-21T14:02:00,False,none
1960,1,1,2026-08-21T15:00:00,44394.256,9.274,303.69,11001.156,27.13,98,estimated,True,2026-08-21T15:02:00,False,none
1961,1,1,2026-08-21T16:00:00,44409.646,15.39,303.69,11001.156,26.06,98,estimated,True,2026-08-21T16:02:00,False,none
1962,1,1,2026-08-21T17:00:00,44429.743,20.097,303.69,11001.156,25.59,98,estimated,True,2026-08-21T17:02:00,False,none
1963,1,1,2026-08-21T18:00:00,44455.909,26.166,303.69,11001.156,25.01,98,estimated,True,2026-08-21T18:02:00,False,none
1964,1,1,2026-08-21T19:00:00,44490.939,35.03,303.69,11001.156,23.76,98,estimated,True,2026-08-21T19:02:00,False,none
1965,1,1,2026-08-21T20:00:00,44512.153,21.214,303.69,11001.156,22.42,98,estimated,True,2026-08-21T20:02:00,False,none
1966,1,1,2026-08-21T21:00:00,44530.822,18.669,303.69,11001.156,21.4,98,estimated,True,2026-08-21T21:02:00,False,none
1967,1,1,2026-08-21T22:00:00,44538.448,7.626,303.69,11001.156,20.28,98,estimated,True,2026-08-21T22:02:00,False,none
1968,1,1,2026-08-21T23:00:00,44540.08,1.632,303.69,11001.156,19.17,98,estimated,True,2026-08-21T23:02:00,False,none
1969,1,1,2026-08-22T00:00:00,44541.715,1.635,408.971,11001.156,18.54,98,estimated,True,2026-08-22T00:02:00,False,none
1970,1,1,2026-08-22T01:00:00,44541.715,0.0,408.971,11001.156,17.39,98,estimated,True,2026-08-22T01:02:00,False,none
1971,1,1,2026-08-22T02:00:00,44541.715,0.0,408.971,11001.156,16.89,98,estimated,True,2026-08-22T02:02:00,False,none
1972,1,1,2026-08-22T03:00:00,44541.715,0.0,408.971,11001.156,16.87,98,estimated,True,2026-08-22T03:02:00,False,none
1973,1,1,2026-08-22T04:00:00,44541.715,0.0,408.971,11001.156,17.47,98,estimated,True,2026-08-22T04:02:00,False,none
1974,1,1,2026-08-22T05:00:00,44545.092,3.377,408.971,11001.156,17.31,98,estimated,True,2026-08-22T05:02:00,False,none
1975,1,1,2026-08-22T06:00:00,44558.999,13.907,408.971,11001.156,19.02,98,estimated,True,2026-08-22T06:02:00,False,none
1976,1,1,2026-08-22T07:00:00,44586.464,27.465,408.971,11001.156,19.65,98,estimated,True,2026-08-22T07:02:00,False,none
1977,1,1,2026-08-22T08:00:00,44625.906,39.442,408.971,11001.156,20.89,98,estimated,True,2026-08-22T08:02:00,False,none
1978,1,1,2026-08-22T09:00:00,44647.963,22.057,408.971,11001.156,22.07,98,estimated,True,2026-08-22T09:02:00,False,none
1979,1,1,2026-08-22T10:00:00,44664.865,16.902,408.971,11001.156,22.51,98,estimated,True,2026-08-22T10:02:00,False,none
1980,1,1,2026-08-22T11:00:00,44682.753,17.888,408.971,11001.156,23.55,98,estimated,True,2026-08-22T11:02:00,False,none
1981,1,1,2026-08-22T12:00:00,44704.495,21.742,408.971,11001.156,25.79,98,estimated,True,2026-08-22T12:02:00,False,none
1982,1,1,2026-08-22T13:00:00,44724.271,19.776,408.971,11001.156,26.99,98,estimated,True,2026-08-22T13:02:00,False,none
1983,1,1,2026-08-22T14:00:00,44737.717,13.446,408.971,11001.156,26.45,98,estimated,True,2026-08-22T14:02:00,False,none
1984,1,1,2026-08-22T15:00:00,44749.758,12.041,408.971,11001.156,26.86,98,estimated,True,2026-08-22T15:02:00,False,none
1985,1,1,2026-08-22T16:00:00,44768.464,18.706,408.971,11001.156,26.33,98,estimated,True,2026-08-22T16:02:00,False,none
1986,1,1,2026-08-22T17:00:00,44797.853,29.389,408.971,11001.156,25.4,98,estimated,True,2026-08-22T17:02:00,False,none
1987,1,1,2026-08-22T18:00:00,44830.763,32.91,408.971,11001.156,25.32,98,estimated,True,2026-08-22T18:02:00,False,none
1988,1,1,2026-08-22T19:00:00,44876.919,46.156,408.971,11001.156,24.54,98,estimated,True,2026-08-22T19:02:00,False,none
1989,1,1,2026-08-22T20:00:00,44910.111,33.192,408.971,11001.156,23.27,98,estimated,True,2026-08-22T20:02:00,False,none
1990,1,1,2026-08-22T21:00:00,44934.535,24.424,408.971,11001.156,22.12,98,estimated,True,2026-08-22T21:02:00,False,none
1991,1,1,2026-08-22T22:00:00,44944.11,9.575,408.971,11001.156,20.71,98,estimated,True,2026-08-22T22:02:00,False,none
1992,1,1,2026-08-22T23:00:00,44949.051,4.941,408.971,11001.156,19.49,98,estimated,True,2026-08-22T23:02:00,False,none
1993,1,1,2026-08-23T00:00:00,44952.058,3.007,429.836,11001.156,18.35,98,estimated,True,2026-08-23T00:02:00,False,none
1994,1,1,2026-08-23T01:00:00,44952.058,0.0,429.836,11001.156,17.58,98,estimated,True,2026-08-23T01:02:00,False,none
1995,1,1,2026-08-23T02:00:00,44952.058,0.0,429.836,11001.156,17.24,98,estimated,True,2026-08-23T02:02:00,False,none
1996,1,1,2026-08-23T03:00:00,44952.058,0.0,429.836,11001.156,16.69,98,estimated,True,2026-08-23T03:02:00,False,none
1997,1,1,2026-08-23T04:00:00,44952.94,0.882,429.836,11001.156,17.09,98,estimated,True,2026-08-23T04:02:00,False,none
1998,1,1,2026-08-23T05:00:00,44957.23,4.29,429.836,11001.156,16.84,98,estimated,True,2026-08-23T05:02:00,False,none
1999,1,1,2026-08-23T06:00:00,44970.48,13.25,429.836,11001.156,18.7,98,estimated,True,2026-08-23T06:02:00,False,none
2000,1,1,2026-08-23T07:00:00,45003.033,32.553,429.836,11001.156,19.68,98,estimated,True,2026-08-23T07:02:00,False,none
2001,1,1,2026-08-23T08:00:00,45042.468,39.435,429.836,11001.156,20.56,98,estimated,True,2026-08-23T08:02:00,False,none
2002,1,1,2026-08-23T09:00:00,45065.217,22.749,429.836,11001.156,21.88,98,estimated,True,2026-08-23T09:02:00,False,none
2003,1,1,2026-08-23T10:00:00,45078.416,13.199,429.836,11001.156,23.14,98,estimated,True,2026-08-23T10:02:00,False,none
2004,1,1,2026-08-23T11:00:00,45098.318,19.902,429.836,11001.156,24.68,98,estimated,True,2026-08-23T11:02:00,False,none
2005,1,1,2026-08-23T12:00:00,45121.661,23.343,429.836,11001.156,25.86,98,estimated,True,2026-08-23T12:02:00,False,none
2006,1,1,2026-08-23T13:00:00,45138.012,16.351,429.836,11001.156,26.58,98,estimated,True,2026-08-23T13:02:00,False,none
2007,1,1,2026-08-23T14:00:00,45149.418,11.406,429.836,11001.156,27.29,98,estimated,True,2026-08-23T14:02:00,False,none
2008,1,1,2026-08-23T15:00:00,45162.535,13.117,429.836,11001.156,26.76,98,estimated,True,2026-08-23T15:02:00,False,none
2009,1,1,2026-08-23T16:00:00,45185.325,22.79,429.836,11001.156,27.38,98,estimated,True,2026-08-23T16:02:00,False,none
2010,1,1,2026-08-23T17:00:00,45218.735,33.41,429.836,11001.156,26.65,98,estimated,True,2026-08-23T17:02:00,False,none
2011,1,1,2026-08-23T18:00:00,45261.634,42.899,429.836,11001.156,25.31,98,estimated,True,2026-08-23T18:02:00,False,none
2012,1,1,2026-08-23T19:00:00,45308.458,46.824,429.836,11001.156,24.57,98,estimated,True,2026-08-23T19:02:00,False,none
2013,1,1,2026-08-23T20:00:00,45341.398,32.94,429.836,11001.156,23.37,98,estimated,True,2026-08-23T20:02:00,False,none
2014,1,1,2026-08-23T21:00:00,45366.353,24.955,429.836,11001.156,22.34,98,estimated,True,2026-08-23T21:02:00,False,none
2015,1,1,2026-08-23T22:00:00,45376.901,10.548,429.836,11001.156,20.56,98,estimated,True,2026-08-23T22:02:00,False,none
2016,1,1,2026-08-23T23:00:00,45378.887,1.986,429.836,11001.156,19.2,98,estimated,True,2026-08-23T23:02:00,False,none
2017,1,1,2026-08-24T00:00:00,45380.384,1.497,316.418,11001.156,18.92,98,estimated,True,2026-08-24T00:02:00,False,none
2018,1,1,2026-08-24T01:00:00,45380.384,0.0,316.418,11001.156,18.15,98,estimated,True,2026-08-24T01:02:00,False,none
2019,1,1,2026-08-24T02:00:00,45380.384,0.0,316.418,11001.156,17.52,98,estimated,True,2026-08-24T02:02:00,False,none
2020,1,1,2026-08-24T03:00:00,45380.384,0.0,316.418,11001.156,17.92,98,estimated,True,2026-08-24T03:02:00,False,none
2021,1,1,2026-08-24T04:00:00,45380.384,0.0,316.418,11001.156,17.15,98,estimated,True,2026-08-24T04:02:00,False,none
2022,1,1,2026-08-24T05:00:00,45381.728,1.344,316.418,11001.156,18.18,98,estimated,True,2026-08-24T05:02:00,False,none
2023,1,1,2026-08-24T06:00:00,45392.189,10.461,316.418,11001.156,18.88,98,estimated,True,2026-08-24T06:02:00,False,none
2024,1,1,2026-08-24T07:00:00,45409.932,17.743,316.418,11001.156,19.16,98,estimated,True,2026-08-24T07:02:00,False,none
2025,1,1,2026-08-24T08:00:00,45437.234,27.302,316.418,11001.156,21.17,98,estimated,True,2026-08-24T08:02:00,False,none
2026,1,1,2026-08-24T09:00:00,45456.922,19.688,316.418,11001.156,22.15,98,estimated,True,2026-08-24T09:02:00,False,none
2027,1,1,2026-08-24T10:00:00,45468.64,11.718,316.418,11001.156,24.14,98,estimated,True,2026-08-24T10:02:00,False,none
2028,1,1,2026-08-24T11:00:00,45483.621,14.981,316.418,11001.156,24.74,98,estimated,True,2026-08-24T11:02:00,False,none
2029,1,1,2026-08-24T12:00:00,45500.205,16.584,316.418,11001.156,25.37,98,estimated,True,2026-08-24T12:02:00,False,none
2030,1,1,2026-08-24T13:00:00,45514.661,14.456,316.418,11001.156,26.92,98,estimated,True,2026-08-24T13:02:00,False,none
2031,1,1,2026-08-24T14:00:00,45523.912,9.251,316.418,11001.156,26.43,98,estimated,True,2026-08-24T14:02:00,False,none
2032,1,1,2026-08-24T15:00:00,45535.379,11.467,316.418,11001.156,27.02,98,estimated,True,2026-08-24T15:02:00,False,none
2033,1,1,2026-08-24T16:00:00,45553.738,18.359,316.418,11001.156,27.39,98,estimated,True,2026-08-24T16:02:00,False,none
2034,1,1,2026-08-24T17:00:00,45574.834,21.096,316.418,11001.156,26.51,98,estimated,True,2026-08-24T17:02:00,False,none
2035,1,1,2026-08-24T18:00:00,45607.482,32.648,316.418,11001.156,26.37,98,estimated,True,2026-08-24T18:02:00,False,none
2036,1,1,2026-08-24T19:00:00,45640.905,33.423,316.418,11001.156,25.38,98,estimated,True,2026-08-24T19:02:00,False,none
2037,1,1,2026-08-24T20:00:00,45662.953,22.048,316.418,11001.156,23.2,98,estimated,True,2026-08-24T20:02:00,False,none
2038,1,1,2026-08-24T21:00:00,45681.478,18.525,316.418,11001.156,21.75,98,estimated,True,2026-08-24T21:02:00,False,none
2039,1,1,2026-08-24T22:00:00,45691.346,9.868,316.418,11001.156,21.55,98,estimated,True,2026-08-24T22:02:00,False,none
2040,1,1,2026-08-24T23:00:00,45695.305,3.959,316.418,11001.156,20.21,98,estimated,True,2026-08-24T23:02:00,False,none
2041,1,1,2026-08-25T00:00:00,45695.389,0.084,318.621,11001.156,18.86,98,estimated,True,2026-08-25T00:02:00,False,none
2042,1,1,2026-08-25T01:00:00,45695.389,0.0,318.621,11001.156,18.64,98,estimated,True,2026-08-25T01:02:00,False,none
2043,1,1,2026-08-25T02:00:00,45695.964,0.575,318.621,11001.156,17.34,98,estimated,True,2026-08-25T02:02:00,False,none
2044,1,1,2026-08-25T03:00:00,45695.964,0.0,318.621,11001.156,17.76,98,estimated,True,2026-08-25T03:02:00,False,none
2045,1,1,2026-08-25T04:00:00,45695.964,0.0,318.621,11001.156,18.09,98,estimated,True,2026-08-25T04:02:00,False,none
2046,1,1,2026-08-25T05:00:00,45698.588,2.624,318.621,11001.156,18.12,98,estimated,True,2026-08-25T05:02:00,False,none
2047,1,1,2026-08-25T06:00:00,45711.097,12.509,318.621,11001.156,18.54,98,estimated,True,2026-08-25T06:02:00,False,none
2048,1,1,2026-08-25T07:00:00,45736.156,25.059,318.621,11001.156,19.65,98,estimated,True,2026-08-25T07:02:00,False,none
2049,1,1,2026-08-25T08:00:00,45767.375,31.219,318.621,11001.156,21.0,98,estimated,True,2026-08-25T08:02:00,False,none
2050,1,1,2026-08-25T09:00:00,45782.068,14.693,318.621,11001.156,22.62,98,estimated,True,2026-08-25T09:02:00,False,none
2051,1,1,2026-08-25T10:00:00,45793.342,11.274,318.621,11001.156,24.09,98,estimated,True,2026-08-25T10:02:00,False,none
2052,1,1,2026-08-25T11:00:00,45807.477,14.135,318.621,11001.156,25.48,98,estimated,True,2026-08-25T11:02:00,False,none
2053,1,1,2026-08-25T12:00:00,45821.867,14.39,318.621,11001.156,26.33,98,estimated,True,2026-08-25T12:02:00,False,none
2054,1,1,2026-08-25T13:00:00,45834.449,12.582,318.621,11001.156,26.73,98,estimated,True,2026-08-25T13:02:00,False,none
2055,1,1,2026-08-25T14:00:00,45847.012,12.563,318.621,11001.156,27.8,98,estimated,True,2026-08-25T14:02:00,False,none
2056,1,1,2026-08-25T15:00:00,45859.88,12.868,318.621,11001.156,27.31,98,estimated,True,2026-08-25T15:02:00,False,none
2057,1,1,2026-08-25T16:00:00,45873.005,13.125,318.621,11001.156,26.59,98,estimated,True,2026-08-25T16:02:00,False,none
2058,1,1,2026-08-25T17:00:00,45891.825,18.82,318.621,11001.156,26.58,98,estimated,True,2026-08-25T17:02:00,False,none
2059,1,1,2026-08-25T18:00:00,45924.67,32.845,318.621,11001.156,25.53,98,estimated,True,2026-08-25T18:02:00,False,none
2060,1,1,2026-08-25T19:00:00,45958.444,33.774,318.621,11001.156,25.05,98,estimated,True,2026-08-25T19:02:00,False,none
2061,1,1,2026-08-25T20:00:00,45985.527,27.083,318.621,11001.156,24.2,98,estimated,True,2026-08-25T20:02:00,False,none
2062,1,1,2026-08-25T21:00:00,46002.545,17.018,318.621,11001.156,22.9,98,estimated,True,2026-08-25T21:02:00,False,none
2063,1,1,2026-08-25T22:00:00,46011.646,9.101,318.621,11001.156,20.86,98,estimated,True,2026-08-25T22:02:00,False,none
2064,1,1,2026-08-25T23:00:00,46013.926,2.28,318.621,11001.156,19.9,98,estimated,True,2026-08-25T23:02:00,False,none
2065,1,1,2026-08-26T00:00:00,46014.205,0.279,325.195,11001.156,19.29,98,estimated,True,2026-08-26T00:02:00,False,none
2066,1,1,2026-08-26T01:00:00,46014.884,0.679,325.195,11001.156,18.4,98,estimated,True,2026-08-26T01:02:00,False,none
2067,1,1,2026-08-26T02:00:00,46015.519,0.635,325.195,11001.156,17.61,98,estimated,True,2026-08-26T02:02:00,False,none
2068,1,1,2026-08-26T03:00:00,46015.519,0.0,325.195,11001.156,17.7,98,estimated,True,2026-08-26T03:02:00,False,none
2069,1,1,2026-08-26T04:00:00,46015.519,0.0,325.195,11001.156,18.86,98,estimated,True,2026-08-26T04:02:00,False,none
2070,1,1,2026-08-26T05:00:00,46018.149,2.63,325.195,11001.156,18.01,98,estimated,True,2026-08-26T05:02:00,False,none
2071,1,1,2026-08-26T06:00:00,46028.519,10.37,325.195,11001.156,19.34,98,estimated,True,2026-08-26T06:02:00,False,none
2072,1,1,2026-08-26T07:00:00,46055.495,26.976,325.195,11001.156,20.46,98,estimated,True,2026-08-26T07:02:00,False,none
2073,1,1,2026-08-26T08:00:00,46081.684,26.189,325.195,11001.156,21.8,98,estimated,True,2026-08-26T08:02:00,False,none
2074,1,1,2026-08-26T09:00:00,46098.465,16.781,325.195,11001.156,23.19,98,estimated,True,2026-08-26T09:02:00,False,none
2075,1,1,2026-08-26T10:00:00,46110.138,11.673,325.195,11001.156,24.28,98,estimated,True,2026-08-26T10:02:00,False,none
2076,1,1,2026-08-26T11:00:00,46125.57,15.432,325.195,11001.156,25.31,98,estimated,True,2026-08-26T11:02:00,False,none
2077,1,1,2026-08-26T12:00:00,46145.5,19.93,325.195,11001.156,26.02,98,estimated,True,2026-08-26T12:02:00,False,none
2078,1,1,2026-08-26T13:00:00,46157.804,12.304,325.195,11001.156,26.5,98,estimated,True,2026-08-26T13:02:00,False,none
2079,1,1,2026-08-26T14:00:00,46169.013,11.209,325.195,11001.156,27.88,98,estimated,True,2026-08-26T14:02:00,False,none
2080,1,1,2026-08-26T15:00:00,46180.451,11.438,325.195,11001.156,27.86,98,estimated,True,2026-08-26T15:02:00,False,none
2081,1,1,2026-08-26T16:00:00,46195.73,15.279,325.195,11001.156,27.89,98,estimated,True,2026-08-26T16:02:00,False,none
2082,1,1,2026-08-26T17:00:00,46221.046,25.316,325.195,11001.156,27.78,98,estimated,True,2026-08-26T17:02:00,False,none
2083,1,1,2026-08-26T18:00:00,46249.144,28.098,325.195,11001.156,26.78,98,estimated,True,2026-08-26T18:02:00,False,none
2084,1,1,2026-08-26T19:00:00,46280.283,31.139,325.195,11001.156,25.37,98,estimated,True,2026-08-26T19:02:00,False,none
2085,1,1,2026-08-26T20:00:00,46307.664,27.381,325.195,11001.156,23.79,98,estimated,True,2026-08-26T20:02:00,False,none
2086,1,1,2026-08-26T21:00:00,46326.175,18.511,325.195,11001.156,22.68,98,estimated,True,2026-08-26T21:02:00,False,none
2087,1,1,2026-08-26T22:00:00,46335.917,9.742,325.195,11001.156,21.18,98,estimated,True,2026-08-26T22:02:00,False,none
2088,1,1,2026-08-26T23:00:00,46339.121,3.204,325.195,11001.156,20.04,98,estimated,True,2026-08-26T23:02:00,False,none
2089,1,1,2026-08-27T00:00:00,46339.674,0.553,332.436,11001.156,19.95,98,estimated,True,2026-08-27T00:02:00,False,none
2090,1,1,2026-08-27T01:00:00,46339.674,0.0,332.436,11001.156,19.18,98,estimated,True,2026-08-27T01:02:00,False,none
2091,1,1,2026-08-27T02:00:00,46339.674,0.0,332.436,11001.156,18.34,98,estimated,True,2026-08-27T02:02:00,False,none
2092,1,1,2026-08-27T03:00:00,46339.674,0.0,332.436,11001.156,17.93,98,estimated,True,2026-08-27T03:02:00,False,none
2093,1,1,2026-08-27T04:00:00,46341.01,1.336,332.436,11001.156,18.16,98,estimated,True,2026-08-27T04:02:00,False,none
2094,1,1,2026-08-27T05:00:00,46344.485,3.475,332.436,11001.156,18.37,98,estimated,True,2026-08-27T05:02:00,False,none
2095,1,1,2026-08-27T06:00:00,46356.698,12.213,332.436,11001.156,19.41,98,estimated,True,2026-08-27T06:02:00,False,none
2096,1,1,2026-08-27T07:00:00,46378.063,21.365,332.436,11001.156,20.75,98,estimated,True,2026-08-27T07:02:00,False,none
2097,1,1,2026-08-27T08:00:00,46410.092,32.029,332.436,11001.156,21.87,98,estimated,True,2026-08-27T08:02:00,False,none
2098,1,1,2026-08-27T09:00:00,46430.864,20.772,332.436,11001.156,23.09,98,estimated,True,2026-08-27T09:02:00,False,none
2099,1,1,2026-08-27T10:00:00,46444.314,13.45,332.436,11001.156,24.87,98,estimated,True,2026-08-27T10:02:00,False,none
2100,1,1,2026-08-27T11:00:00,46456.615,12.301,332.436,11001.156,25.48,98,estimated,True,2026-08-27T11:02:00,False,none
2101,1,1,2026-08-27T12:00:00,46473.299,16.684,332.436,11001.156,26.46,98,estimated,True,2026-08-27T12:02:00,False,none
2102,1,1,2026-08-27T13:00:00,46483.336,10.037,332.436,11001.156,27.72,98,estimated,True,2026-08-27T13:02:00,False,none
2103,1,1,2026-08-27T14:00:00,46494.032,10.696,332.436,11001.156,27.99,98,estimated,True,2026-08-27T14:02:00,False,none
2104,1,1,2026-08-27T15:00:00,46507.385,13.353,332.436,11001.156,28.06,98,estimated,True,2026-08-27T15:02:00,False,none
2105,1,1,2026-08-27T16:00:00,46525.669,18.284,332.436,11001.156,28.17,98,estimated,True,2026-08-27T16:02:00,False,none
2106,1,1,2026-08-27T17:00:00,46551.073,25.404,332.436,11001.156,27.41,98,estimated,True,2026-08-27T17:02:00,False,none
2107,1,1,2026-08-27T18:00:00,46588.278,37.205,332.436,11001.156,27.36,98,estimated,True,2026-08-27T18:02:00,False,none
2108,1,1,2026-08-27T19:00:00,46619.598,31.32,332.436,11001.156,25.23,98,estimated,True,2026-08-27T19:02:00,False,none
2109,1,1,2026-08-27T20:00:00,46647.386,27.788,332.436,11001.156,24.32,98,estimated,True,2026-08-27T20:02:00,False,none
2110,1,1,2026-08-27T21:00:00,46662.82,15.434,332.436,11001.156,23.44,98,estimated,True,2026-08-27T21:02:00,False,none
2111,1,1,2026-08-27T22:00:00,46668.938,6.118,332.436,11001.156,21.9,98,estimated,True,2026-08-27T22:02:00,False,none
2112,1,1,2026-08-27T23:00:00,46671.557,2.619,332.436,11001.156,21.25,98,estimated,True,2026-08-27T23:02:00,False,none
2113,1,1,2026-08-28T00:00:00,46672.319,0.762,315.779,11001.156,19.93,98,estimated,True,2026-08-28T00:02:00,False,none
2114,1,1,2026-08-28T01:00:00,46672.319,0.0,315.779,11001.156,19.57,98,estimated,True,2026-08-28T01:02:00,False,none
2115,1,1,2026-08-28T02:00:00,46672.319,0.0,315.779,11001.156,19.28,98,estimated,True,2026-08-28T02:02:00,False,none
2116,1,1,2026-08-28T03:00:00,46672.319,0.0,315.779,11001.156,18.09,98,estimated,True,2026-08-28T03:02:00,False,none
2117,1,1,2026-08-28T04:00:00,46672.319,0.0,315.779,11001.156,18.07,98,estimated,True,2026-08-28T04:02:00,False,none
2118,1,1,2026-08-28T05:00:00,46674.678,2.359,315.779,11001.156,19.55,98,estimated,True,2026-08-28T05:02:00,False,none
2119,1,1,2026-08-28T06:00:00,46685.064,10.386,315.779,11001.156,19.29,98,estimated,True,2026-08-28T06:02:00,False,none
2120,1,1,2026-08-28T07:00:00,46711.727,26.663,315.779,11001.156,21.1,98,estimated,True,2026-08-28T07:02:00,False,none
2121,1,1,2026-08-28T08:00:00,46730.764,19.037,315.779,11001.156,21.88,98,estimated,True,2026-08-28T08:02:00,False,none
2122,1,1,2026-08-28T09:00:00,46746.274,15.51,315.779,11001.156,23.65,98,estimated,True,2026-08-28T09:02:00,False,none
2123,1,1,2026-08-28T10:00:00,46754.271,7.997,315.779,11001.156,23.93,98,estimated,True,2026-08-28T10:02:00,False,none
2124,1,1,2026-08-28T11:00:00,46768.699,14.428,315.779,11001.156,26.27,98,estimated,True,2026-08-28T11:02:00,False,none
2125,1,1,2026-08-28T12:00:00,46787.878,19.179,315.779,11001.156,26.89,98,estimated,True,2026-08-28T12:02:00,False,none
2126,1,1,2026-08-28T13:00:00,46804.183,16.305,315.779,11001.156,28.03,98,estimated,True,2026-08-28T13:02:00,False,none
2127,1,1,2026-08-28T14:00:00,46814.582,10.399,315.779,11001.156,27.72,98,estimated,True,2026-08-28T14:02:00,False,none
2128,1,1,2026-08-28T15:00:00,46825.769,11.187,315.779,11001.156,27.8,98,estimated,True,2026-08-28T15:02:00,False,none
2129,1,1,2026-08-28T16:00:00,46842.757,16.988,315.779,11001.156,28.17,98,estimated,True,2026-08-28T16:02:00,False,none
2130,1,1,2026-08-28T17:00:00,46867.482,24.725,315.779,11001.156,27.79,98,estimated,True,2026-08-28T17:02:00,False,none
2131,1,1,2026-08-28T18:00:00,46907.861,40.379,315.779,11001.156,27.26,98,estimated,True,2026-08-28T18:02:00,False,none
2132,1,1,2026-08-28T19:00:00,46936.517,28.656,315.779,11001.156,25.82,98,estimated,True,2026-08-28T19:02:00,False,none
2133,1,1,2026-08-28T20:00:00,46960.237,23.72,315.779,11001.156,24.84,98,estimated,True,2026-08-28T20:02:00,False,none
2134,1,1,2026-08-28T21:00:00,46976.815,16.578,315.779,11001.156,24.04,98,estimated,True,2026-08-28T21:02:00,False,none
2135,1,1,2026-08-28T22:00:00,46984.434,7.619,315.779,11001.156,21.92,98,estimated,True,2026-08-28T22:02:00,False,none
2136,1,1,2026-08-28T23:00:00,46987.336,2.902,315.779,11001.156,21.23,98,estimated,True,2026-08-28T23:02:00,False,none
2137,1,1,2026-08-29T00:00:00,46989.997,2.661,422.773,11001.156,19.93,98,estimated,True,2026-08-29T00:02:00,False,none
2138,1,1,2026-08-29T01:00:00,46989.997,0.0,422.773,11001.156,19.05,98,estimated,True,2026-08-29T01:02:00,False,none
2139,1,1,2026-08-29T02:00:00,46989.997,0.0,422.773,11001.156,18.4,98,estimated,True,2026-08-29T02:02:00,False,none
2140,1,1,2026-08-29T03:00:00,46989.997,0.0,422.773,11001.156,18.91,98,estimated,True,2026-08-29T03:02:00,False,none
2141,1,1,2026-08-29T04:00:00,46989.997,0.0,422.773,11001.156,19.26,98,estimated,True,2026-08-29T04:02:00,False,none
2142,1,1,2026-08-29T05:00:00,46992.855,2.858,422.773,11001.156,19.74,98,estimated,True,2026-08-29T05:02:00,False,none
2143,1,1,2026-08-29T06:00:00,47006.455,13.6,422.773,11001.156,20.09,98,estimated,True,2026-08-29T06:02:00,False,none
2144,1,1,2026-08-29T07:00:00,47035.658,29.203,422.773,11001.156,21.81,98,estimated,True,2026-08-29T07:02:00,False,none
2145,1,1,2026-08-29T08:00:00,47077.254,41.596,422.773,11001.156,22.01,98,estimated,True,2026-08-29T08:02:00,False,none
2146,1,1,2026-08-29T09:00:00,47098.437,21.183,422.773,11001.156,23.4,98,estimated,True,2026-08-29T09:02:00,False,none
2147,1,1,2026-08-29T10:00:00,47113.453,15.016,422.773,11001.156,24.44,98,estimated,True,2026-08-29T10:02:00,False,none
2148,1,1,2026-08-29T11:00:00,47132.664,19.211,422.773,11001.156,26.19,98,estimated,True,2026-08-29T11:02:00,False,none
2149,1,1,2026-08-29T12:00:00,47156.001,23.337,422.773,11001.156,27.64,98,estimated,True,2026-08-29T12:02:00,False,none
2150,1,1,2026-08-29T13:00:00,47173.522,17.521,422.773,11001.156,27.97,98,estimated,True,2026-08-29T13:02:00,False,none
2151,1,1,2026-08-29T14:00:00,47189.675,16.153,422.773,11001.156,28.75,98,estimated,True,2026-08-29T14:02:00,False,none
2152,1,1,2026-08-29T15:00:00,47204.227,14.552,422.773,11001.156,28.77,98,estimated,True,2026-08-29T15:02:00,False,none
2153,1,1,2026-08-29T16:00:00,47221.404,17.177,422.773,11001.156,28.15,98,estimated,True,2026-08-29T16:02:00,False,none
2154,1,1,2026-08-29T17:00:00,47254.103,32.699,422.773,11001.156,28.32,98,estimated,True,2026-08-29T17:02:00,False,none
2155,1,1,2026-08-29T18:00:00,47295.852,41.749,422.773,11001.156,27.49,98,estimated,True,2026-08-29T18:02:00,False,none
2156,1,1,2026-08-29T19:00:00,47336.512,40.66,422.773,11001.156,26.78,98,estimated,True,2026-08-29T19:02:00,False,none
2157,1,1,2026-08-29T20:00:00,47370.887,34.375,422.773,11001.156,25.4,98,estimated,True,2026-08-29T20:02:00,False,none
2158,1,1,2026-08-29T21:00:00,47395.073,24.186,422.773,11001.156,23.48,98,estimated,True,2026-08-29T21:02:00,False,none
2159,1,1,2026-08-29T22:00:00,47406.154,11.081,422.773,11001.156,22.59,98,estimated,True,2026-08-29T22:02:00,False,none
2160,1,1,2026-08-29T23:00:00,47410.109,3.955,422.773,11001.156,21.25,98,estimated,True,2026-08-29T23:02:00,False,none
2161,2,2,2026-06-01T00:00:00,38203.774,3.774,945.527,28427.84,21.42,98,estimated,True,2026-06-01T00:02:00,False,none
2162,2,2,2026-06-01T01:00:00,38203.774,0.0,945.527,28427.84,19.96,98,estimated,True,2026-06-01T01:02:00,False,none
2163,2,2,2026-06-01T02:00:00,38203.774,0.0,945.527,28427.84,18.36,98,estimated,True,2026-06-01T02:02:00,False,none
2164,2,2,2026-06-01T03:00:00,38203.774,0.0,945.527,28427.84,19.08,98,estimated,True,2026-06-01T03:02:00,False,none
2165,2,2,2026-06-01T04:00:00,38206.175,2.401,945.527,28427.84,19.14,98,estimated,True,2026-06-01T04:02:00,False,none
2166,2,2,2026-06-01T05:00:00,38212.207,6.032,945.527,28427.84,19.25,98,estimated,True,2026-06-01T05:02:00,False,none
2167,2,2,2026-06-01T06:00:00,38246.873,34.666,945.527,28427.84,20.58,98,estimated,True,2026-06-01T06:02:00,False,none
2168,2,2,2026-06-01T07:00:00,38314.987,68.114,945.527,28427.84,21.18,98,estimated,True,2026-06-01T07:02:00,False,none
2169,2,2,2026-06-01T08:00:00,38403.858,88.871,945.527,28427.84,22.16,98,estimated,True,2026-06-01T08:02:00,False,none
2170,2,2,2026-06-01T09:00:00,38457.763,53.905,945.527,28427.84,24.21,98,estimated,True,2026-06-01T09:02:00,False,none
2171,2,2,2026-06-01T10:00:00,38493.37,35.607,945.527,28427.84,25.29,98,estimated,True,2026-06-01T10:02:00,False,none
2172,2,2,2026-06-01T11:00:00,38532.459,39.089,945.527,28427.84,27.14,98,estimated,True,2026-06-01T11:02:00,False,none
2173,2,2,2026-06-01T12:00:00,38573.04,40.581,945.527,28427.84,27.59,98,estimated,True,2026-06-01T12:02:00,False,none
2174,2,2,2026-06-01T13:00:00,38611.689,38.649,945.527,28427.84,27.98,98,estimated,True,2026-06-01T13:02:00,False,none
2175,2,2,2026-06-01T14:00:00,38640.877,29.188,945.527,28427.84,29.27,98,estimated,True,2026-06-01T14:02:00,False,none
2176,2,2,2026-06-01T15:00:00,38672.172,31.295,945.527,28427.84,28.91,98,estimated,True,2026-06-01T15:02:00,False,none
2177,2,2,2026-06-01T16:00:00,38718.372,46.2,945.527,28427.84,28.62,98,estimated,True,2026-06-01T16:02:00,False,none
2178,2,2,2026-06-01T17:00:00,38792.597,74.225,945.527,28427.84,27.73,98,estimated,True,2026-06-01T17:02:00,False,none
2179,2,2,2026-06-01T18:00:00,38890.23,97.633,945.527,28427.84,27.27,98,estimated,True,2026-06-01T18:02:00,False,none
2180,2,2,2026-06-01T19:00:00,38987.94,97.71,945.527,28427.84,25.99,98,estimated,True,2026-06-01T19:02:00,False,none
2181,2,2,2026-06-01T20:00:00,39064.819,76.879,945.527,28427.84,25.56,98,estimated,True,2026-06-01T20:02:00,False,none
2182,2,2,2026-06-01T21:00:00,39114.31,49.491,945.527,28427.84,23.6,98,estimated,True,2026-06-01T21:02:00,False,none
2183,2,2,2026-06-01T22:00:00,39136.237,21.927,945.527,28427.84,22.23,98,estimated,True,2026-06-01T22:02:00,False,none
2184,2,2,2026-06-01T23:00:00,39145.527,9.29,945.527,28427.84,21.91,98,estimated,True,2026-06-01T23:02:00,False,none
2185,2,2,2026-06-02T00:00:00,39147.574,2.047,844.791,28427.84,20.75,98,estimated,True,2026-06-02T00:02:00,False,none
2186,2,2,2026-06-02T01:00:00,39147.574,0.0,844.791,28427.84,20.21,98,estimated,True,2026-06-02T01:02:00,False,none
2187,2,2,2026-06-02T02:00:00,39147.574,0.0,844.791,28427.84,19.88,98,estimated,True,2026-06-02T02:02:00,False,none
2188,2,2,2026-06-02T03:00:00,39147.574,0.0,844.791,28427.84,18.84,98,estimated,True,2026-06-02T03:02:00,False,none
2189,2,2,2026-06-02T04:00:00,39147.574,0.0,844.791,28427.84,19.31,98,estimated,True,2026-06-02T04:02:00,False,none
2190,2,2,2026-06-02T05:00:00,39152.983,5.409,844.791,28427.84,21.05,98,estimated,True,2026-06-02T05:02:00,False,none
2191,2,2,2026-06-02T06:00:00,39181.648,28.665,844.791,28427.84,21.04,98,estimated,True,2026-06-02T06:02:00,False,none
2192,2,2,2026-06-02T07:00:00,39248.1,66.452,844.791,28427.84,20.94,98,estimated,True,2026-06-02T07:02:00,False,none
2193,2,2,2026-06-02T08:00:00,39326.137,78.037,844.791,28427.84,22.88,98,estimated,True,2026-06-02T08:02:00,False,none
2194,2,2,2026-06-02T09:00:00,39378.629,52.492,844.791,28427.84,24.23,98,estimated,True,2026-06-02T09:02:00,False,none
2195,2,2,2026-06-02T10:00:00,39407.403,28.774,844.791,28427.84,25.51,98,estimated,True,2026-06-02T10:02:00,False,none
2196,2,2,2026-06-02T11:00:00,39438.306,30.903,844.791,28427.84,26.97,98,estimated,True,2026-06-02T11:02:00,False,none
2197,2,2,2026-06-02T12:00:00,39488.517,50.211,844.791,28427.84,26.99,98,estimated,True,2026-06-02T12:02:00,False,none
2198,2,2,2026-06-02T13:00:00,39527.06,38.543,844.791,28427.84,28.81,98,estimated,True,2026-06-02T13:02:00,False,none
2199,2,2,2026-06-02T14:00:00,39554.244,27.184,844.791,28427.84,28.55,98,estimated,True,2026-06-02T14:02:00,False,none
2200,2,2,2026-06-02T15:00:00,39580.976,26.732,844.791,28427.84,29.17,98,estimated,True,2026-06-02T15:02:00,False,none
2201,2,2,2026-06-02T16:00:00,39629.263,48.287,844.791,28427.84,28.81,98,estimated,True,2026-06-02T16:02:00,False,none
2202,2,2,2026-06-02T17:00:00,39692.073,62.81,844.791,28427.84,29.18,98,estimated,True,2026-06-02T17:02:00,False,none
2203,2,2,2026-06-02T18:00:00,39762.432,70.359,844.791,28427.84,28.12,98,estimated,True,2026-06-02T18:02:00,False,none
2204,2,2,2026-06-02T19:00:00,39845.856,83.424,844.791,28427.84,27.04,98,estimated,True,2026-06-02T19:02:00,False,none
2205,2,2,2026-06-02T20:00:00,39917.162,71.306,844.791,28427.84,25.7,98,estimated,True,2026-06-02T20:02:00,False,none
2206,2,2,2026-06-02T21:00:00,39960.171,43.009,844.791,28427.84,24.81,98,estimated,True,2026-06-02T21:02:00,False,none
2207,2,2,2026-06-02T22:00:00,39982.025,21.854,844.791,28427.84,23.24,98,estimated,True,2026-06-02T22:02:00,False,none
2208,2,2,2026-06-02T23:00:00,39990.318,8.293,844.791,28427.84,21.72,98,estimated,True,2026-06-02T23:02:00,False,none
2209,2,2,2026-06-03T00:00:00,39993.133,2.815,896.893,28427.84,20.68,98,estimated,True,2026-06-03T00:02:00,False,none
2210,2,2,2026-06-03T01:00:00,39993.133,0.0,896.893,28427.84,20.2,98,estimated,True,2026-06-03T01:02:00,False,none
2211,2,2,2026-06-03T02:00:00,39993.133,0.0,896.893,28427.84,19.04,98,estimated,True,2026-06-03T02:02:00,False,none
2212,2,2,2026-06-03T03:00:00,39993.133,0.0,896.893,28427.84,19.9,98,estimated,True,2026-06-03T03:02:00,False,none
2213,2,2,2026-06-03T04:00:00,39993.133,0.0,896.893,28427.84,19.75,98,estimated,True,2026-06-03T04:02:00,False,none
2214,2,2,2026-06-03T05:00:00,39998.179,5.046,896.893,28427.84,20.04,98,estimated,True,2026-06-03T05:02:00,False,none
2215,2,2,2026-06-03T06:00:00,40026.832,28.653,896.893,28427.84,21.56,98,estimated,True,2026-06-03T06:02:00,False,none
2216,2,2,2026-06-03T07:00:00,40095.286,68.454,896.893,28427.84,21.73,98,estimated,True,2026-06-03T07:02:00,False,none
2217,2,2,2026-06-03T08:00:00,40175.863,80.577,896.893,28427.84,23.54,98,estimated,True,2026-06-03T08:02:00,False,none
2218,2,2,2026-06-03T09:00:00,40229.983,54.12,896.893,28427.84,25.02,98,estimated,True,2026-06-03T09:02:00,False,none
2219,2,2,2026-06-03T10:00:00,40261.747,31.764,896.893,28427.84,24.98,98,estimated,True,2026-06-03T10:02:00,False,none
2220,2,2,2026-06-03T11:00:00,40304.29,42.543,896.893,28427.84,26.83,98,estimated,True,2026-06-03T11:02:00,False,none
2221,2,2,2026-06-03T12:00:00,40364.577,60.287,896.893,28427.84,27.04,98,estimated,True,2026-06-03T12:02:00,False,none
2222,2,2,2026-06-03T13:00:00,40404.298,39.721,896.893,28427.84,29.1,98,estimated,True,2026-06-03T13:02:00,False,none
2223,2,2,2026-06-03T14:00:00,40443.309,39.011,896.893,28427.84,29.86,98,estimated,True,2026-06-03T14:02:00,False,none
2224,2,2,2026-06-03T15:00:00,40480.643,37.334,896.893,28427.84,29.9,98,estimated,True,2026-06-03T15:02:00,False,none
2225,2,2,2026-06-03T16:00:00,40525.189,44.546,896.893,28427.84,29.44,98,estimated,True,2026-06-03T16:02:00,False,none
2226,2,2,2026-06-03T17:00:00,40584.234,59.045,896.893,28427.84,28.7,98,estimated,True,2026-06-03T17:02:00,False,none
2227,2,2,2026-06-03T18:00:00,40660.329,76.095,896.893,28427.84,27.82,98,estimated,True,2026-06-03T18:02:00,False,none
2228,2,2,2026-06-03T19:00:00,40733.98,73.651,896.893,28427.84,27.03,98,estimated,True,2026-06-03T19:02:00,False,none
2229,2,2,2026-06-03T20:00:00,40807.15,73.17,896.893,28427.84,25.93,98,estimated,True,2026-06-03T20:02:00,False,none
2230,2,2,2026-06-03T21:00:00,40852.191,45.041,896.893,28427.84,24.62,98,estimated,True,2026-06-03T21:02:00,False,none
2231,2,2,2026-06-03T22:00:00,40878.494,26.303,896.893,28427.84,24.49,98,estimated,True,2026-06-03T22:02:00,False,none
2232,2,2,2026-06-03T23:00:00,40887.211,8.717,896.893,28427.84,21.56,98,estimated,True,2026-06-03T23:02:00,False,none
2233,2,2,2026-06-04T00:00:00,40889.226,2.015,915.042,28427.84,21.05,98,estimated,True,2026-06-04T00:02:00,False,none
2234,2,2,2026-06-04T01:00:00,40890.702,1.476,915.042,28427.84,19.97,98,estimated,True,2026-06-04T01:02:00,False,none
2235,2,2,2026-06-04T02:00:00,40890.702,0.0,915.042,28427.84,20.24,98,estimated,True,2026-06-04T02:02:00,False,none
2236,2,2,2026-06-04T03:00:00,40890.702,0.0,915.042,28427.84,20.23,98,estimated,True,2026-06-04T03:02:00,False,none
2237,2,2,2026-06-04T04:00:00,40890.702,0.0,915.042,28427.84,20.07,98,estimated,True,2026-06-04T04:02:00,False,none
2238,2,2,2026-06-04T05:00:00,40895.976,5.274,915.042,28427.84,20.75,98,estimated,True,2026-06-04T05:02:00,False,none
2239,2,2,2026-06-04T06:00:00,40933.073,37.097,915.042,28427.84,20.99,98,estimated,True,2026-06-04T06:02:00,False,none
2240,2,2,2026-06-04T07:00:00,41006.088,73.015,915.042,28427.84,22.42,98,estimated,True,2026-06-04T07:02:00,False,none
2241,2,2,2026-06-04T08:00:00,41076.065,69.977,915.042,28427.84,23.21,98,estimated,True,2026-06-04T08:02:00,False,none
2242,2,2,2026-06-04T09:00:00,41126.186,50.121,915.042,28427.84,24.6,98,estimated,True,2026-06-04T09:02:00,False,none
2243,2,2,2026-06-04T10:00:00,41160.065,33.879,915.042,28427.84,25.7,98,estimated,True,2026-06-04T10:02:00,False,none
2244,2,2,2026-06-04T11:00:00,41194.77,34.705,915.042,28427.84,26.66,98,estimated,True,2026-06-04T11:02:00,False,none
2245,2,2,2026-06-04T12:00:00,41245.833,51.063,915.042,28427.84,28.64,98,estimated,True,2026-06-04T12:02:00,False,none
2246,2,2,2026-06-04T13:00:00,41280.032,34.199,915.042,28427.84,29.01,98,estimated,True,2026-06-04T13:02:00,False,none
2247,2,2,2026-06-04T14:00:00,41308.787,28.755,915.042,28427.84,29.25,98,estimated,True,2026-06-04T14:02:00,False,none
2248,2,2,2026-06-04T15:00:00,41346.169,37.382,915.042,28427.84,30.09,98,estimated,True,2026-06-04T15:02:00,False,none
2249,2,2,2026-06-04T16:00:00,41385.227,39.058,915.042,28427.84,29.46,98,estimated,True,2026-06-04T16:02:00,False,none
2250,2,2,2026-06-04T17:00:00,41444.931,59.704,915.042,28427.84,29.27,98,estimated,True,2026-06-04T17:02:00,False,none
2251,2,2,2026-06-04T18:00:00,41550.877,105.946,915.042,28427.84,28.16,98,estimated,True,2026-06-04T18:02:00,False,none
2252,2,2,2026-06-04T19:00:00,41646.102,95.225,915.042,28427.84,27.66,98,estimated,True,2026-06-04T19:02:00,False,none
2253,2,2,2026-06-04T20:00:00,41721.457,75.355,915.042,28427.84,25.62,98,estimated,True,2026-06-04T20:02:00,False,none
2254,2,2,2026-06-04T21:00:00,41767.343,45.886,915.042,28427.84,25.26,98,estimated,True,2026-06-04T21:02:00,False,none
2255,2,2,2026-06-04T22:00:00,41793.463,26.12,915.042,28427.84,24.08,98,estimated,True,2026-06-04T22:02:00,False,none
2256,2,2,2026-06-04T23:00:00,41802.253,8.79,915.042,28427.84,23.0,98,estimated,True,2026-06-04T23:02:00,False,none
2257,2,2,2026-06-05T00:00:00,41806.211,3.958,929.326,28427.84,21.8,98,estimated,True,2026-06-05T00:02:00,False,none
2258,2,2,2026-06-05T01:00:00,41806.211,0.0,929.326,28427.84,20.95,98,estimated,True,2026-06-05T01:02:00,False,none
2259,2,2,2026-06-05T02:00:00,41806.211,0.0,929.326,28427.84,20.24,98,estimated,True,2026-06-05T02:02:00,False,none
2260,2,2,2026-06-05T03:00:00,41806.211,0.0,929.326,28427.84,20.54,98,estimated,True,2026-06-05T03:02:00,False,none
2261,2,2,2026-06-05T04:00:00,41806.211,0.0,929.326,28427.84,20.66,98,estimated,True,2026-06-05T04:02:00,False,none
2262,2,2,2026-06-05T05:00:00,41812.848,6.637,929.326,28427.84,20.77,98,estimated,True,2026-06-05T05:02:00,False,none
2263,2,2,2026-06-05T06:00:00,41838.716,25.868,929.326,28427.84,21.96,98,estimated,True,2026-06-05T06:02:00,False,none
2264,2,2,2026-06-05T07:00:00,41904.88,66.164,929.326,28427.84,22.84,98,estimated,True,2026-06-05T07:02:00,False,none
2265,2,2,2026-06-05T08:00:00,41979.688,74.808,929.326,28427.84,23.84,98,estimated,True,2026-06-05T08:02:00,False,none
2266,2,2,2026-06-05T09:00:00,42036.916,57.228,929.326,28427.84,25.8,98,estimated,True,2026-06-05T09:02:00,False,none
2267,2,2,2026-06-05T10:00:00,42065.46,28.544,929.326,28427.84,26.1,98,estimated,True,2026-06-05T10:02:00,False,none
2268,2,2,2026-06-05T11:00:00,42108.303,42.843,929.326,28427.84,27.45,98,estimated,True,2026-06-05T11:02:00,False,none
2269,2,2,2026-06-05T12:00:00,42163.169,54.866,929.326,28427.84,28.73,98,estimated,True,2026-06-05T12:02:00,False,none
2270,2,2,2026-06-05T13:00:00,42207.266,44.097,929.326,28427.84,29.75,98,estimated,True,2026-06-05T13:02:00,False,none
2271,2,2,2026-06-05T14:00:00,42232.732,25.466,929.326,28427.84,30.06,98,estimated,True,2026-06-05T14:02:00,False,none
2272,2,2,2026-06-05T15:00:00,42270.597,37.865,929.326,28427.84,30.02,98,estimated,True,2026-06-05T15:02:00,False,none
2273,2,2,2026-06-05T16:00:00,42319.071,48.474,929.326,28427.84,29.91,98,estimated,True,2026-06-05T16:02:00,False,none
2274,2,2,2026-06-05T17:00:00,42377.179,58.108,929.326,28427.84,29.31,98,estimated,True,2026-06-05T17:02:00,False,none
2275,2,2,2026-06-05T18:00:00,42472.759,95.58,929.326,28427.84,28.59,98,estimated,True,2026-06-05T18:02:00,False,none
2276,2,2,2026-06-05T19:00:00,42563.006,90.247,929.326,28427.84,27.34,98,estimated,True,2026-06-05T19:02:00,False,none
2277,2,2,2026-06-05T20:00:00,42646.401,83.395,929.326,28427.84,26.02,98,estimated,True,2026-06-05T20:02:00,False,none
2278,2,2,2026-06-05T21:00:00,42702.829,56.428,929.326,28427.84,24.98,98,estimated,True,2026-06-05T21:02:00,False,none
2279,2,2,2026-06-05T22:00:00,42725.222,22.393,929.326,28427.84,24.42,98,estimated,True,2026-06-05T22:02:00,False,none
2280,2,2,2026-06-05T23:00:00,42731.579,6.357,929.326,28427.84,22.2,98,estimated,True,2026-06-05T23:02:00,False,none
2281,2,2,2026-06-06T00:00:00,42734.199,2.62,1247.095,28427.84,21.24,98,estimated,True,2026-06-06T00:02:00,False,none
2282,2,2,2026-06-06T01:00:00,42734.199,0.0,1247.095,28427.84,21.59,98,estimated,True,2026-06-06T01:02:00,False,none
2283,2,2,2026-06-06T02:00:00,42734.199,0.0,1247.095,28427.84,21.36,98,estimated,True,2026-06-06T02:02:00,False,none
2284,2,2,2026-06-06T03:00:00,42734.199,0.0,1247.095,28427.84,20.48,98,estimated,True,2026-06-06T03:02:00,False,none
2285,2,2,2026-06-06T04:00:00,42736.463,2.264,1247.095,28427.84,21.28,98,estimated,True,2026-06-06T04:02:00,False,none
2286,2,2,2026-06-06T05:00:00,42746.037,9.574,1247.095,28427.84,21.11,98,estimated,True,2026-06-06T05:02:00,False,none
2287,2,2,2026-06-06T06:00:00,42790.302,44.265,1247.095,28427.84,20.99,98,estimated,True,2026-06-06T06:02:00,False,none
2288,2,2,2026-06-06T07:00:00,42885.633,95.331,1247.095,28427.84,22.82,98,estimated,True,2026-06-06T07:02:00,False,none
2289,2,2,2026-06-06T08:00:00,42992.855,107.222,1247.095,28427.84,23.81,98,estimated,True,2026-06-06T08:02:00,False,none
2290,2,2,2026-06-06T09:00:00,43084.807,91.952,1247.095,28427.84,25.65,98,estimated,True,2026-06-06T09:02:00,False,none
2291,2,2,2026-06-06T10:00:00,43125.689,40.882,1247.095,28427.84,26.99,98,estimated,True,2026-06-06T10:02:00,False,none
2292,2,2,2026-06-06T11:00:00,43176.598,50.909,1247.095,28427.84,27.7,98,estimated,True,2026-06-06T11:02:00,False,none
2293,2,2,2026-06-06T12:00:00,43236.251,59.653,1247.095,28427.84,28.19,98,estimated,True,2026-06-06T12:02:00,False,none
2294,2,2,2026-06-06T13:00:00,43280.475,44.224,1247.095,28427.84,29.99,98,estimated,True,2026-06-06T13:02:00,False,none
2295,2,2,2026-06-06T14:00:00,43323.481,43.006,1247.095,28427.84,30.62,98,estimated,True,2026-06-06T14:02:00,False,none
2296,2,2,2026-06-06T15:00:00,43366.971,43.49,1247.095,28427.84,30.07,98,estimated,True,2026-06-06T15:02:00,False,none
2297,2,2,2026-06-06T16:00:00,43433.545,66.574,1247.095,28427.84,30.84,98,estimated,True,2026-06-06T16:02:00,False,none
2298,2,2,2026-06-06T17:00:00,43518.915,85.37,1247.095,28427.84,29.7,98,estimated,True,2026-06-06T17:02:00,False,none
2299,2,2,2026-06-06T18:00:00,43633.47,114.555,1247.095,28427.84,28.93,98,estimated,True,2026-06-06T18:02:00,False,none
2300,2,2,2026-06-06T19:00:00,43784.701,151.231,1247.095,28427.84,27.03,98,estimated,True,2026-06-06T19:02:00,False,none
2301,2,2,2026-06-06T20:00:00,43887.478,102.777,1247.095,28427.84,26.72,98,estimated,True,2026-06-06T20:02:00,False,none
2302,2,2,2026-06-06T21:00:00,43945.126,57.648,1247.095,28427.84,25.34,98,estimated,True,2026-06-06T21:02:00,False,none
2303,2,2,2026-06-06T22:00:00,43969.169,24.043,1247.095,28427.84,24.0,98,estimated,True,2026-06-06T22:02:00,False,none
2304,2,2,2026-06-06T23:00:00,43978.674,9.505,1247.095,28427.84,23.78,98,estimated,True,2026-06-06T23:02:00,False,none
2305,2,2,2026-06-07T00:00:00,43982.041,3.367,1193.828,28427.84,21.68,98,estimated,True,2026-06-07T00:02:00,False,none
2306,2,2,2026-06-07T01:00:00,43982.041,0.0,1193.828,28427.84,21.81,98,estimated,True,2026-06-07T01:02:00,False,none
2307,2,2,2026-06-07T02:00:00,43982.041,0.0,1193.828,28427.84,21.0,98,estimated,True,2026-06-07T02:02:00,False,none
2308,2,2,2026-06-07T03:00:00,43982.041,0.0,1193.828,28427.84,20.92,98,estimated,True,2026-06-07T03:02:00,False,none
2309,2,2,2026-06-07T04:00:00,43982.041,0.0,1193.828,28427.84,20.89,98,estimated,True,2026-06-07T04:02:00,False,none
2310,2,2,2026-06-07T05:00:00,43988.866,6.825,1193.828,28427.84,22.17,98,estimated,True,2026-06-07T05:02:00,False,none
2311,2,2,2026-06-07T06:00:00,44031.658,42.792,1193.828,28427.84,22.74,98,estimated,True,2026-06-07T06:02:00,False,none
2312,2,2,2026-06-07T07:00:00,44102.792,71.134,1193.828,28427.84,23.33,98,estimated,True,2026-06-07T07:02:00,False,none
2313,2,2,2026-06-07T08:00:00,44200.128,97.336,1193.828,28427.84,24.26,98,estimated,True,2026-06-07T08:02:00,False,none
2314,2,2,2026-06-07T09:00:00,44275.677,75.549,1193.828,28427.84,25.96,98,estimated,True,2026-06-07T09:02:00,False,none
2315,2,2,2026-06-07T10:00:00,44320.269,44.592,1193.828,28427.84,26.09,98,estimated,True,2026-06-07T10:02:00,False,none
2316,2,2,2026-06-07T11:00:00,44373.797,53.528,1193.828,28427.84,28.58,98,estimated,True,2026-06-07T11:02:00,False,none
2317,2,2,2026-06-07T12:00:00,44440.09,66.293,1193.828,28427.84,29.45,98,estimated,True,2026-06-07T12:02:00,False,none
2318,2,2,2026-06-07T13:00:00,44490.691,50.601,1193.828,28427.84,30.09,98,estimated,True,2026-06-07T13:02:00,False,none
2319,2,2,2026-06-07T14:00:00,44525.433,34.742,1193.828,28427.84,29.97,98,estimated,True,2026-06-07T14:02:00,False,none
2320,2,2,2026-06-07T15:00:00,44570.466,45.033,1193.828,28427.84,30.91,98,estimated,True,2026-06-07T15:02:00,False,none
2321,2,2,2026-06-07T16:00:00,44628.075,57.609,1193.828,28427.84,30.4,98,estimated,True,2026-06-07T16:02:00,False,none
2322,2,2,2026-06-07T17:00:00,44727.231,99.156,1193.828,28427.84,29.83,98,estimated,True,2026-06-07T17:02:00,False,none
2323,2,2,2026-06-07T18:00:00,44829.834,102.603,1193.828,28427.84,29.03,98,estimated,True,2026-06-07T18:02:00,False,none
2324,2,2,2026-06-07T19:00:00,44951.54,121.706,1193.828,28427.84,28.42,98,estimated,True,2026-06-07T19:02:00,False,none
2325,2,2,2026-06-07T20:00:00,45069.038,117.498,1193.828,28427.84,26.93,98,estimated,True,2026-06-07T20:02:00,False,none
2326,2,2,2026-06-07T21:00:00,45134.458,65.42,1193.828,28427.84,25.62,98,estimated,True,2026-06-07T21:02:00,False,none
2327,2,2,2026-06-07T22:00:00,45163.427,28.969,1193.828,28427.84,23.86,98,estimated,True,2026-06-07T22:02:00,False,none
2328,2,2,2026-06-07T23:00:00,45172.502,9.075,1193.828,28427.84,23.37,98,estimated,True,2026-06-07T23:02:00,False,none
2329,2,2,2026-06-08T00:00:00,45175.409,2.907,944.616,28427.84,22.42,98,estimated,True,2026-06-08T00:02:00,False,none
2330,2,2,2026-06-08T01:00:00,45175.409,0.0,944.616,28427.84,21.56,98,estimated,True,2026-06-08T01:02:00,False,none
2331,2,2,2026-06-08T02:00:00,45177.618,2.209,944.616,28427.84,21.75,98,estimated,True,2026-06-08T02:02:00,False,none
2332,2,2,2026-06-08T03:00:00,45177.618,0.0,944.616,28427.84,20.91,98,estimated,True,2026-06-08T03:02:00,False,none
2333,2,2,2026-06-08T04:00:00,45177.618,0.0,944.616,28427.84,21.08,98,estimated,True,2026-06-08T04:02:00,False,none
2334,2,2,2026-06-08T05:00:00,45183.675,6.057,944.616,28427.84,21.54,98,estimated,True,2026-06-08T05:02:00,False,none
2335,2,2,2026-06-08T06:00:00,45212.105,28.43,944.616,28427.84,22.38,98,estimated,True,2026-06-08T06:02:00,False,none
2336,2,2,2026-06-08T07:00:00,45274.197,62.092,944.616,28427.84,22.65,98,estimated,True,2026-06-08T07:02:00,False,none
2337,2,2,2026-06-08T08:00:00,45372.93,98.733,944.616,28427.84,24.03,98,estimated,True,2026-06-08T08:02:00,False,none
2338,2,2,2026-06-08T09:00:00,45421.696,48.766,944.616,28427.84,25.83,98,estimated,True,2026-06-08T09:02:00,False,none
2339,2,2,2026-06-08T10:00:00,45451.947,30.251,944.616,28427.84,27.53,98,estimated,True,2026-06-08T10:02:00,False,none
2340,2,2,2026-06-08T11:00:00,45493.494,41.547,944.616,28427.84,28.07,98,estimated,True,2026-06-08T11:02:00,False,none
2341,2,2,2026-06-08T12:00:00,45545.105,51.611,944.616,28427.84,29.82,98,estimated,True,2026-06-08T12:02:00,False,none
2342,2,2,2026-06-08T13:00:00,45585.392,40.287,944.616,28427.84,30.31,98,estimated,True,2026-06-08T13:02:00,False,none
2343,2,2,2026-06-08T14:00:00,45617.161,31.769,944.616,28427.84,30.87,98,estimated,True,2026-06-08T14:02:00,False,none
2344,2,2,2026-06-08T15:00:00,45651.22,34.059,944.616,28427.84,30.47,98,estimated,True,2026-06-08T15:02:00,False,none
2345,2,2,2026-06-08T16:00:00,45697.696,46.476,944.616,28427.84,30.28,98,estimated,True,2026-06-08T16:02:00,False,none
2346,2,2,2026-06-08T17:00:00,45785.353,87.657,944.616,28427.84,30.02,98,estimated,True,2026-06-08T17:02:00,False,none
2347,2,2,2026-06-08T18:00:00,45863.166,77.813,944.616,28427.84,29.4,98,estimated,True,2026-06-08T18:02:00,False,none
2348,2,2,2026-06-08T19:00:00,45963.712,100.546,944.616,28427.84,28.32,98,estimated,True,2026-06-08T19:02:00,False,none
2349,2,2,2026-06-08T20:00:00,46034.518,70.806,944.616,28427.84,27.84,98,estimated,True,2026-06-08T20:02:00,False,none
2350,2,2,2026-06-08T21:00:00,46087.28,52.762,944.616,28427.84,25.24,98,estimated,True,2026-06-08T21:02:00,False,none
2351,2,2,2026-06-08T22:00:00,46108.709,21.429,944.616,28427.84,24.03,98,estimated,True,2026-06-08T22:02:00,False,none
2352,2,2,2026-06-08T23:00:00,46117.118,8.409,944.616,28427.84,23.27,98,estimated,True,2026-06-08T23:02:00,False,none
2353,2,2,2026-06-09T00:00:00,46119.398,2.28,915.732,28427.84,22.86,98,estimated,True,2026-06-09T00:02:00,False,none
2354,2,2,2026-06-09T01:00:00,46120.517,1.119,915.732,28427.84,21.68,98,estimated,True,2026-06-09T01:02:00,False,none
2355,2,2,2026-06-09T02:00:00,46120.517,0.0,915.732,28427.84,21.53,98,estimated,True,2026-06-09T02:02:00,False,none
2356,2,2,2026-06-09T03:00:00,46121.757,1.24,915.732,28427.84,21.29,98,estimated,True,2026-06-09T03:02:00,False,none
2357,2,2,2026-06-09T04:00:00,46121.757,0.0,915.732,28427.84,21.5,98,estimated,True,2026-06-09T04:02:00,False,none
2358,2,2,2026-06-09T05:00:00,46127.45,5.693,915.732,28427.84,21.16,98,estimated,True,2026-06-09T05:02:00,False,none
2359,2,2,2026-06-09T06:00:00,46161.262,33.812,915.732,28427.84,22.78,98,estimated,True,2026-06-09T06:02:00,False,none
2360,2,2,2026-06-09T07:00:00,46223.735,62.473,915.732,28427.84,23.34,98,estimated,True,2026-06-09T07:02:00,False,none
2361,2,2,2026-06-09T08:00:00,46310.982,87.247,915.732,28427.84,24.6,98,estimated,True,2026-06-09T08:02:00,False,none
2362,2,2,2026-06-09T09:00:00,46359.885,48.903,915.732,28427.84,26.53,98,estimated,True,2026-06-09T09:02:00,False,none
2363,2,2,2026-06-09T10:00:00,46395.532,35.647,915.732,28427.84,27.78,98,estimated,True,2026-06-09T10:02:00,False,none
2364,2,2,2026-06-09T11:00:00,46436.083,40.551,915.732,28427.84,28.57,98,estimated,True,2026-06-09T11:02:00,False,none
2365,2,2,2026-06-09T12:00:00,46486.787,50.704,915.732,28427.84,29.95,98,estimated,True,2026-06-09T12:02:00,False,none
2366,2,2,2026-06-09T13:00:00,46523.311,36.524,915.732,28427.84,31.36,98,estimated,True,2026-06-09T13:02:00,False,none
2367,2,2,2026-06-09T14:00:00,46552.513,29.202,915.732,28427.84,31.16,98,estimated,True,2026-06-09T14:02:00,False,none
2368,2,2,2026-06-09T15:00:00,46586.527,34.014,915.732,28427.84,30.77,98,estimated,True,2026-06-09T15:02:00,False,none
2369,2,2,2026-06-09T16:00:00,46649.497,62.97,915.732,28427.84,31.0,98,estimated,True,2026-06-09T16:02:00,False,none
2370,2,2,2026-06-09T17:00:00,46707.956,58.459,915.732,28427.84,30.38,98,estimated,True,2026-06-09T17:02:00,False,none
2371,2,2,2026-06-09T18:00:00,46778.714,70.758,915.732,28427.84,29.76,98,estimated,True,2026-06-09T18:02:00,False,none
2372,2,2,2026-06-09T19:00:00,46874.014,95.3,915.732,28427.84,28.58,98,estimated,True,2026-06-09T19:02:00,False,none
2373,2,2,2026-06-09T20:00:00,46958.931,84.917,915.732,28427.84,27.73,98,estimated,True,2026-06-09T20:02:00,False,none
2374,2,2,2026-06-09T21:00:00,47006.114,47.183,915.732,28427.84,25.92,98,estimated,True,2026-06-09T21:02:00,False,none
2375,2,2,2026-06-09T22:00:00,47025.666,19.552,915.732,28427.84,24.52,98,estimated,True,2026-06-09T22:02:00,False,none
2376,2,2,2026-06-09T23:00:00,47032.85,7.184,915.732,28427.84,23.74,98,estimated,True,2026-06-09T23:02:00,False,none
2377,2,2,2026-06-10T00:00:00,47034.88,2.03,923.91,28427.84,22.65,98,estimated,True,2026-06-10T00:02:00,False,none
2378,2,2,2026-06-10T01:00:00,47034.88,0.0,923.91,28427.84,22.24,98,estimated,True,2026-06-10T01:02:00,False,none
2379,2,2,2026-06-10T02:00:00,47034.88,0.0,923.91,28427.84,22.14,98,estimated,True,2026-06-10T02:02:00,False,none
2380,2,2,2026-06-10T03:00:00,47034.88,0.0,923.91,28427.84,21.44,98,estimated,True,2026-06-10T03:02:00,False,none
2381,2,2,2026-06-10T04:00:00,47034.88,0.0,923.91,28427.84,21.21,98,estimated,True,2026-06-10T04:02:00,False,none
2382,2,2,2026-06-10T05:00:00,47040.704,5.824,923.91,28427.84,21.87,98,estimated,True,2026-06-10T05:02:00,False,none
2383,2,2,2026-06-10T06:00:00,47078.255,37.551,923.91,28427.84,22.45,98,estimated,True,2026-06-10T06:02:00,False,none
2384,2,2,2026-06-10T07:00:00,47145.756,67.501,923.91,28427.84,23.6,98,estimated,True,2026-06-10T07:02:00,False,none
2385,2,2,2026-06-10T08:00:00,47221.91,76.154,923.91,28427.84,25.28,98,estimated,True,2026-06-10T08:02:00,False,none
2386,2,2,2026-06-10T09:00:00,47270.171,48.261,923.91,28427.84,25.61,98,estimated,True,2026-06-10T09:02:00,False,none
2387,2,2,2026-06-10T10:00:00,47304.059,33.888,923.91,28427.84,28.06,98,estimated,True,2026-06-10T10:02:00,False,none
2388,2,2,2026-06-10T11:00:00,47350.234,46.175,923.91,28427.84,28.51,98,estimated,True,2026-06-10T11:02:00,False,none
2389,2,2,2026-06-10T12:00:00,47395.875,45.641,923.91,28427.84,29.75,98,estimated,True,2026-06-10T12:02:00,False,none
2390,2,2,2026-06-10T13:00:00,47439.825,43.95,923.91,28427.84,30.74,98,estimated,True,2026-06-10T13:02:00,False,none
2391,2,2,2026-06-10T14:00:00,47474.706,34.881,923.91,28427.84,32.13,98,estimated,True,2026-06-10T14:02:00,False,none
2392,2,2,2026-06-10T15:00:00,47507.31,32.604,923.91,28427.84,31.82,98,estimated,True,2026-06-10T15:02:00,False,none
2393,2,2,2026-06-10T16:00:00,47554.101,46.791,923.91,28427.84,30.77,98,estimated,True,2026-06-10T16:02:00,False,none
2394,2,2,2026-06-10T17:00:00,47613.348,59.247,923.91,28427.84,30.72,98,estimated,True,2026-06-10T17:02:00,False,none
2395,2,2,2026-06-10T18:00:00,47712.186,98.838,923.91,28427.84,29.82,98,estimated,True,2026-06-10T18:02:00,False,none
2396,2,2,2026-06-10T19:00:00,47813.865,101.679,923.91,28427.84,29.0,98,estimated,True,2026-06-10T19:02:00,False,none
2397,2,2,2026-06-10T20:00:00,47885.314,71.449,923.91,28427.84,27.76,98,estimated,True,2026-06-10T20:02:00,False,none
2398,2,2,2026-06-10T21:00:00,47926.576,41.262,923.91,28427.84,26.15,98,estimated,True,2026-06-10T21:02:00,False,none
2399,2,2,2026-06-10T22:00:00,47949.225,22.649,923.91,28427.84,25.77,98,estimated,True,2026-06-10T22:02:00,False,none
2400,2,2,2026-06-10T23:00:00,47956.76,7.535,923.91,28427.84,23.76,98,estimated,True,2026-06-10T23:02:00,False,none
2401,2,2,2026-06-11T00:00:00,47958.728,1.968,926.359,28427.84,24.21,98,estimated,True,2026-06-11T00:02:00,False,none
2402,2,2,2026-06-11T01:00:00,47958.728,0.0,926.359,28427.84,22.07,98,estimated,True,2026-06-11T01:02:00,False,none
2403,2,2,2026-06-11T02:00:00,47958.728,0.0,926.359,28427.84,21.95,98,estimated,True,2026-06-11T02:02:00,False,none
2404,2,2,2026-06-11T03:00:00,47958.728,0.0,926.359,28427.84,21.15,98,estimated,True,2026-06-11T03:02:00,False,none
2405,2,2,2026-06-11T04:00:00,47958.728,0.0,926.359,28427.84,22.63,98,estimated,True,2026-06-11T04:02:00,False,none
2406,2,2,2026-06-11T05:00:00,47965.051,6.323,926.359,28427.84,22.31,98,estimated,True,2026-06-11T05:02:00,False,none
2407,2,2,2026-06-11T06:00:00,47993.0,27.949,926.359,28427.84,22.99,98,estimated,True,2026-06-11T06:02:00,False,none
2408,2,2,2026-06-11T07:00:00,48066.165,73.165,926.359,28427.84,24.37,98,estimated,True,2026-06-11T07:02:00,False,none
2409,2,2,2026-06-11T08:00:00,48148.005,81.84,926.359,28427.84,25.67,98,estimated,True,2026-06-11T08:02:00,False,none
2410,2,2,2026-06-11T09:00:00,48189.639,41.634,926.359,28427.84,26.33,98,estimated,True,2026-06-11T09:02:00,False,none
2411,2,2,2026-06-11T10:00:00,48226.844,37.205,926.359,28427.84,28.19,98,estimated,True,2026-06-11T10:02:00,False,none
2412,2,2,2026-06-11T11:00:00,48265.842,38.998,926.359,28427.84,28.68,98,estimated,True,2026-06-11T11:02:00,False,none
2413,2,2,2026-06-11T12:00:00,48305.934,40.092,926.359,28427.84,29.92,98,estimated,True,2026-06-11T12:02:00,False,none
2414,2,2,2026-06-11T13:00:00,48340.581,34.647,926.359,28427.84,30.57,98,estimated,True,2026-06-11T13:02:00,False,none
2415,2,2,2026-06-11T14:00:00,48369.041,28.46,926.359,28427.84,31.24,98,estimated,True,2026-06-11T14:02:00,False,none
2416,2,2,2026-06-11T15:00:00,48411.482,42.441,926.359,28427.84,30.92,98,estimated,True,2026-06-11T15:02:00,False,none
2417,2,2,2026-06-11T16:00:00,48454.452,42.97,926.359,28427.84,31.9,98,estimated,True,2026-06-11T16:02:00,False,none
2418,2,2,2026-06-11T17:00:00,48526.295,71.843,926.359,28427.84,31.01,98,estimated,True,2026-06-11T17:02:00,False,none
2419,2,2,2026-06-11T18:00:00,48612.549,86.254,926.359,28427.84,30.58,98,estimated,True,2026-06-11T18:02:00,False,none
2420,2,2,2026-06-11T19:00:00,48702.984,90.435,926.359,28427.84,29.51,98,estimated,True,2026-06-11T19:02:00,False,none
2421,2,2,2026-06-11T20:00:00,48784.986,82.002,926.359,28427.84,27.33,98,estimated,True,2026-06-11T20:02:00,False,none
2422,2,2,2026-06-11T21:00:00,48849.333,64.347,926.359,28427.84,27.09,98,estimated,True,2026-06-11T21:02:00,False,none
2423,2,2,2026-06-11T22:00:00,48873.842,24.509,926.359,28427.84,24.8,98,estimated,True,2026-06-11T22:02:00,False,none
2424,2,2,2026-06-11T23:00:00,48883.119,9.277,926.359,28427.84,23.91,98,estimated,True,2026-06-11T23:02:00,False,none
2425,2,2,2026-06-12T00:00:00,48884.935,1.816,938.882,28427.84,22.65,98,estimated,True,2026-06-12T00:02:00,False,none
2426,2,2,2026-06-12T01:00:00,48884.935,0.0,938.882,28427.84,22.14,98,estimated,True,2026-06-12T01:02:00,False,none
2427,2,2,2026-06-12T02:00:00,48884.935,0.0,938.882,28427.84,22.22,98,estimated,True,2026-06-12T02:02:00,False,none
2428,2,2,2026-06-12T03:00:00,48884.935,0.0,938.882,28427.84,22.43,98,estimated,True,2026-06-12T03:02:00,False,none
2429,2,2,2026-06-12T04:00:00,48884.935,0.0,938.882,28427.84,22.4,98,estimated,True,2026-06-12T04:02:00,False,none
2430,2,2,2026-06-12T05:00:00,48890.953,6.018,938.882,28427.84,23.08,98,estimated,True,2026-06-12T05:02:00,False,none
2431,2,2,2026-06-12T06:00:00,48918.619,27.666,938.882,28427.84,22.64,98,estimated,True,2026-06-12T06:02:00,False,none
2432,2,2,2026-06-12T07:00:00,48985.08,66.461,938.882,28427.84,24.81,98,estimated,True,2026-06-12T07:02:00,False,none
2433,2,2,2026-06-12T08:00:00,49074.515,89.435,938.882,28427.84,25.52,98,estimated,True,2026-06-12T08:02:00,False,none
2434,2,2,2026-06-12T09:00:00,49128.21,53.695,938.882,28427.84,27.06,98,estimated,True,2026-06-12T09:02:00,False,none
2435,2,2,2026-06-12T10:00:00,49162.155,33.945,938.882,28427.84,27.99,98,estimated,True,2026-06-12T10:02:00,False,none
2436,2,2,2026-06-12T11:00:00,49207.411,45.256,938.882,28427.84,29.62,98,estimated,True,2026-06-12T11:02:00,False,none
2437,2,2,2026-06-12T12:00:00,49262.811,55.4,938.882,28427.84,30.21,98,estimated,True,2026-06-12T12:02:00,False,none
2438,2,2,2026-06-12T13:00:00,49299.14,36.329,938.882,28427.84,31.06,98,estimated,True,2026-06-12T13:02:00,False,none
2439,2,2,2026-06-12T14:00:00,49326.73,27.59,938.882,28427.84,31.3,98,estimated,True,2026-06-12T14:02:00,False,none
2440,2,2,2026-06-12T15:00:00,49366.473,39.743,938.882,28427.84,31.67,98,estimated,True,2026-06-12T15:02:00,False,none
2441,2,2,2026-06-12T16:00:00,49414.418,47.945,938.882,28427.84,31.29,98,estimated,True,2026-06-12T16:02:00,False,none
2442,2,2,2026-06-12T17:00:00,49480.503,66.085,938.882,28427.84,30.85,98,estimated,True,2026-06-12T17:02:00,False,none
2443,2,2,2026-06-12T18:00:00,49572.137,91.634,938.882,28427.84,29.71,98,estimated,True,2026-06-12T18:02:00,False,none
2444,2,2,2026-06-12T19:00:00,49674.616,102.479,938.882,28427.84,29.2,98,estimated,True,2026-06-12T19:02:00,False,none
2445,2,2,2026-06-12T20:00:00,49740.256,65.64,938.882,28427.84,28.16,98,estimated,True,2026-06-12T20:02:00,False,none
2446,2,2,2026-06-12T21:00:00,49790.712,50.456,938.882,28427.84,27.21,98,estimated,True,2026-06-12T21:02:00,False,none
2447,2,2,2026-06-12T22:00:00,49813.3,22.588,938.882,28427.84,25.56,98,estimated,True,2026-06-12T22:02:00,False,none
2448,2,2,2026-06-12T23:00:00,49822.001,8.701,938.882,28427.84,24.07,98,estimated,True,2026-06-12T23:02:00,False,none
2449,2,2,2026-06-13T00:00:00,49824.323,2.322,1222.698,28427.84,23.63,98,estimated,True,2026-06-13T00:02:00,False,none
2450,2,2,2026-06-13T01:00:00,49825.607,1.284,1222.698,28427.84,22.43,98,estimated,True,2026-06-13T01:02:00,False,none
2451,2,2,2026-06-13T02:00:00,49825.607,0.0,1222.698,28427.84,22.63,98,estimated,True,2026-06-13T02:02:00,False,none
2452,2,2,2026-06-13T03:00:00,49825.607,0.0,1222.698,28427.84,21.66,98,estimated,True,2026-06-13T03:02:00,False,none
2453,2,2,2026-06-13T04:00:00,49825.607,0.0,1222.698,28427.84,22.51,98,estimated,True,2026-06-13T04:02:00,False,none
2454,2,2,2026-06-13T05:00:00,49833.733,8.126,1222.698,28427.84,22.5,98,estimated,True,2026-06-13T05:02:00,False,none
2455,2,2,2026-06-13T06:00:00,49876.744,43.011,1222.698,28427.84,23.02,98,estimated,True,2026-06-13T06:02:00,False,none
2456,2,2,2026-06-13T07:00:00,49959.991,83.247,1222.698,28427.84,23.79,98,estimated,True,2026-06-13T07:02:00,False,none
2457,2,2,2026-06-13T08:00:00,50089.524,129.533,1222.698,28427.84,25.55,98,estimated,True,2026-06-13T08:02:00,False,none
2458,2,2,2026-06-13T09:00:00,50139.633,50.109,1222.698,28427.84,26.86,98,estimated,True,2026-06-13T09:02:00,False,none
2459,2,2,2026-06-13T10:00:00,50185.763,46.13,1222.698,28427.84,27.47,98,estimated,True,2026-06-13T10:02:00,False,none
2460,2,2,2026-06-13T11:00:00,50244.226,58.463,1222.698,28427.84,29.72,98,estimated,True,2026-06-13T11:02:00,False,none
2461,2,2,2026-06-13T12:00:00,50318.243,74.017,1222.698,28427.84,30.58,98,estimated,True,2026-06-13T12:02:00,False,none
2462,2,2,2026-06-13T13:00:00,50377.235,58.992,1222.698,28427.84,31.09,98,estimated,True,2026-06-13T13:02:00,False,none
2463,2,2,2026-06-13T14:00:00,50413.803,36.568,1222.698,28427.84,31.15,98,estimated,True,2026-06-13T14:02:00,False,none
2464,2,2,2026-06-13T15:00:00,50457.518,43.715,1222.698,28427.84,31.25,98,estimated,True,2026-06-13T15:02:00,False,none
2465,2,2,2026-06-13T16:00:00,50520.607,63.089,1222.698,28427.84,31.78,98,estimated,True,2026-06-13T16:02:00,False,none
2466,2,2,2026-06-13T17:00:00,50601.073,80.466,1222.698,28427.84,31.33,98,estimated,True,2026-06-13T17:02:00,False,none
2467,2,2,2026-06-13T18:00:00,50704.029,102.956,1222.698,28427.84,30.43,98,estimated,True,2026-06-13T18:02:00,False,none
2468,2,2,2026-06-13T19:00:00,50827.926,123.897,1222.698,28427.84,30.02,98,estimated,True,2026-06-13T19:02:00,False,none
2469,2,2,2026-06-13T20:00:00,50947.829,119.903,1222.698,28427.84,28.07,98,estimated,True,2026-06-13T20:02:00,False,none
2470,2,2,2026-06-13T21:00:00,51003.04,55.211,1222.698,28427.84,26.48,98,estimated,True,2026-06-13T21:02:00,False,none
2471,2,2,2026-06-13T22:00:00,51032.551,29.511,1222.698,28427.84,25.24,98,estimated,True,2026-06-13T22:02:00,False,none
2472,2,2,2026-06-13T23:00:00,51044.699,12.148,1222.698,28427.84,24.65,98,estimated,True,2026-06-13T23:02:00,False,none
2473,2,2,2026-06-14T00:00:00,51046.619,1.92,1225.97,28427.84,24.65,98,estimated,True,2026-06-14T00:02:00,False,none
2474,2,2,2026-06-14T01:00:00,51046.619,0.0,1225.97,28427.84,23.07,98,estimated,True,2026-06-14T01:02:00,False,none
2475,2,2,2026-06-14T02:00:00,51046.619,0.0,1225.97,28427.84,22.59,98,estimated,True,2026-06-14T02:02:00,False,none
2476,2,2,2026-06-14T03:00:00,51046.619,0.0,1225.97,28427.84,22.49,98,estimated,True,2026-06-14T03:02:00,False,none
2477,2,2,2026-06-14T04:00:00,51046.619,0.0,1225.97,28427.84,22.16,98,estimated,True,2026-06-14T04:02:00,False,none
2478,2,2,2026-06-14T05:00:00,51052.113,5.494,1225.97,28427.84,22.29,98,estimated,True,2026-06-14T05:02:00,False,none
2479,2,2,2026-06-14T06:00:00,51093.818,41.705,1225.97,28427.84,23.34,98,estimated,True,2026-06-14T06:02:00,False,none
2480,2,2,2026-06-14T07:00:00,51184.678,90.86,1225.97,28427.84,24.69,98,estimated,True,2026-06-14T07:02:00,False,none
2481,2,2,2026-06-14T08:00:00,51302.929,118.251,1225.97,28427.84,25.29,98,estimated,True,2026-06-14T08:02:00,False,none
2482,2,2,2026-06-14T09:00:00,51377.584,74.655,1225.97,28427.84,27.25,98,estimated,True,2026-06-14T09:02:00,False,none
2483,2,2,2026-06-14T10:00:00,51425.447,47.863,1225.97,28427.84,27.69,98,estimated,True,2026-06-14T10:02:00,False,none
2484,2,2,2026-06-14T11:00:00,51478.186,52.739,1225.97,28427.84,29.18,98,estimated,True,2026-06-14T11:02:00,False,none
2485,2,2,2026-06-14T12:00:00,51544.239,66.053,1225.97,28427.84,30.9,98,estimated,True,2026-06-14T12:02:00,False,none
2486,2,2,2026-06-14T13:00:00,51597.599,53.36,1225.97,28427.84,31.14,98,estimated,True,2026-06-14T13:02:00,False,none
2487,2,2,2026-06-14T14:00:00,51644.47,46.871,1225.97,28427.84,31.37,98,estimated,True,2026-06-14T14:02:00,False,none
2488,2,2,2026-06-14T15:00:00,51696.505,52.035,1225.97,28427.84,32.07,98,estimated,True,2026-06-14T15:02:00,False,none
2489,2,2,2026-06-14T16:00:00,51754.821,58.316,1225.97,28427.84,31.77,98,estimated,True,2026-06-14T16:02:00,False,none
2490,2,2,2026-06-14T17:00:00,51854.613,99.792,1225.97,28427.84,31.18,98,estimated,True,2026-06-14T17:02:00,False,none
2491,2,2,2026-06-14T18:00:00,51989.756,135.143,1225.97,28427.84,30.4,98,estimated,True,2026-06-14T18:02:00,False,none
2492,2,2,2026-06-14T19:00:00,52086.905,97.149,1225.97,28427.84,29.5,98,estimated,True,2026-06-14T19:02:00,False,none
2493,2,2,2026-06-14T20:00:00,52173.607,86.702,1225.97,28427.84,28.22,98,estimated,True,2026-06-14T20:02:00,False,none
2494,2,2,2026-06-14T21:00:00,52229.069,55.462,1225.97,28427.84,27.17,98,estimated,True,2026-06-14T21:02:00,False,none
2495,2,2,2026-06-14T22:00:00,52258.633,29.564,1225.97,28427.84,26.23,98,estimated,True,2026-06-14T22:02:00,False,none
2496,2,2,2026-06-14T23:00:00,52270.669,12.036,1225.97,28427.84,24.58,98,estimated,True,2026-06-14T23:02:00,False,none
2497,2,2,2026-06-15T00:00:00,52273.479,2.81,959.861,28427.84,24.17,98,estimated,True,2026-06-15T00:02:00,False,none
2498,2,2,2026-06-15T01:00:00,52273.479,0.0,959.861,28427.84,22.68,98,estimated,True,2026-06-15T01:02:00,False,none
2499,2,2,2026-06-15T02:00:00,52274.679,1.2,959.861,28427.84,21.96,98,estimated,True,2026-06-15T02:02:00,False,none
2500,2,2,2026-06-15T03:00:00,52274.679,0.0,959.861,28427.84,22.59,98,estimated,True,2026-06-15T03:02:00,False,none
2501,2,2,2026-06-15T04:00:00,52274.679,0.0,959.861,28427.84,21.44,98,estimated,True,2026-06-15T04:02:00,False,none
2502,2,2,2026-06-15T05:00:00,52279.826,5.147,959.861,28427.84,22.75,98,estimated,True,2026-06-15T05:02:00,False,none
2503,2,2,2026-06-15T06:00:00,52308.9,29.074,959.861,28427.84,23.44,98,estimated,True,2026-06-15T06:02:00,False,none
2504,2,2,2026-06-15T07:00:00,52374.931,66.031,959.861,28427.84,25.12,98,estimated,True,2026-06-15T07:02:00,False,none
2505,2,2,2026-06-15T08:00:00,52474.294,99.363,959.861,28427.84,25.48,98,estimated,True,2026-06-15T08:02:00,False,none
2506,2,2,2026-06-15T09:00:00,52517.8,43.506,959.861,28427.84,27.44,98,estimated,True,2026-06-15T09:02:00,False,none
2507,2,2,2026-06-15T10:00:00,52553.841,36.041,959.861,28427.84,28.43,98,estimated,True,2026-06-15T10:02:00,False,none
2508,2,2,2026-06-15T11:00:00,52591.239,37.398,959.861,28427.84,30.5,98,estimated,True,2026-06-15T11:02:00,False,none
2509,2,2,2026-06-15T12:00:00,52649.595,58.356,959.861,28427.84,31.24,98,estimated,True,2026-06-15T12:02:00,False,none
2510,2,2,2026-06-15T13:00:00,52688.946,39.351,959.861,28427.84,31.39,98,estimated,True,2026-06-15T13:02:00,False,none
2511,2,2,2026-06-15T14:00:00,52719.682,30.736,959.861,28427.84,31.73,98,estimated,True,2026-06-15T14:02:00,False,none
2512,2,2,2026-06-15T15:00:00,52757.463,37.781,959.861,28427.84,32.3,98,estimated,True,2026-06-15T15:02:00,False,none
2513,2,2,2026-06-15T16:00:00,52801.134,43.671,959.861,28427.84,32.58,98,estimated,True,2026-06-15T16:02:00,False,none
2514,2,2,2026-06-15T17:00:00,52869.189,68.055,959.861,28427.84,30.86,98,estimated,True,2026-06-15T17:02:00,False,none
2515,2,2,2026-06-15T18:00:00,52968.406,99.217,959.861,28427.84,30.97,98,estimated,True,2026-06-15T18:02:00,False,none
2516,2,2,2026-06-15T19:00:00,53066.985,98.579,959.861,28427.84,29.69,98,estimated,True,2026-06-15T19:02:00,False,none
2517,2,2,2026-06-15T20:00:00,53148.792,81.807,959.861,28427.84,29.22,98,estimated,True,2026-06-15T20:02:00,False,none
2518,2,2,2026-06-15T21:00:00,53195.016,46.224,959.861,28427.84,27.17,98,estimated,True,2026-06-15T21:02:00,False,none
2519,2,2,2026-06-15T22:00:00,53222.07,27.054,959.861,28427.84,25.95,98,estimated,True,2026-06-15T22:02:00,False,none
2520,2,2,2026-06-15T23:00:00,53230.53,8.46,959.861,28427.84,24.74,98,estimated,True,2026-06-15T23:02:00,False,none
2521,2,2,2026-06-16T00:00:00,53234.236,3.706,912.227,28427.84,23.74,98,estimated,True,2026-06-16T00:02:00,False,none
2522,2,2,2026-06-16T01:00:00,53234.236,0.0,912.227,28427.84,23.92,98,estimated,True,2026-06-16T01:02:00,False,none
2523,2,2,2026-06-16T02:00:00,53234.236,0.0,912.227,28427.84,22.65,98,estimated,True,2026-06-16T02:02:00,False,none
2524,2,2,2026-06-16T03:00:00,53234.236,0.0,912.227,28427.84,22.52,98,estimated,True,2026-06-16T03:02:00,False,none
2525,2,2,2026-06-16T04:00:00,53234.236,0.0,912.227,28427.84,23.2,98,estimated,True,2026-06-16T04:02:00,False,none
2526,2,2,2026-06-16T05:00:00,53238.869,4.633,912.227,28427.84,23.31,98,estimated,True,2026-06-16T05:02:00,False,none
2527,2,2,2026-06-16T06:00:00,53267.53,28.661,912.227,28427.84,23.88,98,estimated,True,2026-06-16T06:02:00,False,none
2528,2,2,2026-06-16T07:00:00,53348.388,80.858,912.227,28427.84,24.09,98,estimated,True,2026-06-16T07:02:00,False,none
2529,2,2,2026-06-16T08:00:00,53436.388,88.0,912.227,28427.84,26.45,98,estimated,True,2026-06-16T08:02:00,False,none
2530,2,2,2026-06-16T09:00:00,53480.127,43.739,912.227,28427.84,27.53,98,estimated,True,2026-06-16T09:02:00,False,none
2531,2,2,2026-06-16T10:00:00,53519.384,39.257,912.227,28427.84,28.56,98,estimated,True,2026-06-16T10:02:00,False,none
2532,2,2,2026-06-16T11:00:00,53548.884,29.5,912.227,28427.84,29.54,98,estimated,True,2026-06-16T11:02:00,False,none
2533,2,2,2026-06-16T12:00:00,53597.705,48.821,912.227,28427.84,30.91,98,estimated,True,2026-06-16T12:02:00,False,none
2534,2,2,2026-06-16T13:00:00,53642.338,44.633,912.227,28427.84,31.85,98,estimated,True,2026-06-16T13:02:00,False,none
2535,2,2,2026-06-16T14:00:00,53675.299,32.961,912.227,28427.84,32.55,98,estimated,True,2026-06-16T14:02:00,False,none
2536,2,2,2026-06-16T15:00:00,53704.253,28.954,912.227,28427.84,32.94,98,estimated,True,2026-06-16T15:02:00,False,none
2537,2,2,2026-06-16T16:00:00,53755.765,51.512,912.227,28427.84,32.5,98,estimated,True,2026-06-16T16:02:00,False,none
2538,2,2,2026-06-16T17:00:00,53812.138,56.373,912.227,28427.84,31.3,98,estimated,True,2026-06-16T17:02:00,False,none
2539,2,2,2026-06-16T18:00:00,53900.388,88.25,912.227,28427.84,30.7,98,estimated,True,2026-06-16T18:02:00,False,none
2540,2,2,2026-06-16T19:00:00,53991.323,90.935,912.227,28427.84,30.27,98,estimated,True,2026-06-16T19:02:00,False,none
2541,2,2,2026-06-16T20:00:00,54062.716,71.393,912.227,28427.84,28.42,98,estimated,True,2026-06-16T20:02:00,False,none
2542,2,2,2026-06-16T21:00:00,54112.681,49.965,912.227,28427.84,27.91,98,estimated,True,2026-06-16T21:02:00,False,none
2543,2,2,2026-06-16T22:00:00,54135.04,22.359,912.227,28427.84,26.1,98,estimated,True,2026-06-16T22:02:00,False,none
2544,2,2,2026-06-16T23:00:00,54142.757,7.717,912.227,28427.84,25.48,98,estimated,True,2026-06-16T23:02:00,False,none
2545,2,2,2026-06-17T00:00:00,54145.752,2.995,948.994,28427.84,24.59,98,estimated,True,2026-06-17T00:02:00,False,none
2546,2,2,2026-06-17T01:00:00,54148.883,3.131,948.994,28427.84,23.2,98,estimated,True,2026-06-17T01:02:00,False,none
2547,2,2,2026-06-17T02:00:00,54148.883,0.0,948.994,28427.84,22.75,98,estimated,True,2026-06-17T02:02:00,False,none
2548,2,2,2026-06-17T03:00:00,54148.883,0.0,948.994,28427.84,22.1,98,estimated,True,2026-06-17T03:02:00,False,none
2549,2,2,2026-06-17T04:00:00,54148.883,0.0,948.994,28427.84,22.23,98,estimated,True,2026-06-17T04:02:00,False,none
2550,2,2,2026-06-17T05:00:00,54153.199,4.316,948.994,28427.84,23.12,98,estimated,True,2026-06-17T05:02:00,False,none
2551,2,2,2026-06-17T06:00:00,54186.041,32.842,948.994,28427.84,24.87,98,estimated,True,2026-06-17T06:02:00,False,none
2552,2,2,2026-06-17T07:00:00,54264.69,78.649,948.994,28427.84,24.9,98,estimated,True,2026-06-17T07:02:00,False,none
2553,2,2,2026-06-17T08:00:00,54350.66,85.97,948.994,28427.84,25.91,98,estimated,True,2026-06-17T08:02:00,False,none
2554,2,2,2026-06-17T09:00:00,54407.114,56.454,948.994,28427.84,27.53,98,estimated,True,2026-06-17T09:02:00,False,none
2555,2,2,2026-06-17T10:00:00,54436.729,29.615,948.994,28427.84,28.86,98,estimated,True,2026-06-17T10:02:00,False,none
2556,2,2,2026-06-17T11:00:00,54484.962,48.233,948.994,28427.84,30.13,98,estimated,True,2026-06-17T11:02:00,False,none
2557,2,2,2026-06-17T12:00:00,54539.455,54.493,948.994,28427.84,31.12,98,estimated,True,2026-06-17T12:02:00,False,none
2558,2,2,2026-06-17T13:00:00,54580.121,40.666,948.994,28427.84,31.51,98,estimated,True,2026-06-17T13:02:00,False,none
2559,2,2,2026-06-17T14:00:00,54614.727,34.606,948.994,28427.84,32.18,98,estimated,True,2026-06-17T14:02:00,False,none
2560,2,2,2026-06-17T15:00:00,54652.845,38.118,948.994,28427.84,32.61,98,estimated,True,2026-06-17T15:02:00,False,none
2561,2,2,2026-06-17T16:00:00,54705.062,52.217,948.994,28427.84,32.86,98,estimated,True,2026-06-17T16:02:00,False,none
2562,2,2,2026-06-17T17:00:00,54766.399,61.337,948.994,28427.84,32.03,98,estimated,True,2026-06-17T17:02:00,False,none
2563,2,2,2026-06-17T18:00:00,54856.832,90.433,948.994,28427.84,31.13,98,estimated,True,2026-06-17T18:02:00,False,none
2564,2,2,2026-06-17T19:00:00,54950.059,93.227,948.994,28427.84,29.96,98,estimated,True,2026-06-17T19:02:00,False,none
2565,2,2,2026-06-17T20:00:00,55009.1,59.041,948.994,28427.84,28.5,98,estimated,True,2026-06-17T20:02:00,False,none
2566,2,2,2026-06-17T21:00:00,55059.575,50.475,948.994,28427.84,27.33,98,estimated,True,2026-06-17T21:02:00,False,none
2567,2,2,2026-06-17T22:00:00,55082.23,22.655,948.994,28427.84,25.76,98,estimated,True,2026-06-17T22:02:00,False,none
2568,2,2,2026-06-17T23:00:00,55091.751,9.521,948.994,28427.84,25.86,98,estimated,True,2026-06-17T23:02:00,False,none
2569,2,2,2026-06-18T00:00:00,55094.89,3.139,946.315,28427.84,24.83,98,estimated,True,2026-06-18T00:02:00,False,none
2570,2,2,2026-06-18T01:00:00,55094.89,0.0,946.315,28427.84,23.85,98,estimated,True,2026-06-18T01:02:00,False,none
2571,2,2,2026-06-18T02:00:00,55095.268,0.378,946.315,28427.84,23.75,98,estimated,True,2026-06-18T02:02:00,False,none
2572,2,2,2026-06-18T03:00:00,55095.268,0.0,946.315,28427.84,23.18,98,estimated,True,2026-06-18T03:02:00,False,none
2573,2,2,2026-06-18T04:00:00,55096.8,1.532,946.315,28427.84,22.97,98,estimated,True,2026-06-18T04:02:00,False,none
2574,2,2,2026-06-18T05:00:00,55101.059,4.259,946.315,28427.84,23.83,98,estimated,True,2026-06-18T05:02:00,False,none
2575,2,2,2026-06-18T06:00:00,55131.119,30.06,946.315,28427.84,24.34,98,estimated,True,2026-06-18T06:02:00,False,none
2576,2,2,2026-06-18T07:00:00,55202.693,71.574,946.315,28427.84,25.25,98,estimated,True,2026-06-18T07:02:00,False,none
2577,2,2,2026-06-18T08:00:00,55284.195,81.502,946.315,28427.84,26.34,98,estimated,True,2026-06-18T08:02:00,False,none
2578,2,2,2026-06-18T09:00:00,55342.838,58.643,946.315,28427.84,27.62,98,estimated,True,2026-06-18T09:02:00,False,none
2579,2,2,2026-06-18T10:00:00,55379.862,37.024,946.315,28427.84,29.17,98,estimated,True,2026-06-18T10:02:00,False,none
2580,2,2,2026-06-18T11:00:00,55420.431,40.569,946.315,28427.84,29.7,98,estimated,True,2026-06-18T11:02:00,False,none
2581,2,2,2026-06-18T12:00:00,55470.949,50.518,946.315,28427.84,31.6,98,estimated,True,2026-06-18T12:02:00,False,none
2582,2,2,2026-06-18T13:00:00,55521.095,50.146,946.315,28427.84,32.3,98,estimated,True,2026-06-18T13:02:00,False,none
2583,2,2,2026-06-18T14:00:00,55553.649,32.554,946.315,28427.84,32.95,98,estimated,True,2026-06-18T14:02:00,False,none
2584,2,2,2026-06-18T15:00:00,55578.017,24.368,946.315,28427.84,32.5,98,estimated,True,2026-06-18T15:02:00,False,none
2585,2,2,2026-06-18T16:00:00,55624.029,46.012,946.315,28427.84,32.47,98,estimated,True,2026-06-18T16:02:00,False,none
2586,2,2,2026-06-18T17:00:00,55692.633,68.604,946.315,28427.84,32.2,98,estimated,True,2026-06-18T17:02:00,False,none
2587,2,2,2026-06-18T18:00:00,55768.603,75.97,946.315,28427.84,31.12,98,estimated,True,2026-06-18T18:02:00,False,none
2588,2,2,2026-06-18T19:00:00,55871.551,102.948,946.315,28427.84,29.83,98,estimated,True,2026-06-18T19:02:00,False,none
2589,2,2,2026-06-18T20:00:00,55949.542,77.991,946.315,28427.84,29.69,98,estimated,True,2026-06-18T20:02:00,False,none
2590,2,2,2026-06-18T21:00:00,56005.056,55.514,946.315,28427.84,27.84,98,estimated,True,2026-06-18T21:02:00,False,none
2591,2,2,2026-06-18T22:00:00,56028.706,23.65,946.315,28427.84,26.09,98,estimated,True,2026-06-18T22:02:00,False,none
2592,2,2,2026-06-18T23:00:00,56038.066,9.36,946.315,28427.84,24.91,98,estimated,True,2026-06-18T23:02:00,False,none
2593,2,2,2026-06-19T00:00:00,56041.131,3.065,995.944,28427.84,24.33,98,estimated,True,2026-06-19T00:02:00,False,none
2594,2,2,2026-06-19T01:00:00,56041.131,0.0,995.944,28427.84,23.16,98,estimated,True,2026-06-19T01:02:00,False,none
2595,2,2,2026-06-19T02:00:00,56042.162,1.031,995.944,28427.84,23.51,98,estimated,True,2026-06-19T02:02:00,False,none
2596,2,2,2026-06-19T03:00:00,56042.162,0.0,995.944,28427.84,23.12,98,estimated,True,2026-06-19T03:02:00,False,none
2597,2,2,2026-06-19T04:00:00,56042.162,0.0,995.944,28427.84,22.2,98,estimated,True,2026-06-19T04:02:00,False,none
2598,2,2,2026-06-19T05:00:00,56049.07,6.908,995.944,28427.84,23.23,98,estimated,True,2026-06-19T05:02:00,False,none
2599,2,2,2026-06-19T06:00:00,56083.664,34.594,995.944,28427.84,24.85,98,estimated,True,2026-06-19T06:02:00,False,none
2600,2,2,2026-06-19T07:00:00,56152.177,68.513,995.944,28427.84,25.23,98,estimated,True,2026-06-19T07:02:00,False,none
2601,2,2,2026-06-19T08:00:00,56246.101,93.924,995.944,28427.84,26.46,98,estimated,True,2026-06-19T08:02:00,False,none
2602,2,2,2026-06-19T09:00:00,56293.392,47.291,995.944,28427.84,27.45,98,estimated,True,2026-06-19T09:02:00,False,none
2603,2,2,2026-06-19T10:00:00,56329.492,36.1,995.944,28427.84,29.5,98,estimated,True,2026-06-19T10:02:00,False,none
2604,2,2,2026-06-19T11:00:00,56369.412,39.92,995.944,28427.84,30.86,98,estimated,True,2026-06-19T11:02:00,False,none
2605,2,2,2026-06-19T12:00:00,56413.91,44.498,995.944,28427.84,31.32,98,estimated,True,2026-06-19T12:02:00,False,none
2606,2,2,2026-06-19T13:00:00,56447.848,33.938,995.944,28427.84,32.14,98,estimated,True,2026-06-19T13:02:00,False,none
2607,2,2,2026-06-19T14:00:00,56474.255,26.407,995.944,28427.84,32.44,98,estimated,True,2026-06-19T14:02:00,False,none
2608,2,2,2026-06-19T15:00:00,56512.802,38.547,995.944,28427.84,33.08,98,estimated,True,2026-06-19T15:02:00,False,none
2609,2,2,2026-06-19T16:00:00,56567.83,55.028,995.944,28427.84,31.94,98,estimated,True,2026-06-19T16:02:00,False,none
2610,2,2,2026-06-19T17:00:00,56639.274,71.444,995.944,28427.84,33.13,98,estimated,True,2026-06-19T17:02:00,False,none
2611,2,2,2026-06-19T18:00:00,56768.515,129.241,995.944,28427.84,31.08,98,estimated,True,2026-06-19T18:02:00,False,none
2612,2,2,2026-06-19T19:00:00,56866.038,97.523,995.944,28427.84,29.78,98,estimated,True,2026-06-19T19:02:00,False,none
2613,2,2,2026-06-19T20:00:00,56956.803,90.765,995.944,28427.84,29.17,98,estimated,True,2026-06-19T20:02:00,False,none
2614,2,2,2026-06-19T21:00:00,57003.741,46.938,995.944,28427.84,27.95,98,estimated,True,2026-06-19T21:02:00,False,none
2615,2,2,2026-06-19T22:00:00,57025.482,21.741,995.944,28427.84,26.13,98,estimated,True,2026-06-19T22:02:00,False,none
2616,2,2,2026-06-19T23:00:00,57034.01,8.528,995.944,28427.84,24.9,98,estimated,True,2026-06-19T23:02:00,False,none
2617,2,2,2026-06-20T00:00:00,57036.534,2.524,1204.899,28427.84,24.12,98,estimated,True,2026-06-20T00:02:00,False,none
2618,2,2,2026-06-20T01:00:00,57036.534,0.0,1204.899,28427.84,24.05,98,estimated,True,2026-06-20T01:02:00,False,none
2619,2,2,2026-06-20T02:00:00,57036.534,0.0,1204.899,28427.84,22.84,98,estimated,True,2026-06-20T02:02:00,False,none
2620,2,2,2026-06-20T03:00:00,57036.534,0.0,1204.899,28427.84,23.01,98,estimated,True,2026-06-20T03:02:00,False,none
2621,2,2,2026-06-20T04:00:00,57036.534,0.0,1204.899,28427.84,23.17,98,estimated,True,2026-06-20T04:02:00,False,none
2622,2,2,2026-06-20T05:00:00,57043.307,6.773,1204.899,28427.84,23.39,98,estimated,True,2026-06-20T05:02:00,False,none
2623,2,2,2026-06-20T06:00:00,57087.226,43.919,1204.899,28427.84,24.3,98,estimated,True,2026-06-20T06:02:00,False,none
2624,2,2,2026-06-20T07:00:00,57174.16,86.934,1204.899,28427.84,25.37,98,estimated,True,2026-06-20T07:02:00,False,none
2625,2,2,2026-06-20T08:00:00,57275.421,101.261,1204.899,28427.84,26.61,98,estimated,True,2026-06-20T08:02:00,False,none
2626,2,2,2026-06-20T09:00:00,57327.357,51.936,1204.899,28427.84,27.74,98,estimated,True,2026-06-20T09:02:00,False,none
2627,2,2,2026-06-20T10:00:00,57376.879,49.522,1204.899,28427.84,29.56,98,estimated,True,2026-06-20T10:02:00,False,none
2628,2,2,2026-06-20T11:00:00,57446.015,69.136,1204.899,28427.84,30.07,98,estimated,True,2026-06-20T11:02:00,False,none
2629,2,2,2026-06-20T12:00:00,57503.802,57.787,1204.899,28427.84,31.45,98,estimated,True,2026-06-20T12:02:00,False,none
2630,2,2,2026-06-20T13:00:00,57561.097,57.295,1204.899,28427.84,32.55,98,estimated,True,2026-06-20T13:02:00,False,none
2631,2,2,2026-06-20T14:00:00,57601.238,40.141,1204.899,28427.84,32.87,98,estimated,True,2026-06-20T14:02:00,False,none
2632,2,2,2026-06-20T15:00:00,57646.459,45.221,1204.899,28427.84,33.06,98,estimated,True,2026-06-20T15:02:00,False,none
2633,2,2,2026-06-20T16:00:00,57695.458,48.999,1204.899,28427.84,32.93,98,estimated,True,2026-06-20T16:02:00,False,none
2634,2,2,2026-06-20T17:00:00,57806.115,110.657,1204.899,28427.84,32.04,98,estimated,True,2026-06-20T17:02:00,False,none
2635,2,2,2026-06-20T18:00:00,57923.984,117.869,1204.899,28427.84,31.11,98,estimated,True,2026-06-20T18:02:00,False,none
2636,2,2,2026-06-20T19:00:00,58034.188,110.204,1204.899,28427.84,30.2,98,estimated,True,2026-06-20T19:02:00,False,none
2637,2,2,2026-06-20T20:00:00,58132.517,98.329,1204.899,28427.84,28.29,98,estimated,True,2026-06-20T20:02:00,False,none
2638,2,2,2026-06-20T21:00:00,58197.782,65.265,1204.899,28427.84,27.94,98,estimated,True,2026-06-20T21:02:00,False,none
2639,2,2,2026-06-20T22:00:00,58228.006,30.224,1204.899,28427.84,26.53,98,estimated,True,2026-06-20T22:02:00,False,none
2640,2,2,2026-06-20T23:00:00,58238.909,10.903,1204.899,28427.84,25.79,98,estimated,True,2026-06-20T23:02:00,False,none
2641,2,2,2026-06-21T00:00:00,58242.403,3.494,1183.025,28427.84,24.17,98,estimated,True,2026-06-21T00:02:00,False,none
2642,2,2,2026-06-21T01:00:00,58242.403,0.0,1183.025,28427.84,23.84,98,estimated,True,2026-06-21T01:02:00,False,none
2643,2,2,2026-06-21T02:00:00,58242.403,0.0,1183.025,28427.84,22.61,98,estimated,True,2026-06-21T02:02:00,False,none
2644,2,2,2026-06-21T03:00:00,58242.403,0.0,1183.025,28427.84,22.23,98,estimated,True,2026-06-21T03:02:00,False,none
2645,2,2,2026-06-21T04:00:00,58244.495,2.092,1183.025,28427.84,23.31,98,estimated,True,2026-06-21T04:02:00,False,none
2646,2,2,2026-06-21T05:00:00,58251.062,6.567,1183.025,28427.84,23.6,98,estimated,True,2026-06-21T05:02:00,False,none
2647,2,2,2026-06-21T06:00:00,58285.919,34.857,1183.025,28427.84,24.39,98,estimated,True,2026-06-21T06:02:00,False,none
2648,2,2,2026-06-21T07:00:00,58360.655,74.736,1183.025,28427.84,26.0,98,estimated,True,2026-06-21T07:02:00,False,none
2649,2,2,2026-06-21T08:00:00,58456.097,95.442,1183.025,28427.84,26.57,98,estimated,True,2026-06-21T08:02:00,False,none
2650,2,2,2026-06-21T09:00:00,58523.169,67.072,1183.025,28427.84,28.17,98,estimated,True,2026-06-21T09:02:00,False,none
2651,2,2,2026-06-21T10:00:00,58575.35,52.181,1183.025,28427.84,29.03,98,estimated,True,2026-06-21T10:02:00,False,none
2652,2,2,2026-06-21T11:00:00,58635.568,60.218,1183.025,28427.84,30.45,98,estimated,True,2026-06-21T11:02:00,False,none
2653,2,2,2026-06-21T12:00:00,58690.07,54.502,1183.025,28427.84,31.08,98,estimated,True,2026-06-21T12:02:00,False,none
2654,2,2,2026-06-21T13:00:00,58742.437,52.367,1183.025,28427.84,32.31,98,estimated,True,2026-06-21T13:02:00,False,none
2655,2,2,2026-06-21T14:00:00,58784.444,42.007,1183.025,28427.84,33.02,98,estimated,True,2026-06-21T14:02:00,False,none
2656,2,2,2026-06-21T15:00:00,58822.01,37.566,1183.025,28427.84,33.02,98,estimated,True,2026-06-21T15:02:00,False,none
2657,2,2,2026-06-21T16:00:00,58884.923,62.913,1183.025,28427.84,33.52,98,estimated,True,2026-06-21T16:02:00,False,none
2658,2,2,2026-06-21T17:00:00,58968.179,83.256,1183.025,28427.84,32.55,98,estimated,True,2026-06-21T17:02:00,False,none
2659,2,2,2026-06-21T18:00:00,59076.342,108.163,1183.025,28427.84,31.6,98,estimated,True,2026-06-21T18:02:00,False,none
2660,2,2,2026-06-21T19:00:00,59200.798,124.456,1183.025,28427.84,30.62,98,estimated,True,2026-06-21T19:02:00,False,none
2661,2,2,2026-06-21T20:00:00,59312.407,111.609,1183.025,28427.84,29.25,98,estimated,True,2026-06-21T20:02:00,False,none
2662,2,2,2026-06-21T21:00:00,59372.122,59.715,1183.025,28427.84,27.45,98,estimated,True,2026-06-21T21:02:00,False,none
2663,2,2,2026-06-21T22:00:00,59409.985,37.863,1183.025,28427.84,26.83,98,estimated,True,2026-06-21T22:02:00,False,none
2664,2,2,2026-06-21T23:00:00,59421.934,11.949,1183.025,28427.84,25.38,98,estimated,True,2026-06-21T23:02:00,False,none
2665,2,2,2026-06-22T00:00:00,59426.314,4.38,977.927,28427.84,24.4,98,estimated,True,2026-06-22T00:02:00,False,none
2666,2,2,2026-06-22T01:00:00,59426.314,0.0,977.927,28427.84,22.95,98,estimated,True,2026-06-22T01:02:00,False,none
2667,2,2,2026-06-22T02:00:00,59426.314,0.0,977.927,28427.84,23.89,98,estimated,True,2026-06-22T02:02:00,False,none
2668,2,2,2026-06-22T03:00:00,59426.314,0.0,977.927,28427.84,22.86,98,estimated,True,2026-06-22T03:02:00,False,none
2669,2,2,2026-06-22T04:00:00,59426.314,0.0,977.927,28427.84,22.65,98,estimated,True,2026-06-22T04:02:00,False,none
2670,2,2,2026-06-22T05:00:00,59431.777,5.463,977.927,28427.84,23.77,98,estimated,True,2026-06-22T05:02:00,False,none
2671,2,2,2026-06-22T06:00:00,59469.656,37.879,977.927,28427.84,24.28,98,estimated,True,2026-06-22T06:02:00,False,none
2672,2,2,2026-06-22T07:00:00,59538.607,68.951,977.927,28427.84,25.95,98,estimated,True,2026-06-22T07:02:00,False,none
2673,2,2,2026-06-22T08:00:00,59617.026,78.419,977.927,28427.84,25.76,98,estimated,True,2026-06-22T08:02:00,False,none
2674,2,2,2026-06-22T09:00:00,59669.523,52.497,977.927,28427.84,29.06,98,estimated,True,2026-06-22T09:02:00,False,none
2675,2,2,2026-06-22T10:00:00,59712.263,42.74,977.927,28427.84,29.71,98,estimated,True,2026-06-22T10:02:00,False,none
2676,2,2,2026-06-22T11:00:00,59751.089,38.826,977.927,28427.84,30.57,98,estimated,True,2026-06-22T11:02:00,False,none
2677,2,2,2026-06-22T12:00:00,59804.471,53.382,977.927,28427.84,30.54,98,estimated,True,2026-06-22T12:02:00,False,none
2678,2,2,2026-06-22T13:00:00,59846.481,42.01,977.927,28427.84,31.98,98,estimated,True,2026-06-22T13:02:00,False,none
2679,2,2,2026-06-22T14:00:00,59877.301,30.82,977.927,28427.84,32.31,98,estimated,True,2026-06-22T14:02:00,False,none
2680,2,2,2026-06-22T15:00:00,59913.882,36.581,977.927,28427.84,32.99,98,estimated,True,2026-06-22T15:02:00,False,none
2681,2,2,2026-06-22T16:00:00,59968.538,54.656,977.927,28427.84,32.36,98,estimated,True,2026-06-22T16:02:00,False,none
2682,2,2,2026-06-22T17:00:00,60024.26,55.722,977.927,28427.84,32.07,98,estimated,True,2026-06-22T17:02:00,False,none
2683,2,2,2026-06-22T18:00:00,60121.871,97.611,977.927,28427.84,31.47,98,estimated,True,2026-06-22T18:02:00,False,none
2684,2,2,2026-06-22T19:00:00,60236.661,114.79,977.927,28427.84,30.54,98,estimated,True,2026-06-22T19:02:00,False,none
2685,2,2,2026-06-22T20:00:00,60313.704,77.043,977.927,28427.84,29.18,98,estimated,True,2026-06-22T20:02:00,False,none
2686,2,2,2026-06-22T21:00:00,60368.113,54.409,977.927,28427.84,27.54,98,estimated,True,2026-06-22T21:02:00,False,none
2687,2,2,2026-06-22T22:00:00,60389.912,21.799,977.927,28427.84,26.76,98,estimated,True,2026-06-22T22:02:00,False,none
2688,2,2,2026-06-22T23:00:00,60399.861,9.949,977.927,28427.84,24.72,98,estimated,True,2026-06-22T23:02:00,False,none
2689,2,2,2026-06-23T00:00:00,60402.215,2.354,942.608,28427.84,23.97,98,estimated,True,2026-06-23T00:02:00,False,none
2690,2,2,2026-06-23T01:00:00,60402.215,0.0,942.608,28427.84,23.81,98,estimated,True,2026-06-23T01:02:00,False,none
2691,2,2,2026-06-23T02:00:00,60402.215,0.0,942.608,28427.84,22.52,98,estimated,True,2026-06-23T02:02:00,False,none
2692,2,2,2026-06-23T03:00:00,60402.215,0.0,942.608,28427.84,24.17,98,estimated,True,2026-06-23T03:02:00,False,none
2693,2,2,2026-06-23T04:00:00,60402.215,0.0,942.608,28427.84,22.81,98,estimated,True,2026-06-23T04:02:00,False,none
2694,2,2,2026-06-23T05:00:00,60406.43,4.215,942.608,28427.84,23.11,98,estimated,True,2026-06-23T05:02:00,False,none
2695,2,2,2026-06-23T06:00:00,60435.589,29.159,942.608,28427.84,23.57,98,estimated,True,2026-06-23T06:02:00,False,none
2696,2,2,2026-06-23T07:00:00,60498.286,62.697,942.608,28427.84,25.38,98,estimated,True,2026-06-23T07:02:00,False,none
2697,2,2,2026-06-23T08:00:00,60594.593,96.307,942.608,28427.84,27.2,98,estimated,True,2026-06-23T08:02:00,False,none
2698,2,2,2026-06-23T09:00:00,60636.004,41.411,942.608,28427.84,27.86,98,estimated,True,2026-06-23T09:02:00,False,none
2699,2,2,2026-06-23T10:00:00,60669.408,33.404,942.608,28427.84,29.06,98,estimated,True,2026-06-23T10:02:00,False,none
2700,2,2,2026-06-23T11:00:00,60708.734,39.326,942.608,28427.84,30.23,98,estimated,True,2026-06-23T11:02:00,False,none
2701,2,2,2026-06-23T12:00:00,60756.407,47.673,942.608,28427.84,31.27,98,estimated,True,2026-06-23T12:02:00,False,none
2702,2,2,2026-06-23T13:00:00,60798.643,42.236,942.608,28427.84,32.07,98,estimated,True,2026-06-23T13:02:00,False,none
2703,2,2,2026-06-23T14:00:00,60827.33,28.687,942.608,28427.84,32.97,98,estimated,True,2026-06-23T14:02:00,False,none
2704,2,2,2026-06-23T15:00:00,60858.886,31.556,942.608,28427.84,33.51,98,estimated,True,2026-06-23T15:02:00,False,none
2705,2,2,2026-06-23T16:00:00,60908.702,49.816,942.608,28427.84,32.18,98,estimated,True,2026-06-23T16:02:00,False,none
2706,2,2,2026-06-23T17:00:00,60981.034,72.332,942.608,28427.84,32.0,98,estimated,True,2026-06-23T17:02:00,False,none
2707,2,2,2026-06-23T18:00:00,61092.646,111.612,942.608,28427.84,30.57,98,estimated,True,2026-06-23T18:02:00,False,none
2708,2,2,2026-06-23T19:00:00,61173.885,81.239,942.608,28427.84,30.77,98,estimated,True,2026-06-23T19:02:00,False,none
2709,2,2,2026-06-23T20:00:00,61266.888,93.003,942.608,28427.84,28.7,98,estimated,True,2026-06-23T20:02:00,False,none
2710,2,2,2026-06-23T21:00:00,61311.6,44.712,942.608,28427.84,27.7,98,estimated,True,2026-06-23T21:02:00,False,none
2711,2,2,2026-06-23T22:00:00,61333.261,21.661,942.608,28427.84,25.8,98,estimated,True,2026-06-23T22:02:00,False,none
2712,2,2,2026-06-23T23:00:00,61342.469,9.208,942.608,28427.84,25.41,98,estimated,True,2026-06-23T23:02:00,False,none
2713,2,2,2026-06-24T00:00:00,61344.079,1.61,877.216,28427.84,23.9,98,estimated,True,2026-06-24T00:02:00,False,none
2714,2,2,2026-06-24T01:00:00,61344.079,0.0,877.216,28427.84,23.85,98,estimated,True,2026-06-24T01:02:00,False,none
2715,2,2,2026-06-24T02:00:00,61344.218,0.139,877.216,28427.84,23.58,98,estimated,True,2026-06-24T02:02:00,False,none
2716,2,2,2026-06-24T03:00:00,61344.218,0.0,877.216,28427.84,23.01,98,estimated,True,2026-06-24T03:02:00,False,none
2717,2,2,2026-06-24T04:00:00,61345.32,1.102,877.216,28427.84,24.0,98,estimated,True,2026-06-24T04:02:00,False,none
2718,2,2,2026-06-24T05:00:00,61351.821,6.501,877.216,28427.84,23.61,98,estimated,True,2026-06-24T05:02:00,False,none
2719,2,2,2026-06-24T06:00:00,61381.466,29.645,877.216,28427.84,24.1,98,estimated,True,2026-06-24T06:02:00,False,none
2720,2,2,2026-06-24T07:00:00,61425.7,44.234,877.216,28427.84,25.43,98,estimated,True,2026-06-24T07:02:00,False,none
2721,2,2,2026-06-24T08:00:00,61500.807,75.107,877.216,28427.84,27.37,98,estimated,True,2026-06-24T08:02:00,False,none
2722,2,2,2026-06-24T09:00:00,61553.371,52.564,877.216,28427.84,28.2,98,estimated,True,2026-06-24T09:02:00,False,none
2723,2,2,2026-06-24T10:00:00,61591.639,38.268,877.216,28427.84,29.79,98,estimated,True,2026-06-24T10:02:00,False,none
2724,2,2,2026-06-24T11:00:00,61630.077,38.438,877.216,28427.84,30.4,98,estimated,True,2026-06-24T11:02:00,False,none
2725,2,2,2026-06-24T12:00:00,61669.237,39.16,877.216,28427.84,31.85,98,estimated,True,2026-06-24T12:02:00,False,none
2726,2,2,2026-06-24T13:00:00,61705.34,36.103,877.216,28427.84,32.59,98,estimated,True,2026-06-24T13:02:00,False,none
2727,2,2,2026-06-24T14:00:00,61738.377,33.037,877.216,28427.84,33.33,98,estimated,True,2026-06-24T14:02:00,False,none
2728,2,2,2026-06-24T15:00:00,61774.334,35.957,877.216,28427.84,33.26,98,estimated,True,2026-06-24T15:02:00,False,none
2729,2,2,2026-06-24T16:00:00,61817.014,42.68,877.216,28427.84,32.13,98,estimated,True,2026-06-24T16:02:00,False,none
2730,2,2,2026-06-24T17:00:00,61888.815,71.801,877.216,28427.84,32.6,98,estimated,True,2026-06-24T17:02:00,False,none
2731,2,2,2026-06-24T18:00:00,61991.721,102.906,877.216,28427.84,32.01,98,estimated,True,2026-06-24T18:02:00,False,none
2732,2,2,2026-06-24T19:00:00,62080.255,88.534,877.216,28427.84,30.11,98,estimated,True,2026-06-24T19:02:00,False,none
2733,2,2,2026-06-24T20:00:00,62136.874,56.619,877.216,28427.84,29.33,98,estimated,True,2026-06-24T20:02:00,False,none
2734,2,2,2026-06-24T21:00:00,62190.175,53.301,877.216,28427.84,28.67,98,estimated,True,2026-06-24T21:02:00,False,none
2735,2,2,2026-06-24T22:00:00,62208.935,18.76,877.216,28427.84,27.19,98,estimated,True,2026-06-24T22:02:00,False,none
2736,2,2,2026-06-24T23:00:00,62219.685,10.75,877.216,28427.84,26.0,98,estimated,True,2026-06-24T23:02:00,False,none
2737,2,2,2026-06-25T00:00:00,62223.129,3.444,1017.532,28427.84,23.91,98,estimated,True,2026-06-25T00:02:00,False,none
2738,2,2,2026-06-25T01:00:00,62223.129,0.0,1017.532,28427.84,23.65,98,estimated,True,2026-06-25T01:02:00,False,none
2739,2,2,2026-06-25T02:00:00,62223.129,0.0,1017.532,28427.84,23.54,98,estimated,True,2026-06-25T02:02:00,False,none
2740,2,2,2026-06-25T03:00:00,62223.129,0.0,1017.532,28427.84,22.31,98,estimated,True,2026-06-25T03:02:00,False,none
2741,2,2,2026-06-25T04:00:00,62223.129,0.0,1017.532,28427.84,23.2,98,estimated,True,2026-06-25T04:02:00,False,none
2742,2,2,2026-06-25T05:00:00,62229.43,6.301,1017.532,28427.84,23.36,98,estimated,True,2026-06-25T05:02:00,False,none
2743,2,2,2026-06-25T06:00:00,62263.724,34.294,1017.532,28427.84,24.65,98,estimated,True,2026-06-25T06:02:00,False,none
2744,2,2,2026-06-25T07:00:00,62336.467,72.743,1017.532,28427.84,25.43,98,estimated,True,2026-06-25T07:02:00,False,none
2745,2,2,2026-06-25T08:00:00,62439.682,103.215,1017.532,28427.84,26.51,98,estimated,True,2026-06-25T08:02:00,False,none
2746,2,2,2026-06-25T09:00:00,62505.517,65.835,1017.532,28427.84,27.65,98,estimated,True,2026-06-25T09:02:00,False,none
2747,2,2,2026-06-25T10:00:00,62535.701,30.184,1017.532,28427.84,29.29,98,estimated,True,2026-06-25T10:02:00,False,none
2748,2,2,2026-06-25T11:00:00,62579.912,44.211,1017.532,28427.84,31.03,98,estimated,True,2026-06-25T11:02:00,False,none
2749,2,2,2026-06-25T12:00:00,62637.847,57.935,1017.532,28427.84,31.85,98,estimated,True,2026-06-25T12:02:00,False,none
2750,2,2,2026-06-25T13:00:00,62676.377,38.53,1017.532,28427.84,32.44,98,estimated,True,2026-06-25T13:02:00,False,none
2751,2,2,2026-06-25T14:00:00,62708.716,32.339,1017.532,28427.84,33.2,98,estimated,True,2026-06-25T14:02:00,False,none
2752,2,2,2026-06-25T15:00:00,62735.116,26.4,1017.532,28427.84,33.25,98,estimated,True,2026-06-25T15:02:00,False,none
2753,2,2,2026-06-25T16:00:00,62779.739,44.623,1017.532,28427.84,32.99,98,estimated,True,2026-06-25T16:02:00,False,none
2754,2,2,2026-06-25T17:00:00,62855.89,76.151,1017.532,28427.84,32.97,98,estimated,True,2026-06-25T17:02:00,False,none
2755,2,2,2026-06-25T18:00:00,62959.032,103.142,1017.532,28427.84,31.61,98,estimated,True,2026-06-25T18:02:00,False,none
2756,2,2,2026-06-25T19:00:00,63075.919,116.887,1017.532,28427.84,30.08,98,estimated,True,2026-06-25T19:02:00,False,none
2757,2,2,2026-06-25T20:00:00,63159.139,83.22,1017.532,28427.84,30.07,98,estimated,True,2026-06-25T20:02:00,False,none
2758,2,2,2026-06-25T21:00:00,63206.246,47.107,1017.532,28427.84,28.61,98,estimated,True,2026-06-25T21:02:00,False,none
2759,2,2,2026-06-25T22:00:00,63229.138,22.892,1017.532,28427.84,26.37,98,estimated,True,2026-06-25T22:02:00,False,none
2760,2,2,2026-06-25T23:00:00,63237.217,8.079,1017.532,28427.84,25.65,98,estimated,True,2026-06-25T23:02:00,False,none
2761,2,2,2026-06-26T00:00:00,63240.289,3.072,923.363,28427.84,24.62,98,estimated,True,2026-06-26T00:02:00,False,none
2762,2,2,2026-06-26T01:00:00,63240.289,0.0,923.363,28427.84,23.21,98,estimated,True,2026-06-26T01:02:00,False,none
2763,2,2,2026-06-26T02:00:00,63240.289,0.0,923.363,28427.84,23.0,98,estimated,True,2026-06-26T02:02:00,False,none
2764,2,2,2026-06-26T03:00:00,63240.289,0.0,923.363,28427.84,23.13,98,estimated,True,2026-06-26T03:02:00,False,none
2765,2,2,2026-06-26T04:00:00,63240.289,0.0,923.363,28427.84,22.84,98,estimated,True,2026-06-26T04:02:00,False,none
2766,2,2,2026-06-26T05:00:00,63246.612,6.323,923.363,28427.84,23.52,98,estimated,True,2026-06-26T05:02:00,False,none
2767,2,2,2026-06-26T06:00:00,63271.788,25.176,923.363,28427.84,24.28,98,estimated,True,2026-06-26T06:02:00,False,none
2768,2,2,2026-06-26T07:00:00,63332.811,61.023,923.363,28427.84,25.9,98,estimated,True,2026-06-26T07:02:00,False,none
2769,2,2,2026-06-26T08:00:00,63420.245,87.434,923.363,28427.84,26.62,98,estimated,True,2026-06-26T08:02:00,False,none
2770,2,2,2026-06-26T09:00:00,63480.129,59.884,923.363,28427.84,28.02,98,estimated,True,2026-06-26T09:02:00,False,none
2771,2,2,2026-06-26T10:00:00,63512.622,32.493,923.363,28427.84,29.42,98,estimated,True,2026-06-26T10:02:00,False,none
2772,2,2,2026-06-26T11:00:00,63557.417,44.795,923.363,28427.84,31.31,98,estimated,True,2026-06-26T11:02:00,False,none
2773,2,2,2026-06-26T12:00:00,63613.343,55.926,923.363,28427.84,31.42,98,estimated,True,2026-06-26T12:02:00,False,none
2774,2,2,2026-06-26T13:00:00,63656.754,43.411,923.363,28427.84,32.37,98,estimated,True,2026-06-26T13:02:00,False,none
2775,2,2,2026-06-26T14:00:00,63688.334,31.58,923.363,28427.84,33.77,98,estimated,True,2026-06-26T14:02:00,False,none
2776,2,2,2026-06-26T15:00:00,63724.155,35.821,923.363,28427.84,32.81,98,estimated,True,2026-06-26T15:02:00,False,none
2777,2,2,2026-06-26T16:00:00,63763.89,39.735,923.363,28427.84,33.2,98,estimated,True,2026-06-26T16:02:00,False,none
2778,2,2,2026-06-26T17:00:00,63828.029,64.139,923.363,28427.84,31.48,98,estimated,True,2026-06-26T17:02:00,False,none
2779,2,2,2026-06-26T18:00:00,63919.202,91.173,923.363,28427.84,30.82,98,estimated,True,2026-06-26T18:02:00,False,none
2780,2,2,2026-06-26T19:00:00,64007.48,88.278,923.363,28427.84,30.64,98,estimated,True,2026-06-26T19:02:00,False,none
2781,2,2,2026-06-26T20:00:00,64085.524,78.044,923.363,28427.84,28.66,98,estimated,True,2026-06-26T20:02:00,False,none
2782,2,2,2026-06-26T21:00:00,64125.548,40.024,923.363,28427.84,28.28,98,estimated,True,2026-06-26T21:02:00,False,none
2783,2,2,2026-06-26T22:00:00,64150.86,25.312,923.363,28427.84,26.97,98,estimated,True,2026-06-26T22:02:00,False,none
2784,2,2,2026-06-26T23:00:00,64160.58,9.72,923.363,28427.84,25.82,98,estimated,True,2026-06-26T23:02:00,False,none
2785,2,2,2026-06-27T00:00:00,64164.014,3.434,1272.455,28427.84,25.23,98,estimated,True,2026-06-27T00:02:00,False,none
2786,2,2,2026-06-27T01:00:00,64164.014,0.0,1272.455,28427.84,23.59,98,estimated,True,2026-06-27T01:02:00,False,none
2787,2,2,2026-06-27T02:00:00,64164.014,0.0,1272.455,28427.84,22.16,98,estimated,True,2026-06-27T02:02:00,False,none
2788,2,2,2026-06-27T03:00:00,64164.014,0.0,1272.455,28427.84,23.43,98,estimated,True,2026-06-27T03:02:00,False,none
2789,2,2,2026-06-27T04:00:00,64164.014,0.0,1272.455,28427.84,23.53,98,estimated,True,2026-06-27T04:02:00,False,none
2790,2,2,2026-06-27T05:00:00,64172.368,8.354,1272.455,28427.84,23.58,98,estimated,True,2026-06-27T05:02:00,False,none
2791,2,2,2026-06-27T06:00:00,64216.215,43.847,1272.455,28427.84,25.4,98,estimated,True,2026-06-27T06:02:00,False,none
2792,2,2,2026-06-27T07:00:00,64313.213,96.998,1272.455,28427.84,25.4,98,estimated,True,2026-06-27T07:02:00,False,none
2793,2,2,2026-06-27T08:00:00,64453.197,139.984,1272.455,28427.84,26.44,98,estimated,True,2026-06-27T08:02:00,False,none
2794,2,2,2026-06-27T09:00:00,64520.475,67.278,1272.455,28427.84,27.95,98,estimated,True,2026-06-27T09:02:00,False,none
2795,2,2,2026-06-27T10:00:00,64573.85,53.375,1272.455,28427.84,28.84,98,estimated,True,2026-06-27T10:02:00,False,none
2796,2,2,2026-06-27T11:00:00,64627.442,53.592,1272.455,28427.84,30.73,98,estimated,True,2026-06-27T11:02:00,False,none
2797,2,2,2026-06-27T12:00:00,64681.683,54.241,1272.455,28427.84,31.65,98,estimated,True,2026-06-27T12:02:00,False,none
2798,2,2,2026-06-27T13:00:00,64739.072,57.389,1272.455,28427.84,32.29,98,estimated,True,2026-06-27T13:02:00,False,none
2799,2,2,2026-06-27T14:00:00,64777.812,38.74,1272.455,28427.84,33.39,98,estimated,True,2026-06-27T14:02:00,False,none
2800,2,2,2026-06-27T15:00:00,64818.979,41.167,1272.455,28427.84,32.37,98,estimated,True,2026-06-27T15:02:00,False,none
2801,2,2,2026-06-27T16:00:00,64891.716,72.737,1272.455,28427.84,32.18,98,estimated,True,2026-06-27T16:02:00,False,none
2802,2,2,2026-06-27T17:00:00,64988.288,96.572,1272.455,28427.84,32.83,98,estimated,True,2026-06-27T17:02:00,False,none
2803,2,2,2026-06-27T18:00:00,65119.282,130.994,1272.455,28427.84,31.91,98,estimated,True,2026-06-27T18:02:00,False,none
2804,2,2,2026-06-27T19:00:00,65243.456,124.174,1272.455,28427.84,30.34,98,estimated,True,2026-06-27T19:02:00,False,none
2805,2,2,2026-06-27T20:00:00,65326.997,83.541,1272.455,28427.84,29.05,98,estimated,True,2026-06-27T20:02:00,False,none
2806,2,2,2026-06-27T21:00:00,65392.421,65.424,1272.455,28427.84,27.99,98,estimated,True,2026-06-27T21:02:00,False,none
2807,2,2,2026-06-27T22:00:00,65423.044,30.623,1272.455,28427.84,26.89,98,estimated,True,2026-06-27T22:02:00,False,none
2808,2,2,2026-06-27T23:00:00,65433.035,9.991,1272.455,28427.84,25.32,98,estimated,True,2026-06-27T23:02:00,False,none
2809,2,2,2026-06-28T00:00:00,65437.345,4.31,1187.605,28427.84,24.3,98,estimated,True,2026-06-28T00:02:00,False,none
2810,2,2,2026-06-28T01:00:00,65438.903,1.558,1187.605,28427.84,23.02,98,estimated,True,2026-06-28T01:02:00,False,none
2811,2,2,2026-06-28T02:00:00,65438.903,0.0,1187.605,28427.84,23.26,98,estimated,True,2026-06-28T02:02:00,False,none
2812,2,2,2026-06-28T03:00:00,65438.903,0.0,1187.605,28427.84,22.57,98,estimated,True,2026-06-28T03:02:00,False,none
2813,2,2,2026-06-28T04:00:00,65438.903,0.0,1187.605,28427.84,23.18,98,estimated,True,2026-06-28T04:02:00,False,none
2814,2,2,2026-06-28T05:00:00,65445.573,6.67,1187.605,28427.84,24.41,98,estimated,True,2026-06-28T05:02:00,False,none
2815,2,2,2026-06-28T06:00:00,65482.916,37.343,1187.605,28427.84,24.48,98,estimated,True,2026-06-28T06:02:00,False,none
2816,2,2,2026-06-28T07:00:00,65558.624,75.708,1187.605,28427.84,25.72,98,estimated,True,2026-06-28T07:02:00,False,none
2817,2,2,2026-06-28T08:00:00,65656.533,97.909,1187.605,28427.84,26.7,98,estimated,True,2026-06-28T08:02:00,False,none
2818,2,2,2026-06-28T09:00:00,65717.213,60.68,1187.605,28427.84,27.72,98,estimated,True,2026-06-28T09:02:00,False,none
2819,2,2,2026-06-28T10:00:00,65760.115,42.902,1187.605,28427.84,29.43,98,estimated,True,2026-06-28T10:02:00,False,none
2820,2,2,2026-06-28T11:00:00,65814.556,54.441,1187.605,28427.84,30.53,98,estimated,True,2026-06-28T11:02:00,False,none
2821,2,2,2026-06-28T12:00:00,65881.525,66.969,1187.605,28427.84,31.29,98,estimated,True,2026-06-28T12:02:00,False,none
2822,2,2,2026-06-28T13:00:00,65936.874,55.349,1187.605,28427.84,31.83,98,estimated,True,2026-06-28T13:02:00,False,none
2823,2,2,2026-06-28T14:00:00,65975.482,38.608,1187.605,28427.84,33.25,98,estimated,True,2026-06-28T14:02:00,False,none
2824,2,2,2026-06-28T15:00:00,66030.765,55.283,1187.605,28427.84,33.27,98,estimated,True,2026-06-28T15:02:00,False,none
2825,2,2,2026-06-28T16:00:00,66082.623,51.858,1187.605,28427.84,32.31,98,estimated,True,2026-06-28T16:02:00,False,none
2826,2,2,2026-06-28T17:00:00,66168.641,86.018,1187.605,28427.84,32.26,98,estimated,True,2026-06-28T17:02:00,False,none
2827,2,2,2026-06-28T18:00:00,66298.518,129.877,1187.605,28427.84,32.09,98,estimated,True,2026-06-28T18:02:00,False,none
2828,2,2,2026-06-28T19:00:00,66409.317,110.799,1187.605,28427.84,29.98,98,estimated,True,2026-06-28T19:02:00,False,none
2829,2,2,2026-06-28T20:00:00,66505.746,96.429,1187.605,28427.84,29.53,98,estimated,True,2026-06-28T20:02:00,False,none
2830,2,2,2026-06-28T21:00:00,66578.789,73.043,1187.605,28427.84,27.82,98,estimated,True,2026-06-28T21:02:00,False,none
2831,2,2,2026-06-28T22:00:00,66608.568,29.779,1187.605,28427.84,26.32,98,estimated,True,2026-06-28T22:02:00,False,none
2832,2,2,2026-06-28T23:00:00,66620.64,12.072,1187.605,28427.84,25.3,98,estimated,True,2026-06-28T23:02:00,False,none
2833,2,2,2026-06-29T00:00:00,66621.84,1.2,4.8,28427.84,24.41,85,estimated,True,2026-06-29T00:02:00,True,low
2834,2,2,2026-06-29T01:00:00,66621.84,0.0,4.8,28427.84,23.91,85,estimated,True,2026-06-29T01:02:00,True,low
2835,2,2,2026-06-29T02:00:00,66621.84,0.0,4.8,28427.84,23.4,85,estimated,True,2026-06-29T02:02:00,True,low
2836,2,2,2026-06-29T03:00:00,66623.04,1.2,4.8,28427.84,22.51,85,estimated,True,2026-06-29T03:02:00,True,low
2837,2,2,2026-06-29T04:00:00,66623.04,0.0,4.8,28427.84,22.59,85,estimated,True,2026-06-29T04:02:00,True,low
2838,2,2,2026-06-29T05:00:00,66624.24,1.2,4.8,28427.84,23.2,85,estimated,True,2026-06-29T05:02:00,True,low
2839,2,2,2026-06-29T06:00:00,66624.24,0.0,4.8,28427.84,24.11,85,estimated,True,2026-06-29T06:02:00,True,low
2840,2,2,2026-06-29T07:00:00,66624.24,0.0,4.8,28427.84,24.54,85,estimated,True,2026-06-29T07:02:00,True,low
2841,2,2,2026-06-29T08:00:00,66624.24,0.0,4.8,28427.84,26.47,85,estimated,True,2026-06-29T08:02:00,True,low
2842,2,2,2026-06-29T09:00:00,66624.24,0.0,4.8,28427.84,27.18,85,estimated,True,2026-06-29T09:02:00,True,low
2843,2,2,2026-06-29T10:00:00,66624.24,0.0,4.8,28427.84,29.46,85,estimated,True,2026-06-29T10:02:00,True,low
2844,2,2,2026-06-29T11:00:00,66624.24,0.0,4.8,28427.84,30.49,85,estimated,True,2026-06-29T11:02:00,True,low
2845,2,2,2026-06-29T12:00:00,66624.24,0.0,4.8,28427.84,31.09,85,estimated,True,2026-06-29T12:02:00,True,low
2846,2,2,2026-06-29T13:00:00,66624.24,0.0,4.8,28427.84,32.93,85,estimated,True,2026-06-29T13:02:00,True,low
2847,2,2,2026-06-29T14:00:00,66624.24,0.0,4.8,28427.84,32.92,85,estimated,True,2026-06-29T14:02:00,True,low
2848,2,2,2026-06-29T15:00:00,66624.24,0.0,4.8,28427.84,32.42,85,estimated,True,2026-06-29T15:02:00,True,low
2849,2,2,2026-06-29T16:00:00,66624.24,0.0,4.8,28427.84,32.71,85,estimated,True,2026-06-29T16:02:00,True,low
2850,2,2,2026-06-29T17:00:00,66625.44,1.2,4.8,28427.84,31.62,85,estimated,True,2026-06-29T17:02:00,True,low
2851,2,2,2026-06-29T18:00:00,66625.44,0.0,4.8,28427.84,31.68,85,estimated,True,2026-06-29T18:02:00,True,low
2852,2,2,2026-06-29T19:00:00,66625.44,0.0,4.8,28427.84,30.19,85,estimated,True,2026-06-29T19:02:00,True,low
2853,2,2,2026-06-29T20:00:00,66625.44,0.0,4.8,28427.84,28.43,85,estimated,True,2026-06-29T20:02:00,True,low
2854,2,2,2026-06-29T21:00:00,66625.44,0.0,4.8,28427.84,27.12,85,estimated,True,2026-06-29T21:02:00,True,low
2855,2,2,2026-06-29T22:00:00,66625.44,0.0,4.8,28427.84,26.19,85,estimated,True,2026-06-29T22:02:00,True,low
2856,2,2,2026-06-29T23:00:00,66625.44,0.0,4.8,28427.84,25.24,85,estimated,True,2026-06-29T23:02:00,True,low
2857,2,2,2026-06-30T00:00:00,66625.44,0.0,2.4,28427.84,23.59,85,estimated,True,2026-06-30T00:02:00,True,low
2858,2,2,2026-06-30T01:00:00,66625.44,0.0,2.4,28427.84,24.13,85,estimated,True,2026-06-30T01:02:00,True,low
2859,2,2,2026-06-30T02:00:00,66625.44,0.0,2.4,28427.84,22.56,85,estimated,True,2026-06-30T02:02:00,True,low
2860,2,2,2026-06-30T03:00:00,66625.44,0.0,2.4,28427.84,22.16,85,estimated,True,2026-06-30T03:02:00,True,low
2861,2,2,2026-06-30T04:00:00,66625.44,0.0,2.4,28427.84,22.58,85,estimated,True,2026-06-30T04:02:00,True,low
2862,2,2,2026-06-30T05:00:00,66625.44,0.0,2.4,28427.84,22.59,85,estimated,True,2026-06-30T05:02:00,True,low
2863,2,2,2026-06-30T06:00:00,66625.44,0.0,2.4,28427.84,23.49,85,estimated,True,2026-06-30T06:02:00,True,low
2864,2,2,2026-06-30T07:00:00,66625.44,0.0,2.4,28427.84,24.91,85,estimated,True,2026-06-30T07:02:00,True,low
2865,2,2,2026-06-30T08:00:00,66625.44,0.0,2.4,28427.84,26.21,85,estimated,True,2026-06-30T08:02:00,True,low
2866,2,2,2026-06-30T09:00:00,66625.44,0.0,2.4,28427.84,27.91,85,estimated,True,2026-06-30T09:02:00,True,low
2867,2,2,2026-06-30T10:00:00,66625.44,0.0,2.4,28427.84,28.8,85,estimated,True,2026-06-30T10:02:00,True,low
2868,2,2,2026-06-30T11:00:00,66625.44,0.0,2.4,28427.84,29.75,85,estimated,True,2026-06-30T11:02:00,True,low
2869,2,2,2026-06-30T12:00:00,66625.44,0.0,2.4,28427.84,30.89,85,estimated,True,2026-06-30T12:02:00,True,low
2870,2,2,2026-06-30T13:00:00,66625.44,0.0,2.4,28427.84,32.13,85,estimated,True,2026-06-30T13:02:00,True,low
2871,2,2,2026-06-30T14:00:00,66625.44,0.0,2.4,28427.84,32.2,85,estimated,True,2026-06-30T14:02:00,True,low
2872,2,2,2026-06-30T15:00:00,66625.44,0.0,2.4,28427.84,31.87,85,estimated,True,2026-06-30T15:02:00,True,low
2873,2,2,2026-06-30T16:00:00,66625.44,0.0,2.4,28427.84,32.98,85,estimated,True,2026-06-30T16:02:00,True,low
2874,2,2,2026-06-30T17:00:00,66625.44,0.0,2.4,28427.84,31.77,85,estimated,True,2026-06-30T17:02:00,True,low
2875,2,2,2026-06-30T18:00:00,66625.44,0.0,2.4,28427.84,31.7,85,estimated,True,2026-06-30T18:02:00,True,low
2876,2,2,2026-06-30T19:00:00,66625.44,0.0,2.4,28427.84,30.16,85,estimated,True,2026-06-30T19:02:00,True,low
2877,2,2,2026-06-30T20:00:00,66625.44,0.0,2.4,28427.84,28.92,85,estimated,True,2026-06-30T20:02:00,True,low
2878,2,2,2026-06-30T21:00:00,66626.64,1.2,2.4,28427.84,27.48,85,estimated,True,2026-06-30T21:02:00,True,low
2879,2,2,2026-06-30T22:00:00,66626.64,0.0,2.4,28427.84,26.16,85,estimated,True,2026-06-30T22:02:00,True,low
2880,2,2,2026-06-30T23:00:00,66627.84,1.2,2.4,28427.84,26.05,85,estimated,True,2026-06-30T23:02:00,True,low
2881,2,2,2026-07-01T00:00:00,66627.84,0.0,0.0,28655.576,24.29,85,estimated,True,2026-07-01T00:02:00,True,low
2882,2,2,2026-07-01T01:00:00,66627.84,0.0,0.0,28655.576,22.72,85,estimated,True,2026-07-01T01:02:00,True,low
2883,2,2,2026-07-01T02:00:00,66627.84,0.0,0.0,28655.576,22.96,85,estimated,True,2026-07-01T02:02:00,True,low
2884,2,2,2026-07-01T03:00:00,66627.84,0.0,0.0,28655.576,22.73,85,estimated,True,2026-07-01T03:02:00,True,low
2885,2,2,2026-07-01T04:00:00,66627.84,0.0,0.0,28655.576,22.9,85,estimated,True,2026-07-01T04:02:00,True,low
2886,2,2,2026-07-01T05:00:00,66627.84,0.0,0.0,28655.576,23.31,85,estimated,True,2026-07-01T05:02:00,True,low
2887,2,2,2026-07-01T06:00:00,66627.84,0.0,0.0,28655.576,23.56,85,estimated,True,2026-07-01T06:02:00,True,low
2888,2,2,2026-07-01T07:00:00,66627.84,0.0,0.0,28655.576,24.62,85,estimated,True,2026-07-01T07:02:00,True,low
2889,2,2,2026-07-01T08:00:00,66627.84,0.0,0.0,28655.576,26.55,85,estimated,True,2026-07-01T08:02:00,True,low
2890,2,2,2026-07-01T09:00:00,66627.84,0.0,0.0,28655.576,27.51,85,estimated,True,2026-07-01T09:02:00,True,low
2891,2,2,2026-07-01T10:00:00,66627.84,0.0,0.0,28655.576,28.43,85,estimated,True,2026-07-01T10:02:00,True,low
2892,2,2,2026-07-01T11:00:00,66627.84,0.0,0.0,28655.576,30.79,85,estimated,True,2026-07-01T11:02:00,True,low
2893,2,2,2026-07-01T12:00:00,66627.84,0.0,0.0,28655.576,31.44,85,estimated,True,2026-07-01T12:02:00,True,low
2894,2,2,2026-07-01T13:00:00,66627.84,0.0,0.0,28655.576,31.47,85,estimated,True,2026-07-01T13:02:00,True,low
2895,2,2,2026-07-01T14:00:00,66627.84,0.0,0.0,28655.576,32.79,85,estimated,True,2026-07-01T14:02:00,True,low
2896,2,2,2026-07-01T15:00:00,66627.84,0.0,0.0,28655.576,31.89,85,estimated,True,2026-07-01T15:02:00,True,low
2897,2,2,2026-07-01T16:00:00,66627.84,0.0,0.0,28655.576,32.09,85,estimated,True,2026-07-01T16:02:00,True,low
2898,2,2,2026-07-01T17:00:00,66627.84,0.0,0.0,28655.576,31.58,85,estimated,True,2026-07-01T17:02:00,True,low
2899,2,2,2026-07-01T18:00:00,66627.84,0.0,0.0,28655.576,30.82,85,estimated,True,2026-07-01T18:02:00,True,low
2900,2,2,2026-07-01T19:00:00,66627.84,0.0,0.0,28655.576,29.85,85,estimated,True,2026-07-01T19:02:00,True,low
2901,2,2,2026-07-01T20:00:00,66627.84,0.0,0.0,28655.576,28.81,85,estimated,True,2026-07-01T20:02:00,True,low
2902,2,2,2026-07-01T21:00:00,66627.84,0.0,0.0,28655.576,27.29,85,estimated,True,2026-07-01T21:02:00,True,low
2903,2,2,2026-07-01T22:00:00,66627.84,0.0,0.0,28655.576,26.11,85,estimated,True,2026-07-01T22:02:00,True,low
2904,2,2,2026-07-01T23:00:00,66627.84,0.0,0.0,28655.576,25.35,85,estimated,True,2026-07-01T23:02:00,True,low
2905,2,2,2026-07-02T00:00:00,66627.84,0.0,0.0,28655.576,23.31,85,estimated,True,2026-07-02T00:02:00,True,low
2906,2,2,2026-07-02T01:00:00,66627.84,0.0,0.0,28655.576,23.82,85,estimated,True,2026-07-02T01:02:00,True,low
2907,2,2,2026-07-02T02:00:00,66627.84,0.0,0.0,28655.576,22.48,85,estimated,True,2026-07-02T02:02:00,True,low
2908,2,2,2026-07-02T03:00:00,66627.84,0.0,0.0,28655.576,21.62,85,estimated,True,2026-07-02T03:02:00,True,low
2909,2,2,2026-07-02T04:00:00,66627.84,0.0,0.0,28655.576,22.85,85,estimated,True,2026-07-02T04:02:00,True,low
2910,2,2,2026-07-02T05:00:00,66627.84,0.0,0.0,28655.576,22.26,85,estimated,True,2026-07-02T05:02:00,True,low
2911,2,2,2026-07-02T06:00:00,66627.84,0.0,0.0,28655.576,23.45,85,estimated,True,2026-07-02T06:02:00,True,low
2912,2,2,2026-07-02T07:00:00,66627.84,0.0,0.0,28655.576,24.94,85,estimated,True,2026-07-02T07:02:00,True,low
2913,2,2,2026-07-02T08:00:00,66627.84,0.0,0.0,28655.576,25.95,85,estimated,True,2026-07-02T08:02:00,True,low
2914,2,2,2026-07-02T09:00:00,66627.84,0.0,0.0,28655.576,27.33,85,estimated,True,2026-07-02T09:02:00,True,low
2915,2,2,2026-07-02T10:00:00,66627.84,0.0,0.0,28655.576,29.43,85,estimated,True,2026-07-02T10:02:00,True,low
2916,2,2,2026-07-02T11:00:00,66627.84,0.0,0.0,28655.576,29.31,85,estimated,True,2026-07-02T11:02:00,True,low
2917,2,2,2026-07-02T12:00:00,66627.84,0.0,0.0,28655.576,31.19,85,estimated,True,2026-07-02T12:02:00,True,low
2918,2,2,2026-07-02T13:00:00,66627.84,0.0,0.0,28655.576,31.26,85,estimated,True,2026-07-02T13:02:00,True,low
2919,2,2,2026-07-02T14:00:00,66627.84,0.0,0.0,28655.576,31.78,85,estimated,True,2026-07-02T14:02:00,True,low
2920,2,2,2026-07-02T15:00:00,66627.84,0.0,0.0,28655.576,31.58,85,estimated,True,2026-07-02T15:02:00,True,low
2921,2,2,2026-07-02T16:00:00,66627.84,0.0,0.0,28655.576,32.28,85,estimated,True,2026-07-02T16:02:00,True,low
2922,2,2,2026-07-02T17:00:00,66627.84,0.0,0.0,28655.576,31.94,85,estimated,True,2026-07-02T17:02:00,True,low
2923,2,2,2026-07-02T18:00:00,66627.84,0.0,0.0,28655.576,30.82,85,estimated,True,2026-07-02T18:02:00,True,low
2924,2,2,2026-07-02T19:00:00,66627.84,0.0,0.0,28655.576,29.76,85,estimated,True,2026-07-02T19:02:00,True,low
2925,2,2,2026-07-02T20:00:00,66627.84,0.0,0.0,28655.576,27.89,85,estimated,True,2026-07-02T20:02:00,True,low
2926,2,2,2026-07-02T21:00:00,66627.84,0.0,0.0,28655.576,27.7,85,estimated,True,2026-07-02T21:02:00,True,low
2927,2,2,2026-07-02T22:00:00,66627.84,0.0,0.0,28655.576,26.22,85,estimated,True,2026-07-02T22:02:00,True,low
2928,2,2,2026-07-02T23:00:00,66627.84,0.0,0.0,28655.576,24.91,85,estimated,True,2026-07-02T23:02:00,True,low
2929,2,2,2026-07-03T00:00:00,66631.074,3.234,925.206,28655.576,23.4,98,estimated,True,2026-07-03T00:02:00,False,none
2930,2,2,2026-07-03T01:00:00,66631.074,0.0,925.206,28655.576,22.5,98,estimated,True,2026-07-03T01:02:00,False,none
2931,2,2,2026-07-03T02:00:00,66631.074,0.0,925.206,28655.576,22.24,98,estimated,True,2026-07-03T02:02:00,False,none
2932,2,2,2026-07-03T03:00:00,66631.074,0.0,925.206,28655.576,21.56,98,estimated,True,2026-07-03T03:02:00,False,none
2933,2,2,2026-07-03T04:00:00,66631.074,0.0,925.206,28655.576,22.07,98,estimated,True,2026-07-03T04:02:00,False,none
2934,2,2,2026-07-03T05:00:00,66637.149,6.075,925.206,28655.576,23.02,98,estimated,True,2026-07-03T05:02:00,False,none
2935,2,2,2026-07-03T06:00:00,66667.763,30.614,925.206,28655.576,22.86,98,estimated,True,2026-07-03T06:02:00,False,none
2936,2,2,2026-07-03T07:00:00,66742.941,75.178,925.206,28655.576,24.1,98,estimated,True,2026-07-03T07:02:00,False,none
2937,2,2,2026-07-03T08:00:00,66816.327,73.386,925.206,28655.576,26.17,98,estimated,True,2026-07-03T08:02:00,False,none
2938,2,2,2026-07-03T09:00:00,66865.206,48.879,925.206,28655.576,26.85,98,estimated,True,2026-07-03T09:02:00,False,none
2939,2,2,2026-07-03T10:00:00,66901.586,36.38,925.206,28655.576,27.55,98,estimated,True,2026-07-03T10:02:00,False,none
2940,2,2,2026-07-03T11:00:00,66948.893,47.307,925.206,28655.576,29.54,98,estimated,True,2026-07-03T11:02:00,False,none
2941,2,2,2026-07-03T12:00:00,66994.317,45.424,925.206,28655.576,30.25,98,estimated,True,2026-07-03T12:02:00,False,none
2942,2,2,2026-07-03T13:00:00,67029.788,35.471,925.206,28655.576,30.88,98,estimated,True,2026-07-03T13:02:00,False,none
2943,2,2,2026-07-03T14:00:00,67064.919,35.131,925.206,28655.576,31.51,98,estimated,True,2026-07-03T14:02:00,False,none
2944,2,2,2026-07-03T15:00:00,67100.179,35.26,925.206,28655.576,31.87,98,estimated,True,2026-07-03T15:02:00,False,none
2945,2,2,2026-07-03T16:00:00,67140.309,40.13,925.206,28655.576,31.83,98,estimated,True,2026-07-03T16:02:00,False,none
2946,2,2,2026-07-03T17:00:00,67214.176,73.867,925.206,28655.576,31.41,98,estimated,True,2026-07-03T17:02:00,False,none
2947,2,2,2026-07-03T18:00:00,67318.382,104.206,925.206,28655.576,30.2,98,estimated,True,2026-07-03T18:02:00,False,none
2948,2,2,2026-07-03T19:00:00,67409.231,90.849,925.206,28655.576,29.31,98,estimated,True,2026-07-03T19:02:00,False,none
2949,2,2,2026-07-03T20:00:00,67480.469,71.238,925.206,28655.576,28.66,98,estimated,True,2026-07-03T20:02:00,False,none
2950,2,2,2026-07-03T21:00:00,67527.788,47.319,925.206,28655.576,27.17,98,estimated,True,2026-07-03T21:02:00,False,none
2951,2,2,2026-07-03T22:00:00,67543.94,16.152,925.206,28655.576,25.91,98,estimated,True,2026-07-03T22:02:00,False,none
2952,2,2,2026-07-03T23:00:00,67553.046,9.106,925.206,28655.576,23.92,98,estimated,True,2026-07-03T23:02:00,False,none
2953,2,2,2026-07-04T00:00:00,67556.037,2.991,1247.794,28655.576,23.85,98,estimated,True,2026-07-04T00:02:00,False,none
2954,2,2,2026-07-04T01:00:00,67557.76,1.723,1247.794,28655.576,22.54,98,estimated,True,2026-07-04T01:02:00,False,none
2955,2,2,2026-07-04T02:00:00,67557.76,0.0,1247.794,28655.576,22.03,98,estimated,True,2026-07-04T02:02:00,False,none
2956,2,2,2026-07-04T03:00:00,67557.76,0.0,1247.794,28655.576,21.62,98,estimated,True,2026-07-04T03:02:00,False,none
2957,2,2,2026-07-04T04:00:00,67557.76,0.0,1247.794,28655.576,21.57,98,estimated,True,2026-07-04T04:02:00,False,none
2958,2,2,2026-07-04T05:00:00,67566.377,8.617,1247.794,28655.576,22.8,98,estimated,True,2026-07-04T05:02:00,False,none
2959,2,2,2026-07-04T06:00:00,67602.837,36.46,1247.794,28655.576,23.48,98,estimated,True,2026-07-04T06:02:00,False,none
2960,2,2,2026-07-04T07:00:00,67699.204,96.367,1247.794,28655.576,24.86,98,estimated,True,2026-07-04T07:02:00,False,none
2961,2,2,2026-07-04T08:00:00,67811.996,112.792,1247.794,28655.576,25.27,98,estimated,True,2026-07-04T08:02:00,False,none
2962,2,2,2026-07-04T09:00:00,67890.53,78.534,1247.794,28655.576,27.37,98,estimated,True,2026-07-04T09:02:00,False,none
2963,2,2,2026-07-04T10:00:00,67935.156,44.626,1247.794,28655.576,28.24,98,estimated,True,2026-07-04T10:02:00,False,none
2964,2,2,2026-07-04T11:00:00,67983.188,48.032,1247.794,28655.576,29.96,98,estimated,True,2026-07-04T11:02:00,False,none
2965,2,2,2026-07-04T12:00:00,68037.566,54.378,1247.794,28655.576,30.68,98,estimated,True,2026-07-04T12:02:00,False,none
2966,2,2,2026-07-04T13:00:00,68089.787,52.221,1247.794,28655.576,31.73,98,estimated,True,2026-07-04T13:02:00,False,none
2967,2,2,2026-07-04T14:00:00,68134.142,44.355,1247.794,28655.576,32.31,98,estimated,True,2026-07-04T14:02:00,False,none
2968,2,2,2026-07-04T15:00:00,68187.297,53.155,1247.794,28655.576,31.48,98,estimated,True,2026-07-04T15:02:00,False,none
2969,2,2,2026-07-04T16:00:00,68256.912,69.615,1247.794,28655.576,32.42,98,estimated,True,2026-07-04T16:02:00,False,none
2970,2,2,2026-07-04T17:00:00,68343.611,86.699,1247.794,28655.576,31.0,98,estimated,True,2026-07-04T17:02:00,False,none
2971,2,2,2026-07-04T18:00:00,68458.817,115.206,1247.794,28655.576,30.57,98,estimated,True,2026-07-04T18:02:00,False,none
2972,2,2,2026-07-04T19:00:00,68589.941,131.124,1247.794,28655.576,30.15,98,estimated,True,2026-07-04T19:02:00,False,none
2973,2,2,2026-07-04T20:00:00,68692.972,103.031,1247.794,28655.576,27.19,98,estimated,True,2026-07-04T20:02:00,False,none
2974,2,2,2026-07-04T21:00:00,68756.669,63.697,1247.794,28655.576,26.83,98,estimated,True,2026-07-04T21:02:00,False,none
2975,2,2,2026-07-04T22:00:00,68789.304,32.635,1247.794,28655.576,25.53,98,estimated,True,2026-07-04T22:02:00,False,none
2976,2,2,2026-07-04T23:00:00,68800.84,11.536,1247.794,28655.576,24.92,98,estimated,True,2026-07-04T23:02:00,False,none
2977,2,2,2026-07-05T00:00:00,68804.526,3.686,1259.624,28655.576,23.11,98,estimated,True,2026-07-05T00:02:00,False,none
2978,2,2,2026-07-05T01:00:00,68804.526,0.0,1259.624,28655.576,22.46,98,estimated,True,2026-07-05T01:02:00,False,none
2979,2,2,2026-07-05T02:00:00,68804.526,0.0,1259.624,28655.576,21.77,98,estimated,True,2026-07-05T02:02:00,False,none
2980,2,2,2026-07-05T03:00:00,68804.526,0.0,1259.624,28655.576,22.01,98,estimated,True,2026-07-05T03:02:00,False,none
2981,2,2,2026-07-05T04:00:00,68804.526,0.0,1259.624,28655.576,21.86,98,estimated,True,2026-07-05T04:02:00,False,none
2982,2,2,2026-07-05T05:00:00,68812.697,8.171,1259.624,28655.576,22.17,98,estimated,True,2026-07-05T05:02:00,False,none
2983,2,2,2026-07-05T06:00:00,68857.024,44.327,1259.624,28655.576,22.86,98,estimated,True,2026-07-05T06:02:00,False,none
2984,2,2,2026-07-05T07:00:00,68935.324,78.3,1259.624,28655.576,24.07,98,estimated,True,2026-07-05T07:02:00,False,none
2985,2,2,2026-07-05T08:00:00,69008.564,73.24,1259.624,28655.576,25.6,98,estimated,True,2026-07-05T08:02:00,False,none
2986,2,2,2026-07-05T09:00:00,69074.188,65.624,1259.624,28655.576,26.08,98,estimated,True,2026-07-05T09:02:00,False,none
2987,2,2,2026-07-05T10:00:00,69118.64,44.452,1259.624,28655.576,28.11,98,estimated,True,2026-07-05T10:02:00,False,none
2988,2,2,2026-07-05T11:00:00,69168.087,49.447,1259.624,28655.576,28.65,98,estimated,True,2026-07-05T11:02:00,False,none
2989,2,2,2026-07-05T12:00:00,69237.439,69.352,1259.624,28655.576,30.47,98,estimated,True,2026-07-05T12:02:00,False,none
2990,2,2,2026-07-05T13:00:00,69298.116,60.677,1259.624,28655.576,31.1,98,estimated,True,2026-07-05T13:02:00,False,none
2991,2,2,2026-07-05T14:00:00,69335.879,37.763,1259.624,28655.576,31.77,98,estimated,True,2026-07-05T14:02:00,False,none
2992,2,2,2026-07-05T15:00:00,69373.761,37.882,1259.624,28655.576,31.67,98,estimated,True,2026-07-05T15:02:00,False,none
2993,2,2,2026-07-05T16:00:00,69444.038,70.277,1259.624,28655.576,31.57,98,estimated,True,2026-07-05T16:02:00,False,none
2994,2,2,2026-07-05T17:00:00,69549.911,105.873,1259.624,28655.576,31.38,98,estimated,True,2026-07-05T17:02:00,False,none
2995,2,2,2026-07-05T18:00:00,69695.051,145.14,1259.624,28655.576,30.19,98,estimated,True,2026-07-05T18:02:00,False,none
2996,2,2,2026-07-05T19:00:00,69844.043,148.992,1259.624,28655.576,29.2,98,estimated,True,2026-07-05T19:02:00,False,none
2997,2,2,2026-07-05T20:00:00,69953.27,109.227,1259.624,28655.576,28.06,98,estimated,True,2026-07-05T20:02:00,False,none
2998,2,2,2026-07-05T21:00:00,70016.72,63.45,1259.624,28655.576,27.37,98,estimated,True,2026-07-05T21:02:00,False,none
2999,2,2,2026-07-05T22:00:00,70051.075,34.355,1259.624,28655.576,25.57,98,estimated,True,2026-07-05T22:02:00,False,none
3000,2,2,2026-07-05T23:00:00,70060.464,9.389,1259.624,28655.576,24.23,98,estimated,True,2026-07-05T23:02:00,False,none
3001,2,2,2026-07-06T00:00:00,70062.915,2.451,983.891,28655.576,23.89,98,estimated,True,2026-07-06T00:02:00,False,none
3002,2,2,2026-07-06T01:00:00,70062.915,0.0,983.891,28655.576,22.3,98,estimated,True,2026-07-06T01:02:00,False,none
3003,2,2,2026-07-06T02:00:00,70062.915,0.0,983.891,28655.576,21.28,98,estimated,True,2026-07-06T02:02:00,False,none
3004,2,2,2026-07-06T03:00:00,70062.915,0.0,983.891,28655.576,21.46,98,estimated,True,2026-07-06T03:02:00,False,none
3005,2,2,2026-07-06T04:00:00,70062.915,0.0,983.891,28655.576,22.16,98,estimated,True,2026-07-06T04:02:00,False,none
3006,2,2,2026-07-06T05:00:00,70068.36,5.445,983.891,28655.576,22.81,98,estimated,True,2026-07-06T05:02:00,False,none
3007,2,2,2026-07-06T06:00:00,70100.457,32.097,983.891,28655.576,22.68,98,estimated,True,2026-07-06T06:02:00,False,none
3008,2,2,2026-07-06T07:00:00,70158.707,58.25,983.891,28655.576,23.98,98,estimated,True,2026-07-06T07:02:00,False,none
3009,2,2,2026-07-06T08:00:00,70234.556,75.849,983.891,28655.576,25.86,98,estimated,True,2026-07-06T08:02:00,False,none
3010,2,2,2026-07-06T09:00:00,70293.543,58.987,983.891,28655.576,25.84,98,estimated,True,2026-07-06T09:02:00,False,none
3011,2,2,2026-07-06T10:00:00,70326.032,32.489,983.891,28655.576,27.66,98,estimated,True,2026-07-06T10:02:00,False,none
3012,2,2,2026-07-06T11:00:00,70376.129,50.097,983.891,28655.576,28.36,98,estimated,True,2026-07-06T11:02:00,False,none
3013,2,2,2026-07-06T12:00:00,70424.941,48.812,983.891,28655.576,29.59,98,estimated,True,2026-07-06T12:02:00,False,none
3014,2,2,2026-07-06T13:00:00,70467.615,42.674,983.891,28655.576,31.27,98,estimated,True,2026-07-06T13:02:00,False,none
3015,2,2,2026-07-06T14:00:00,70492.529,24.914,983.891,28655.576,31.38,98,estimated,True,2026-07-06T14:02:00,False,none
3016,2,2,2026-07-06T15:00:00,70527.66,35.131,983.891,28655.576,31.25,98,estimated,True,2026-07-06T15:02:00,False,none
3017,2,2,2026-07-06T16:00:00,70575.515,47.855,983.891,28655.576,31.09,98,estimated,True,2026-07-06T16:02:00,False,none
3018,2,2,2026-07-06T17:00:00,70652.054,76.539,983.891,28655.576,31.17,98,estimated,True,2026-07-06T17:02:00,False,none
3019,2,2,2026-07-06T18:00:00,70770.791,118.737,983.891,28655.576,29.62,98,estimated,True,2026-07-06T18:02:00,False,none
3020,2,2,2026-07-06T19:00:00,70867.336,96.545,983.891,28655.576,29.38,98,estimated,True,2026-07-06T19:02:00,False,none
3021,2,2,2026-07-06T20:00:00,70966.027,98.691,983.891,28655.576,28.3,98,estimated,True,2026-07-06T20:02:00,False,none
3022,2,2,2026-07-06T21:00:00,71012.78,46.753,983.891,28655.576,26.0,98,estimated,True,2026-07-06T21:02:00,False,none
3023,2,2,2026-07-06T22:00:00,71035.915,23.135,983.891,28655.576,24.33,98,estimated,True,2026-07-06T22:02:00,False,none
3024,2,2,2026-07-06T23:00:00,71044.355,8.44,983.891,28655.576,24.22,98,estimated,True,2026-07-06T23:02:00,False,none
3025,2,2,2026-07-07T00:00:00,71045.542,1.187,924.982,28655.576,22.55,98,estimated,True,2026-07-07T00:02:00,False,none
3026,2,2,2026-07-07T01:00:00,71045.542,0.0,924.982,28655.576,22.17,98,estimated,True,2026-07-07T01:02:00,False,none
3027,2,2,2026-07-07T02:00:00,71045.542,0.0,924.982,28655.576,21.61,98,estimated,True,2026-07-07T02:02:00,False,none
3028,2,2,2026-07-07T03:00:00,71045.542,0.0,924.982,28655.576,21.19,98,estimated,True,2026-07-07T03:02:00,False,none
3029,2,2,2026-07-07T04:00:00,71045.542,0.0,924.982,28655.576,21.41,98,estimated,True,2026-07-07T04:02:00,False,none
3030,2,2,2026-07-07T05:00:00,71051.162,5.62,924.982,28655.576,21.86,98,estimated,True,2026-07-07T05:02:00,False,none
3031,2,2,2026-07-07T06:00:00,71088.958,37.796,924.982,28655.576,22.38,98,estimated,True,2026-07-07T06:02:00,False,none
3032,2,2,2026-07-07T07:00:00,71151.346,62.388,924.982,28655.576,23.51,98,estimated,True,2026-07-07T07:02:00,False,none
3033,2,2,2026-07-07T08:00:00,71251.007,99.661,924.982,28655.576,24.67,98,estimated,True,2026-07-07T08:02:00,False,none
3034,2,2,2026-07-07T09:00:00,71296.682,45.675,924.982,28655.576,26.57,98,estimated,True,2026-07-07T09:02:00,False,none
3035,2,2,2026-07-07T10:00:00,71332.87,36.188,924.982,28655.576,28.09,98,estimated,True,2026-07-07T10:02:00,False,none
3036,2,2,2026-07-07T11:00:00,71373.044,40.174,924.982,28655.576,28.95,98,estimated,True,2026-07-07T11:02:00,False,none
3037,2,2,2026-07-07T12:00:00,71423.481,50.437,924.982,28655.576,29.59,98,estimated,True,2026-07-07T12:02:00,False,none
3038,2,2,2026-07-07T13:00:00,71472.229,48.748,924.982,28655.576,30.46,98,estimated,True,2026-07-07T13:02:00,False,none
3039,2,2,2026-07-07T14:00:00,71508.832,36.603,924.982,28655.576,30.67,98,estimated,True,2026-07-07T14:02:00,False,none
3040,2,2,2026-07-07T15:00:00,71544.461,35.629,924.982,28655.576,31.31,98,estimated,True,2026-07-07T15:02:00,False,none
3041,2,2,2026-07-07T16:00:00,71587.972,43.511,924.982,28655.576,31.51,98,estimated,True,2026-07-07T16:02:00,False,none
3042,2,2,2026-07-07T17:00:00,71634.176,46.204,924.982,28655.576,31.03,98,estimated,True,2026-07-07T17:02:00,False,none
3043,2,2,2026-07-07T18:00:00,71717.692,83.516,924.982,28655.576,29.6,98,estimated,True,2026-07-07T18:02:00,False,none
3044,2,2,2026-07-07T19:00:00,71809.95,92.258,924.982,28655.576,28.35,98,estimated,True,2026-07-07T19:02:00,False,none
3045,2,2,2026-07-07T20:00:00,71892.506,82.556,924.982,28655.576,27.8,98,estimated,True,2026-07-07T20:02:00,False,none
3046,2,2,2026-07-07T21:00:00,71937.117,44.611,924.982,28655.576,26.45,98,estimated,True,2026-07-07T21:02:00,False,none
3047,2,2,2026-07-07T22:00:00,71960.067,22.95,924.982,28655.576,25.2,98,estimated,True,2026-07-07T22:02:00,False,none
3048,2,2,2026-07-07T23:00:00,71969.337,9.27,924.982,28655.576,24.23,98,estimated,True,2026-07-07T23:02:00,False,none
3049,2,2,2026-07-08T00:00:00,71971.446,2.109,932.243,28655.576,22.6,98,estimated,True,2026-07-08T00:02:00,False,none
3050,2,2,2026-07-08T01:00:00,71971.446,0.0,932.243,28655.576,21.53,98,estimated,True,2026-07-08T01:02:00,False,none
3051,2,2,2026-07-08T02:00:00,71971.446,0.0,932.243,28655.576,21.25,98,estimated,True,2026-07-08T02:02:00,False,none
3052,2,2,2026-07-08T03:00:00,71971.446,0.0,932.243,28655.576,21.13,98,estimated,True,2026-07-08T03:02:00,False,none
3053,2,2,2026-07-08T04:00:00,71971.446,0.0,932.243,28655.576,21.0,98,estimated,True,2026-07-08T04:02:00,False,none
3054,2,2,2026-07-08T05:00:00,71976.537,5.091,932.243,28655.576,21.98,98,estimated,True,2026-07-08T05:02:00,False,none
3055,2,2,2026-07-08T06:00:00,72009.37,32.833,932.243,28655.576,22.49,98,estimated,True,2026-07-08T06:02:00,False,none
3056,2,2,2026-07-08T07:00:00,72068.42,59.05,932.243,28655.576,23.83,98,estimated,True,2026-07-08T07:02:00,False,none
3057,2,2,2026-07-08T08:00:00,72161.48,93.06,932.243,28655.576,25.22,98,estimated,True,2026-07-08T08:02:00,False,none
3058,2,2,2026-07-08T09:00:00,72207.328,45.848,932.243,28655.576,25.67,98,estimated,True,2026-07-08T09:02:00,False,none
3059,2,2,2026-07-08T10:00:00,72241.909,34.581,932.243,28655.576,27.89,98,estimated,True,2026-07-08T10:02:00,False,none
3060,2,2,2026-07-08T11:00:00,72275.974,34.065,932.243,28655.576,27.73,98,estimated,True,2026-07-08T11:02:00,False,none
3061,2,2,2026-07-08T12:00:00,72317.658,41.684,932.243,28655.576,29.56,98,estimated,True,2026-07-08T12:02:00,False,none
3062,2,2,2026-07-08T13:00:00,72357.704,40.046,932.243,28655.576,30.28,98,estimated,True,2026-07-08T13:02:00,False,none
3063,2,2,2026-07-08T14:00:00,72388.002,30.298,932.243,28655.576,31.53,98,estimated,True,2026-07-08T14:02:00,False,none
3064,2,2,2026-07-08T15:00:00,72428.468,40.466,932.243,28655.576,31.55,98,estimated,True,2026-07-08T15:02:00,False,none
3065,2,2,2026-07-08T16:00:00,72477.156,48.688,932.243,28655.576,31.52,98,estimated,True,2026-07-08T16:02:00,False,none
3066,2,2,2026-07-08T17:00:00,72547.583,70.427,932.243,28655.576,29.66,98,estimated,True,2026-07-08T17:02:00,False,none
3067,2,2,2026-07-08T18:00:00,72641.417,93.834,932.243,28655.576,30.07,98,estimated,True,2026-07-08T18:02:00,False,none
3068,2,2,2026-07-08T19:00:00,72747.825,106.408,932.243,28655.576,29.32,98,estimated,True,2026-07-08T19:02:00,False,none
3069,2,2,2026-07-08T20:00:00,72833.621,85.796,932.243,28655.576,27.64,98,estimated,True,2026-07-08T20:02:00,False,none
3070,2,2,2026-07-08T21:00:00,72867.467,33.846,932.243,28655.576,26.25,98,estimated,True,2026-07-08T21:02:00,False,none
3071,2,2,2026-07-08T22:00:00,72893.328,25.861,932.243,28655.576,24.63,98,estimated,True,2026-07-08T22:02:00,False,none
3072,2,2,2026-07-08T23:00:00,72901.58,8.252,932.243,28655.576,23.3,98,estimated,True,2026-07-08T23:02:00,False,none
3073,2,2,2026-07-09T00:00:00,72905.834,4.254,912.397,28655.576,21.92,98,estimated,True,2026-07-09T00:02:00,False,none
3074,2,2,2026-07-09T01:00:00,72906.258,0.424,912.397,28655.576,22.22,98,estimated,True,2026-07-09T01:02:00,False,none
3075,2,2,2026-07-09T02:00:00,72906.258,0.0,912.397,28655.576,21.61,98,estimated,True,2026-07-09T02:02:00,False,none
3076,2,2,2026-07-09T03:00:00,72906.258,0.0,912.397,28655.576,21.2,98,estimated,True,2026-07-09T03:02:00,False,none
3077,2,2,2026-07-09T04:00:00,72906.258,0.0,912.397,28655.576,21.38,98,estimated,True,2026-07-09T04:02:00,False,none
3078,2,2,2026-07-09T05:00:00,72911.597,5.339,912.397,28655.576,20.86,98,estimated,True,2026-07-09T05:02:00,False,none
3079,2,2,2026-07-09T06:00:00,72937.121,25.524,912.397,28655.576,21.72,98,estimated,True,2026-07-09T06:02:00,False,none
3080,2,2,2026-07-09T07:00:00,72997.451,60.33,912.397,28655.576,22.98,98,estimated,True,2026-07-09T07:02:00,False,none
3081,2,2,2026-07-09T08:00:00,73084.519,87.068,912.397,28655.576,24.2,98,estimated,True,2026-07-09T08:02:00,False,none
3082,2,2,2026-07-09T09:00:00,73134.301,49.782,912.397,28655.576,25.68,98,estimated,True,2026-07-09T09:02:00,False,none
3083,2,2,2026-07-09T10:00:00,73166.043,31.742,912.397,28655.576,27.53,98,estimated,True,2026-07-09T10:02:00,False,none
3084,2,2,2026-07-09T11:00:00,73209.227,43.184,912.397,28655.576,28.27,98,estimated,True,2026-07-09T11:02:00,False,none
3085,2,2,2026-07-09T12:00:00,73243.214,33.987,912.397,28655.576,28.64,98,estimated,True,2026-07-09T12:02:00,False,none
3086,2,2,2026-07-09T13:00:00,73285.514,42.3,912.397,28655.576,30.35,98,estimated,True,2026-07-09T13:02:00,False,none
3087,2,2,2026-07-09T14:00:00,73317.501,31.987,912.397,28655.576,31.53,98,estimated,True,2026-07-09T14:02:00,False,none
3088,2,2,2026-07-09T15:00:00,73351.028,33.527,912.397,28655.576,31.21,98,estimated,True,2026-07-09T15:02:00,False,none
3089,2,2,2026-07-09T16:00:00,73406.824,55.796,912.397,28655.576,30.83,98,estimated,True,2026-07-09T16:02:00,False,none
3090,2,2,2026-07-09T17:00:00,73476.481,69.657,912.397,28655.576,29.36,98,estimated,True,2026-07-09T17:02:00,False,none
3091,2,2,2026-07-09T18:00:00,73574.806,98.325,912.397,28655.576,30.27,98,estimated,True,2026-07-09T18:02:00,False,none
3092,2,2,2026-07-09T19:00:00,73663.511,88.705,912.397,28655.576,29.04,98,estimated,True,2026-07-09T19:02:00,False,none
3093,2,2,2026-07-09T20:00:00,73739.009,75.498,912.397,28655.576,27.16,98,estimated,True,2026-07-09T20:02:00,False,none
3094,2,2,2026-07-09T21:00:00,73780.325,41.316,912.397,28655.576,24.99,98,estimated,True,2026-07-09T21:02:00,False,none
3095,2,2,2026-07-09T22:00:00,73805.168,24.843,912.397,28655.576,24.15,98,estimated,True,2026-07-09T22:02:00,False,none
3096,2,2,2026-07-09T23:00:00,73813.977,8.809,912.397,28655.576,23.73,98,estimated,True,2026-07-09T23:02:00,False,none
3097,2,2,2026-07-10T00:00:00,73816.672,2.695,930.783,28655.576,22.42,98,estimated,True,2026-07-10T00:02:00,False,none
3098,2,2,2026-07-10T01:00:00,73817.81,1.138,930.783,28655.576,21.78,98,estimated,True,2026-07-10T01:02:00,False,none
3099,2,2,2026-07-10T02:00:00,73817.81,0.0,930.783,28655.576,20.19,98,estimated,True,2026-07-10T02:02:00,False,none
3100,2,2,2026-07-10T03:00:00,73817.81,0.0,930.783,28655.576,21.02,98,estimated,True,2026-07-10T03:02:00,False,none
3101,2,2,2026-07-10T04:00:00,73817.81,0.0,930.783,28655.576,20.15,98,estimated,True,2026-07-10T04:02:00,False,none
3102,2,2,2026-07-10T05:00:00,73824.583,6.773,930.783,28655.576,21.22,98,estimated,True,2026-07-10T05:02:00,False,none
3103,2,2,2026-07-10T06:00:00,73861.542,36.959,930.783,28655.576,22.71,98,estimated,True,2026-07-10T06:02:00,False,none
3104,2,2,2026-07-10T07:00:00,73939.398,77.856,930.783,28655.576,23.01,98,estimated,True,2026-07-10T07:02:00,False,none
3105,2,2,2026-07-10T08:00:00,74012.448,73.05,930.783,28655.576,23.95,98,estimated,True,2026-07-10T08:02:00,False,none
3106,2,2,2026-07-10T09:00:00,74073.54,61.092,930.783,28655.576,24.69,98,estimated,True,2026-07-10T09:02:00,False,none
3107,2,2,2026-07-10T10:00:00,74107.331,33.791,930.783,28655.576,26.58,98,estimated,True,2026-07-10T10:02:00,False,none
3108,2,2,2026-07-10T11:00:00,74151.713,44.382,930.783,28655.576,27.76,98,estimated,True,2026-07-10T11:02:00,False,none
3109,2,2,2026-07-10T12:00:00,74192.153,40.44,930.783,28655.576,29.01,98,estimated,True,2026-07-10T12:02:00,False,none
3110,2,2,2026-07-10T13:00:00,74225.089,32.936,930.783,28655.576,30.13,98,estimated,True,2026-07-10T13:02:00,False,none
3111,2,2,2026-07-10T14:00:00,74247.949,22.86,930.783,28655.576,30.12,98,estimated,True,2026-07-10T14:02:00,False,none
3112,2,2,2026-07-10T15:00:00,74282.286,34.337,930.783,28655.576,30.06,98,estimated,True,2026-07-10T15:02:00,False,none
3113,2,2,2026-07-10T16:00:00,74319.708,37.422,930.783,28655.576,29.67,98,estimated,True,2026-07-10T16:02:00,False,none
3114,2,2,2026-07-10T17:00:00,74382.44,62.732,930.783,28655.576,29.96,98,estimated,True,2026-07-10T17:02:00,False,none
3115,2,2,2026-07-10T18:00:00,74497.814,115.374,930.783,28655.576,29.96,98,estimated,True,2026-07-10T18:02:00,False,none
3116,2,2,2026-07-10T19:00:00,74597.747,99.933,930.783,28655.576,27.78,98,estimated,True,2026-07-10T19:02:00,False,none
3117,2,2,2026-07-10T20:00:00,74667.633,69.886,930.783,28655.576,27.22,98,estimated,True,2026-07-10T20:02:00,False,none
3118,2,2,2026-07-10T21:00:00,74715.614,47.981,930.783,28655.576,25.03,98,estimated,True,2026-07-10T21:02:00,False,none
3119,2,2,2026-07-10T22:00:00,74737.044,21.43,930.783,28655.576,24.26,98,estimated,True,2026-07-10T22:02:00,False,none
3120,2,2,2026-07-10T23:00:00,74744.76,7.716,930.783,28655.576,23.3,98,estimated,True,2026-07-10T23:02:00,False,none
3121,2,2,2026-07-11T00:00:00,74748.566,3.806,1174.963,28655.576,21.37,98,estimated,True,2026-07-11T00:02:00,False,none
3122,2,2,2026-07-11T01:00:00,74748.566,0.0,1174.963,28655.576,21.19,98,estimated,True,2026-07-11T01:02:00,False,none
3123,2,2,2026-07-11T02:00:00,74749.949,1.383,1174.963,28655.576,19.85,98,estimated,True,2026-07-11T02:02:00,False,none
3124,2,2,2026-07-11T03:00:00,74749.949,0.0,1174.963,28655.576,20.11,98,estimated,True,2026-07-11T03:02:00,False,none
3125,2,2,2026-07-11T04:00:00,74752.106,2.157,1174.963,28655.576,20.04,98,estimated,True,2026-07-11T04:02:00,False,none
3126,2,2,2026-07-11T05:00:00,74759.935,7.829,1174.963,28655.576,22.01,98,estimated,True,2026-07-11T05:02:00,False,none
3127,2,2,2026-07-11T06:00:00,74803.184,43.249,1174.963,28655.576,21.87,98,estimated,True,2026-07-11T06:02:00,False,none
3128,2,2,2026-07-11T07:00:00,74881.801,78.617,1174.963,28655.576,23.88,98,estimated,True,2026-07-11T07:02:00,False,none
3129,2,2,2026-07-11T08:00:00,74979.887,98.086,1174.963,28655.576,23.63,98,estimated,True,2026-07-11T08:02:00,False,none
3130,2,2,2026-07-11T09:00:00,75032.968,53.081,1174.963,28655.576,25.38,98,estimated,True,2026-07-11T09:02:00,False,none
3131,2,2,2026-07-11T10:00:00,75087.388,54.42,1174.963,28655.576,26.67,98,estimated,True,2026-07-11T10:02:00,False,none
3132,2,2,2026-07-11T11:00:00,75139.567,52.179,1174.963,28655.576,27.93,98,estimated,True,2026-07-11T11:02:00,False,none
3133,2,2,2026-07-11T12:00:00,75208.997,69.43,1174.963,28655.576,28.66,98,estimated,True,2026-07-11T12:02:00,False,none
3134,2,2,2026-07-11T13:00:00,75272.04,63.043,1174.963,28655.576,29.37,98,estimated,True,2026-07-11T13:02:00,False,none
3135,2,2,2026-07-11T14:00:00,75314.188,42.148,1174.963,28655.576,30.97,98,estimated,True,2026-07-11T14:02:00,False,none
3136,2,2,2026-07-11T15:00:00,75364.167,49.979,1174.963,28655.576,30.36,98,estimated,True,2026-07-11T15:02:00,False,none
3137,2,2,2026-07-11T16:00:00,75419.235,55.068,1174.963,28655.576,30.64,98,estimated,True,2026-07-11T16:02:00,False,none
3138,2,2,2026-07-11T17:00:00,75492.878,73.643,1174.963,28655.576,29.49,98,estimated,True,2026-07-11T17:02:00,False,none
3139,2,2,2026-07-11T18:00:00,75625.04,132.162,1174.963,28655.576,29.07,98,estimated,True,2026-07-11T18:02:00,False,none
3140,2,2,2026-07-11T19:00:00,75740.545,115.505,1174.963,28655.576,27.33,98,estimated,True,2026-07-11T19:02:00,False,none
3141,2,2,2026-07-11T20:00:00,75827.021,86.476,1174.963,28655.576,26.12,98,estimated,True,2026-07-11T20:02:00,False,none
3142,2,2,2026-07-11T21:00:00,75884.682,57.661,1174.963,28655.576,25.59,98,estimated,True,2026-07-11T21:02:00,False,none
3143,2,2,2026-07-11T22:00:00,75908.625,23.943,1174.963,28655.576,23.95,98,estimated,True,2026-07-11T22:02:00,False,none
3144,2,2,2026-07-11T23:00:00,75919.723,11.098,1174.963,28655.576,22.94,98,estimated,True,2026-07-11T23:02:00,False,none
3145,2,2,2026-07-12T00:00:00,75923.291,3.568,1155.457,28655.576,21.28,98,estimated,True,2026-07-12T00:02:00,False,none
3146,2,2,2026-07-12T01:00:00,75923.291,0.0,1155.457,28655.576,20.84,98,estimated,True,2026-07-12T01:02:00,False,none
3147,2,2,2026-07-12T02:00:00,75923.291,0.0,1155.457,28655.576,19.63,98,estimated,True,2026-07-12T02:02:00,False,none
3148,2,2,2026-07-12T03:00:00,75926.858,3.567,1155.457,28655.576,20.51,98,estimated,True,2026-07-12T03:02:00,False,none
3149,2,2,2026-07-12T04:00:00,75926.858,0.0,1155.457,28655.576,20.37,98,estimated,True,2026-07-12T04:02:00,False,none
3150,2,2,2026-07-12T05:00:00,75933.815,6.957,1155.457,28655.576,20.49,98,estimated,True,2026-07-12T05:02:00,False,none
3151,2,2,2026-07-12T06:00:00,75969.2,35.385,1155.457,28655.576,21.28,98,estimated,True,2026-07-12T06:02:00,False,none
3152,2,2,2026-07-12T07:00:00,76042.666,73.466,1155.457,28655.576,22.59,98,estimated,True,2026-07-12T07:02:00,False,none
3153,2,2,2026-07-12T08:00:00,76151.234,108.568,1155.457,28655.576,24.19,98,estimated,True,2026-07-12T08:02:00,False,none
3154,2,2,2026-07-12T09:00:00,76214.434,63.2,1155.457,28655.576,25.27,98,estimated,True,2026-07-12T09:02:00,False,none
3155,2,2,2026-07-12T10:00:00,76260.835,46.401,1155.457,28655.576,26.25,98,estimated,True,2026-07-12T10:02:00,False,none
3156,2,2,2026-07-12T11:00:00,76311.803,50.968,1155.457,28655.576,27.14,98,estimated,True,2026-07-12T11:02:00,False,none
3157,2,2,2026-07-12T12:00:00,76367.384,55.581,1155.457,28655.576,28.29,98,estimated,True,2026-07-12T12:02:00,False,none
3158,2,2,2026-07-12T13:00:00,76426.411,59.027,1155.457,28655.576,28.59,98,estimated,True,2026-07-12T13:02:00,False,none
3159,2,2,2026-07-12T14:00:00,76471.897,45.486,1155.457,28655.576,29.66,98,estimated,True,2026-07-12T14:02:00,False,none
3160,2,2,2026-07-12T15:00:00,76509.629,37.732,1155.457,28655.576,30.53,98,estimated,True,2026-07-12T15:02:00,False,none
3161,2,2,2026-07-12T16:00:00,76587.663,78.034,1155.457,28655.576,29.5,98,estimated,True,2026-07-12T16:02:00,False,none
3162,2,2,2026-07-12T17:00:00,76675.908,88.245,1155.457,28655.576,30.13,98,estimated,True,2026-07-12T17:02:00,False,none
3163,2,2,2026-07-12T18:00:00,76788.314,112.406,1155.457,28655.576,28.74,98,estimated,True,2026-07-12T18:02:00,False,none
3164,2,2,2026-07-12T19:00:00,76900.957,112.643,1155.457,28655.576,27.78,98,estimated,True,2026-07-12T19:02:00,False,none
3165,2,2,2026-07-12T20:00:00,76982.32,81.363,1155.457,28655.576,25.58,98,estimated,True,2026-07-12T20:02:00,False,none
3166,2,2,2026-07-12T21:00:00,77036.964,54.644,1155.457,28655.576,25.11,98,estimated,True,2026-07-12T21:02:00,False,none
3167,2,2,2026-07-12T22:00:00,77062.88,25.916,1155.457,28655.576,23.78,98,estimated,True,2026-07-12T22:02:00,False,none
3168,2,2,2026-07-12T23:00:00,77075.18,12.3,1155.457,28655.576,22.29,98,estimated,True,2026-07-12T23:02:00,False,none
3169,2,2,2026-07-13T00:00:00,77077.999,2.819,940.163,28655.576,21.4,98,estimated,True,2026-07-13T00:02:00,False,none
3170,2,2,2026-07-13T01:00:00,77077.999,0.0,940.163,28655.576,20.85,98,estimated,True,2026-07-13T01:02:00,False,none
3171,2,2,2026-07-13T02:00:00,77077.999,0.0,940.163,28655.576,19.9,98,estimated,True,2026-07-13T02:02:00,False,none
3172,2,2,2026-07-13T03:00:00,77077.999,0.0,940.163,28655.576,19.66,98,estimated,True,2026-07-13T03:02:00,False,none
3173,2,2,2026-07-13T04:00:00,77077.999,0.0,940.163,28655.576,20.27,98,estimated,True,2026-07-13T04:02:00,False,none
3174,2,2,2026-07-13T05:00:00,77084.371,6.372,940.163,28655.576,19.77,98,estimated,True,2026-07-13T05:02:00,False,none
3175,2,2,2026-07-13T06:00:00,77118.084,33.713,940.163,28655.576,21.15,98,estimated,True,2026-07-13T06:02:00,False,none
3176,2,2,2026-07-13T07:00:00,77195.455,77.371,940.163,28655.576,21.8,98,estimated,True,2026-07-13T07:02:00,False,none
3177,2,2,2026-07-13T08:00:00,77270.85,75.395,940.163,28655.576,22.95,98,estimated,True,2026-07-13T08:02:00,False,none
3178,2,2,2026-07-13T09:00:00,77311.018,40.168,940.163,28655.576,24.43,98,estimated,True,2026-07-13T09:02:00,False,none
3179,2,2,2026-07-13T10:00:00,77352.42,41.402,940.163,28655.576,26.16,98,estimated,True,2026-07-13T10:02:00,False,none
3180,2,2,2026-07-13T11:00:00,77394.375,41.955,940.163,28655.576,28.4,98,estimated,True,2026-07-13T11:02:00,False,none
3181,2,2,2026-07-13T12:00:00,77443.472,49.097,940.163,28655.576,28.81,98,estimated,True,2026-07-13T12:02:00,False,none
3182,2,2,2026-07-13T13:00:00,77481.077,37.605,940.163,28655.576,29.36,98,estimated,True,2026-07-13T13:02:00,False,none
3183,2,2,2026-07-13T14:00:00,77513.416,32.339,940.163,28655.576,29.74,98,estimated,True,2026-07-13T14:02:00,False,none
3184,2,2,2026-07-13T15:00:00,77546.437,33.021,940.163,28655.576,29.6,98,estimated,True,2026-07-13T15:02:00,False,none
3185,2,2,2026-07-13T16:00:00,77596.433,49.996,940.163,28655.576,29.64,98,estimated,True,2026-07-13T16:02:00,False,none
3186,2,2,2026-07-13T17:00:00,77661.619,65.186,940.163,28655.576,28.74,98,estimated,True,2026-07-13T17:02:00,False,none
3187,2,2,2026-07-13T18:00:00,77767.734,106.115,940.163,28655.576,29.13,98,estimated,True,2026-07-13T18:02:00,False,none
3188,2,2,2026-07-13T19:00:00,77861.842,94.108,940.163,28655.576,27.87,98,estimated,True,2026-07-13T19:02:00,False,none
3189,2,2,2026-07-13T20:00:00,77944.583,82.741,940.163,28655.576,26.25,98,estimated,True,2026-07-13T20:02:00,False,none
3190,2,2,2026-07-13T21:00:00,77981.381,36.798,940.163,28655.576,25.46,98,estimated,True,2026-07-13T21:02:00,False,none
3191,2,2,2026-07-13T22:00:00,78007.547,26.166,940.163,28655.576,23.01,98,estimated,True,2026-07-13T22:02:00,False,none
3192,2,2,2026-07-13T23:00:00,78015.343,7.796,940.163,28655.576,22.22,98,estimated,True,2026-07-13T23:02:00,False,none
3193,2,2,2026-07-14T00:00:00,78017.726,2.383,914.56,28655.576,20.52,98,estimated,True,2026-07-14T00:02:00,False,none
3194,2,2,2026-07-14T01:00:00,78020.53,2.804,914.56,28655.576,19.67,98,estimated,True,2026-07-14T01:02:00,False,none
3195,2,2,2026-07-14T02:00:00,78020.53,0.0,914.56,28655.576,20.13,98,estimated,True,2026-07-14T02:02:00,False,none
3196,2,2,2026-07-14T03:00:00,78020.53,0.0,914.56,28655.576,19.94,98,estimated,True,2026-07-14T03:02:00,False,none
3197,2,2,2026-07-14T04:00:00,78020.53,0.0,914.56,28655.576,19.61,98,estimated,True,2026-07-14T04:02:00,False,none
3198,2,2,2026-07-14T05:00:00,78026.502,5.972,914.56,28655.576,20.22,98,estimated,True,2026-07-14T05:02:00,False,none
3199,2,2,2026-07-14T06:00:00,78050.962,24.46,914.56,28655.576,21.34,98,estimated,True,2026-07-14T06:02:00,False,none
3200,2,2,2026-07-14T07:00:00,78116.897,65.935,914.56,28655.576,22.34,98,estimated,True,2026-07-14T07:02:00,False,none
3201,2,2,2026-07-14T08:00:00,78206.51,89.613,914.56,28655.576,23.55,98,estimated,True,2026-07-14T08:02:00,False,none
3202,2,2,2026-07-14T09:00:00,78265.652,59.142,914.56,28655.576,25.2,98,estimated,True,2026-07-14T09:02:00,False,none
3203,2,2,2026-07-14T10:00:00,78305.757,40.105,914.56,28655.576,26.39,98,estimated,True,2026-07-14T10:02:00,False,none
3204,2,2,2026-07-14T11:00:00,78346.411,40.654,914.56,28655.576,27.17,98,estimated,True,2026-07-14T11:02:00,False,none
3205,2,2,2026-07-14T12:00:00,78398.01,51.599,914.56,28655.576,28.44,98,estimated,True,2026-07-14T12:02:00,False,none
3206,2,2,2026-07-14T13:00:00,78438.667,40.657,914.56,28655.576,28.76,98,estimated,True,2026-07-14T13:02:00,False,none
3207,2,2,2026-07-14T14:00:00,78465.746,27.079,914.56,28655.576,29.37,98,estimated,True,2026-07-14T14:02:00,False,none
3208,2,2,2026-07-14T15:00:00,78499.592,33.846,914.56,28655.576,30.07,98,estimated,True,2026-07-14T15:02:00,False,none
3209,2,2,2026-07-14T16:00:00,78536.594,37.002,914.56,28655.576,30.21,98,estimated,True,2026-07-14T16:02:00,False,none
3210,2,2,2026-07-14T17:00:00,78602.343,65.749,914.56,28655.576,28.66,98,estimated,True,2026-07-14T17:02:00,False,none
3211,2,2,2026-07-14T18:00:00,78698.85,96.507,914.56,28655.576,28.55,98,estimated,True,2026-07-14T18:02:00,False,none
3212,2,2,2026-07-14T19:00:00,78778.911,80.061,914.56,28655.576,27.18,98,estimated,True,2026-07-14T19:02:00,False,none
3213,2,2,2026-07-14T20:00:00,78855.246,76.335,914.56,28655.576,25.39,98,estimated,True,2026-07-14T20:02:00,False,none
3214,2,2,2026-07-14T21:00:00,78900.231,44.985,914.56,28655.576,24.01,98,estimated,True,2026-07-14T21:02:00,False,none
3215,2,2,2026-07-14T22:00:00,78920.178,19.947,914.56,28655.576,23.46,98,estimated,True,2026-07-14T22:02:00,False,none
3216,2,2,2026-07-14T23:00:00,78929.903,9.725,914.56,28655.576,22.7,98,estimated,True,2026-07-14T23:02:00,False,none
3217,2,2,2026-07-15T00:00:00,78931.984,2.081,922.912,28655.576,20.11,98,estimated,True,2026-07-15T00:02:00,False,none
3218,2,2,2026-07-15T01:00:00,78931.984,0.0,922.912,28655.576,19.03,98,estimated,True,2026-07-15T01:02:00,False,none
3219,2,2,2026-07-15T02:00:00,78931.984,0.0,922.912,28655.576,19.37,98,estimated,True,2026-07-15T02:02:00,False,none
3220,2,2,2026-07-15T03:00:00,78931.984,0.0,922.912,28655.576,19.46,98,estimated,True,2026-07-15T03:02:00,False,none
3221,2,2,2026-07-15T04:00:00,78931.984,0.0,922.912,28655.576,18.69,98,estimated,True,2026-07-15T04:02:00,False,none
3222,2,2,2026-07-15T05:00:00,78937.956,5.972,922.912,28655.576,20.34,98,estimated,True,2026-07-15T05:02:00,False,none
3223,2,2,2026-07-15T06:00:00,78970.26,32.304,922.912,28655.576,21.16,98,estimated,True,2026-07-15T06:02:00,False,none
3224,2,2,2026-07-15T07:00:00,79024.047,53.787,922.912,28655.576,21.84,98,estimated,True,2026-07-15T07:02:00,False,none
3225,2,2,2026-07-15T08:00:00,79105.748,81.701,922.912,28655.576,22.88,98,estimated,True,2026-07-15T08:02:00,False,none
3226,2,2,2026-07-15T09:00:00,79160.82,55.072,922.912,28655.576,25.06,98,estimated,True,2026-07-15T09:02:00,False,none
3227,2,2,2026-07-15T10:00:00,79197.309,36.489,922.912,28655.576,26.19,98,estimated,True,2026-07-15T10:02:00,False,none
3228,2,2,2026-07-15T11:00:00,79237.83,40.521,922.912,28655.576,26.49,98,estimated,True,2026-07-15T11:02:00,False,none
3229,2,2,2026-07-15T12:00:00,79279.491,41.661,922.912,28655.576,27.91,98,estimated,True,2026-07-15T12:02:00,False,none
3230,2,2,2026-07-15T13:00:00,79317.092,37.601,922.912,28655.576,28.46,98,estimated,True,2026-07-15T13:02:00,False,none
3231,2,2,2026-07-15T14:00:00,79339.891,22.799,922.912,28655.576,29.75,98,estimated,True,2026-07-15T14:02:00,False,none
3232,2,2,2026-07-15T15:00:00,79369.563,29.672,922.912,28655.576,29.76,98,estimated,True,2026-07-15T15:02:00,False,none
3233,2,2,2026-07-15T16:00:00,79420.443,50.88,922.912,28655.576,28.56,98,estimated,True,2026-07-15T16:02:00,False,none
3234,2,2,2026-07-15T17:00:00,79496.138,75.695,922.912,28655.576,28.9,98,estimated,True,2026-07-15T17:02:00,False,none
3235,2,2,2026-07-15T18:00:00,79610.076,113.938,922.912,28655.576,28.13,98,estimated,True,2026-07-15T18:02:00,False,none
3236,2,2,2026-07-15T19:00:00,79700.603,90.527,922.912,28655.576,27.0,98,estimated,True,2026-07-15T19:02:00,False,none
3237,2,2,2026-07-15T20:00:00,79785.06,84.457,922.912,28655.576,25.71,98,estimated,True,2026-07-15T20:02:00,False,none
3238,2,2,2026-07-15T21:00:00,79829.353,44.293,922.912,28655.576,23.97,98,estimated,True,2026-07-15T21:02:00,False,none
3239,2,2,2026-07-15T22:00:00,79846.255,16.902,922.912,28655.576,22.86,98,estimated,True,2026-07-15T22:02:00,False,none
3240,2,2,2026-07-15T23:00:00,79852.815,6.56,922.912,28655.576,21.83,98,estimated,True,2026-07-15T23:02:00,False,none
3241,2,2,2026-07-16T00:00:00,79856.334,3.519,902.296,28655.576,20.49,98,estimated,True,2026-07-16T00:02:00,False,none
3242,2,2,2026-07-16T01:00:00,79856.334,0.0,902.296,28655.576,19.48,98,estimated,True,2026-07-16T01:02:00,False,none
3243,2,2,2026-07-16T02:00:00,79856.334,0.0,902.296,28655.576,18.66,98,estimated,True,2026-07-16T02:02:00,False,none
3244,2,2,2026-07-16T03:00:00,79856.334,0.0,902.296,28655.576,20.08,98,estimated,True,2026-07-16T03:02:00,False,none
3245,2,2,2026-07-16T04:00:00,79857.286,0.952,902.296,28655.576,18.89,98,estimated,True,2026-07-16T04:02:00,False,none
3246,2,2,2026-07-16T05:00:00,79862.837,5.551,902.296,28655.576,19.58,98,estimated,True,2026-07-16T05:02:00,False,none
3247,2,2,2026-07-16T06:00:00,79892.818,29.981,902.296,28655.576,20.51,98,estimated,True,2026-07-16T06:02:00,False,none
3248,2,2,2026-07-16T07:00:00,79957.5,64.682,902.296,28655.576,21.75,98,estimated,True,2026-07-16T07:02:00,False,none
3249,2,2,2026-07-16T08:00:00,80038.001,80.501,902.296,28655.576,21.93,98,estimated,True,2026-07-16T08:02:00,False,none
3250,2,2,2026-07-16T09:00:00,80091.039,53.038,902.296,28655.576,23.05,98,estimated,True,2026-07-16T09:02:00,False,none
3251,2,2,2026-07-16T10:00:00,80125.623,34.584,902.296,28655.576,24.9,98,estimated,True,2026-07-16T10:02:00,False,none
3252,2,2,2026-07-16T11:00:00,80161.412,35.789,902.296,28655.576,27.03,98,estimated,True,2026-07-16T11:02:00,False,none
3253,2,2,2026-07-16T12:00:00,80205.966,44.554,902.296,28655.576,27.96,98,estimated,True,2026-07-16T12:02:00,False,none
3254,2,2,2026-07-16T13:00:00,80243.23,37.264,902.296,28655.576,29.03,98,estimated,True,2026-07-16T13:02:00,False,none
3255,2,2,2026-07-16T14:00:00,80275.35,32.12,902.296,28655.576,28.49,98,estimated,True,2026-07-16T14:02:00,False,none
3256,2,2,2026-07-16T15:00:00,80304.885,29.535,902.296,28655.576,28.83,98,estimated,True,2026-07-16T15:02:00,False,none
3257,2,2,2026-07-16T16:00:00,80349.283,44.398,902.296,28655.576,28.64,98,estimated,True,2026-07-16T16:02:00,False,none
3258,2,2,2026-07-16T17:00:00,80399.776,50.493,902.296,28655.576,28.87,98,estimated,True,2026-07-16T17:02:00,False,none
3259,2,2,2026-07-16T18:00:00,80496.871,97.095,902.296,28655.576,27.54,98,estimated,True,2026-07-16T18:02:00,False,none
3260,2,2,2026-07-16T19:00:00,80602.753,105.882,902.296,28655.576,26.58,98,estimated,True,2026-07-16T19:02:00,False,none
3261,2,2,2026-07-16T20:00:00,80674.616,71.863,902.296,28655.576,25.26,98,estimated,True,2026-07-16T20:02:00,False,none
3262,2,2,2026-07-16T21:00:00,80723.24,48.624,902.296,28655.576,24.24,98,estimated,True,2026-07-16T21:02:00,False,none
3263,2,2,2026-07-16T22:00:00,80747.253,24.013,902.296,28655.576,22.55,98,estimated,True,2026-07-16T22:02:00,False,none
3264,2,2,2026-07-16T23:00:00,80755.111,7.858,902.296,28655.576,21.24,98,estimated,True,2026-07-16T23:02:00,False,none
3265,2,2,2026-07-17T00:00:00,80759.02,3.909,857.667,28655.576,19.97,98,estimated,True,2026-07-17T00:02:00,False,none
3266,2,2,2026-07-17T01:00:00,80759.02,0.0,857.667,28655.576,18.1,98,estimated,True,2026-07-17T01:02:00,False,none
3267,2,2,2026-07-17T02:00:00,80759.59,0.57,857.667,28655.576,18.69,98,estimated,True,2026-07-17T02:02:00,False,none
3268,2,2,2026-07-17T03:00:00,80759.59,0.0,857.667,28655.576,18.84,98,estimated,True,2026-07-17T03:02:00,False,none
3269,2,2,2026-07-17T04:00:00,80759.59,0.0,857.667,28655.576,17.97,98,estimated,True,2026-07-17T04:02:00,False,none
3270,2,2,2026-07-17T05:00:00,80765.836,6.246,857.667,28655.576,19.67,98,estimated,True,2026-07-17T05:02:00,False,none
3271,2,2,2026-07-17T06:00:00,80799.392,33.556,857.667,28655.576,19.83,98,estimated,True,2026-07-17T06:02:00,False,none
3272,2,2,2026-07-17T07:00:00,80850.368,50.976,857.667,28655.576,21.07,98,estimated,True,2026-07-17T07:02:00,False,none
3273,2,2,2026-07-17T08:00:00,80924.715,74.347,857.667,28655.576,22.89,98,estimated,True,2026-07-17T08:02:00,False,none
3274,2,2,2026-07-17T09:00:00,80973.132,48.417,857.667,28655.576,23.38,98,estimated,True,2026-07-17T09:02:00,False,none
3275,2,2,2026-07-17T10:00:00,81006.818,33.686,857.667,28655.576,25.12,98,estimated,True,2026-07-17T10:02:00,False,none
3276,2,2,2026-07-17T11:00:00,81040.321,33.503,857.667,28655.576,26.44,98,estimated,True,2026-07-17T11:02:00,False,none
3277,2,2,2026-07-17T12:00:00,81085.773,45.452,857.667,28655.576,26.96,98,estimated,True,2026-07-17T12:02:00,False,none
3278,2,2,2026-07-17T13:00:00,81124.053,38.28,857.667,28655.576,28.81,98,estimated,True,2026-07-17T13:02:00,False,none
3279,2,2,2026-07-17T14:00:00,81154.142,30.089,857.667,28655.576,28.98,98,estimated,True,2026-07-17T14:02:00,False,none
3280,2,2,2026-07-17T15:00:00,81185.84,31.698,857.667,28655.576,28.53,98,estimated,True,2026-07-17T15:02:00,False,none
3281,2,2,2026-07-17T16:00:00,81233.565,47.725,857.667,28655.576,28.48,98,estimated,True,2026-07-17T16:02:00,False,none
3282,2,2,2026-07-17T17:00:00,81301.807,68.242,857.667,28655.576,28.6,98,estimated,True,2026-07-17T17:02:00,False,none
3283,2,2,2026-07-17T18:00:00,81381.967,80.16,857.667,28655.576,27.73,98,estimated,True,2026-07-17T18:02:00,False,none
3284,2,2,2026-07-17T19:00:00,81464.655,82.688,857.667,28655.576,26.06,98,estimated,True,2026-07-17T19:02:00,False,none
3285,2,2,2026-07-17T20:00:00,81534.98,70.325,857.667,28655.576,25.14,98,estimated,True,2026-07-17T20:02:00,False,none
3286,2,2,2026-07-17T21:00:00,81577.663,42.683,857.667,28655.576,24.01,98,estimated,True,2026-07-17T21:02:00,False,none
3287,2,2,2026-07-17T22:00:00,81602.139,24.476,857.667,28655.576,22.44,98,estimated,True,2026-07-17T22:02:00,False,none
3288,2,2,2026-07-17T23:00:00,81612.778,10.639,857.667,28655.576,20.39,98,estimated,True,2026-07-17T23:02:00,False,none
3289,2,2,2026-07-18T00:00:00,81614.877,2.099,1262.236,28655.576,19.79,98,estimated,True,2026-07-18T00:02:00,False,none
3290,2,2,2026-07-18T01:00:00,81614.877,0.0,1262.236,28655.576,19.18,98,estimated,True,2026-07-18T01:02:00,False,none
3291,2,2,2026-07-18T02:00:00,81614.877,0.0,1262.236,28655.576,19.45,98,estimated,True,2026-07-18T02:02:00,False,none
3292,2,2,2026-07-18T03:00:00,81614.877,0.0,1262.236,28655.576,18.62,98,estimated,True,2026-07-18T03:02:00,False,none
3293,2,2,2026-07-18T04:00:00,81614.877,0.0,1262.236,28655.576,19.24,98,estimated,True,2026-07-18T04:02:00,False,none
3294,2,2,2026-07-18T05:00:00,81621.562,6.685,1262.236,28655.576,19.44,98,estimated,True,2026-07-18T05:02:00,False,none
3295,2,2,2026-07-18T06:00:00,81663.243,41.681,1262.236,28655.576,19.21,98,estimated,True,2026-07-18T06:02:00,False,none
3296,2,2,2026-07-18T07:00:00,81768.458,105.215,1262.236,28655.576,21.06,98,estimated,True,2026-07-18T07:02:00,False,none
3297,2,2,2026-07-18T08:00:00,81891.259,122.801,1262.236,28655.576,21.64,98,estimated,True,2026-07-18T08:02:00,False,none
3298,2,2,2026-07-18T09:00:00,81955.169,63.91,1262.236,28655.576,24.39,98,estimated,True,2026-07-18T09:02:00,False,none
3299,2,2,2026-07-18T10:00:00,81997.619,42.45,1262.236,28655.576,24.22,98,estimated,True,2026-07-18T10:02:00,False,none
3300,2,2,2026-07-18T11:00:00,82053.21,55.591,1262.236,28655.576,25.95,98,estimated,True,2026-07-18T11:02:00,False,none
3301,2,2,2026-07-18T12:00:00,82124.867,71.657,1262.236,28655.576,26.74,98,estimated,True,2026-07-18T12:02:00,False,none
3302,2,2,2026-07-18T13:00:00,82164.143,39.276,1262.236,28655.576,27.33,98,estimated,True,2026-07-18T13:02:00,False,none
3303,2,2,2026-07-18T14:00:00,82192.654,28.511,1262.236,28655.576,28.72,98,estimated,True,2026-07-18T14:02:00,False,none
3304,2,2,2026-07-18T15:00:00,82251.524,58.87,1262.236,28655.576,28.36,98,estimated,True,2026-07-18T15:02:00,False,none
3305,2,2,2026-07-18T16:00:00,82302.001,50.477,1262.236,28655.576,28.27,98,estimated,True,2026-07-18T16:02:00,False,none
3306,2,2,2026-07-18T17:00:00,82386.17,84.169,1262.236,28655.576,27.75,98,estimated,True,2026-07-18T17:02:00,False,none
3307,2,2,2026-07-18T18:00:00,82513.215,127.045,1262.236,28655.576,27.04,98,estimated,True,2026-07-18T18:02:00,False,none
3308,2,2,2026-07-18T19:00:00,82656.329,143.114,1262.236,28655.576,25.53,98,estimated,True,2026-07-18T19:02:00,False,none
3309,2,2,2026-07-18T20:00:00,82761.461,105.132,1262.236,28655.576,24.84,98,estimated,True,2026-07-18T20:02:00,False,none
3310,2,2,2026-07-18T21:00:00,82834.447,72.986,1262.236,28655.576,23.19,98,estimated,True,2026-07-18T21:02:00,False,none
3311,2,2,2026-07-18T22:00:00,82865.191,30.744,1262.236,28655.576,22.05,98,estimated,True,2026-07-18T22:02:00,False,none
3312,2,2,2026-07-18T23:00:00,82875.014,9.823,1262.236,28655.576,20.57,98,estimated,True,2026-07-18T23:02:00,False,none
3313,2,2,2026-07-19T00:00:00,82878.378,3.364,1235.289,28655.576,19.91,98,estimated,True,2026-07-19T00:02:00,False,none
3314,2,2,2026-07-19T01:00:00,82878.378,0.0,1235.289,28655.576,18.5,98,estimated,True,2026-07-19T01:02:00,False,none
3315,2,2,2026-07-19T02:00:00,82880.224,1.846,1235.289,28655.576,18.46,98,estimated,True,2026-07-19T02:02:00,False,none
3316,2,2,2026-07-19T03:00:00,82880.224,0.0,1235.289,28655.576,17.4,98,estimated,True,2026-07-19T03:02:00,False,none
3317,2,2,2026-07-19T04:00:00,82880.224,0.0,1235.289,28655.576,18.81,98,estimated,True,2026-07-19T04:02:00,False,none
3318,2,2,2026-07-19T05:00:00,82889.287,9.063,1235.289,28655.576,19.13,98,estimated,True,2026-07-19T05:02:00,False,none
3319,2,2,2026-07-19T06:00:00,82933.383,44.096,1235.289,28655.576,19.6,98,estimated,True,2026-07-19T06:02:00,False,none
3320,2,2,2026-07-19T07:00:00,83048.911,115.528,1235.289,28655.576,20.43,98,estimated,True,2026-07-19T07:02:00,False,none
3321,2,2,2026-07-19T08:00:00,83156.921,108.01,1235.289,28655.576,22.67,98,estimated,True,2026-07-19T08:02:00,False,none
3322,2,2,2026-07-19T09:00:00,83234.786,77.865,1235.289,28655.576,23.32,98,estimated,True,2026-07-19T09:02:00,False,none
3323,2,2,2026-07-19T10:00:00,83275.899,41.113,1235.289,28655.576,24.4,98,estimated,True,2026-07-19T10:02:00,False,none
3324,2,2,2026-07-19T11:00:00,83328.478,52.579,1235.289,28655.576,26.02,98,estimated,True,2026-07-19T11:02:00,False,none
3325,2,2,2026-07-19T12:00:00,83382.863,54.385,1235.289,28655.576,26.78,98,estimated,True,2026-07-19T12:02:00,False,none
3326,2,2,2026-07-19T13:00:00,83433.388,50.525,1235.289,28655.576,26.81,98,estimated,True,2026-07-19T13:02:00,False,none
3327,2,2,2026-07-19T14:00:00,83471.28,37.892,1235.289,28655.576,28.36,98,estimated,True,2026-07-19T14:02:00,False,none
3328,2,2,2026-07-19T15:00:00,83510.788,39.508,1235.289,28655.576,28.74,98,estimated,True,2026-07-19T15:02:00,False,none
3329,2,2,2026-07-19T16:00:00,83567.874,57.086,1235.289,28655.576,27.58,98,estimated,True,2026-07-19T16:02:00,False,none
3330,2,2,2026-07-19T17:00:00,83659.883,92.009,1235.289,28655.576,27.47,98,estimated,True,2026-07-19T17:02:00,False,none
3331,2,2,2026-07-19T18:00:00,83795.152,135.269,1235.289,28655.576,26.39,98,estimated,True,2026-07-19T18:02:00,False,none
3332,2,2,2026-07-19T19:00:00,83914.696,119.544,1235.289,28655.576,26.46,98,estimated,True,2026-07-19T19:02:00,False,none
3333,2,2,2026-07-19T20:00:00,83999.135,84.439,1235.289,28655.576,24.96,98,estimated,True,2026-07-19T20:02:00,False,none
3334,2,2,2026-07-19T21:00:00,84070.307,71.172,1235.289,28655.576,23.6,98,estimated,True,2026-07-19T21:02:00,False,none
3335,2,2,2026-07-19T22:00:00,84100.005,29.698,1235.289,28655.576,22.22,98,estimated,True,2026-07-19T22:02:00,False,none
3336,2,2,2026-07-19T23:00:00,84110.303,10.298,1235.289,28655.576,19.49,98,estimated,True,2026-07-19T23:02:00,False,none
3337,2,2,2026-07-20T00:00:00,84112.347,2.044,895.971,28655.576,19.11,98,estimated,True,2026-07-20T00:02:00,False,none
3338,2,2,2026-07-20T01:00:00,84112.347,0.0,895.971,28655.576,18.62,98,estimated,True,2026-07-20T01:02:00,False,none
3339,2,2,2026-07-20T02:00:00,84112.347,0.0,895.971,28655.576,18.48,98,estimated,True,2026-07-20T02:02:00,False,none
3340,2,2,2026-07-20T03:00:00,84112.347,0.0,895.971,28655.576,17.63,98,estimated,True,2026-07-20T03:02:00,False,none
3341,2,2,2026-07-20T04:00:00,84112.347,0.0,895.971,28655.576,18.01,98,estimated,True,2026-07-20T04:02:00,False,none
3342,2,2,2026-07-20T05:00:00,84119.149,6.802,895.971,28655.576,18.98,98,estimated,True,2026-07-20T05:02:00,False,none
3343,2,2,2026-07-20T06:00:00,84146.614,27.465,895.971,28655.576,18.94,98,estimated,True,2026-07-20T06:02:00,False,none
3344,2,2,2026-07-20T07:00:00,84208.297,61.683,895.971,28655.576,20.22,98,estimated,True,2026-07-20T07:02:00,False,none
3345,2,2,2026-07-20T08:00:00,84271.121,62.824,895.971,28655.576,21.69,98,estimated,True,2026-07-20T08:02:00,False,none
3346,2,2,2026-07-20T09:00:00,84331.397,60.276,895.971,28655.576,22.45,98,estimated,True,2026-07-20T09:02:00,False,none
3347,2,2,2026-07-20T10:00:00,84370.377,38.98,895.971,28655.576,23.82,98,estimated,True,2026-07-20T10:02:00,False,none
3348,2,2,2026-07-20T11:00:00,84401.357,30.98,895.971,28655.576,25.54,98,estimated,True,2026-07-20T11:02:00,False,none
3349,2,2,2026-07-20T12:00:00,84446.559,45.202,895.971,28655.576,26.69,98,estimated,True,2026-07-20T12:02:00,False,none
3350,2,2,2026-07-20T13:00:00,84485.179,38.62,895.971,28655.576,27.05,98,estimated,True,2026-07-20T13:02:00,False,none
3351,2,2,2026-07-20T14:00:00,84517.022,31.843,895.971,28655.576,27.92,98,estimated,True,2026-07-20T14:02:00,False,none
3352,2,2,2026-07-20T15:00:00,84551.183,34.161,895.971,28655.576,28.37,98,estimated,True,2026-07-20T15:02:00,False,none
3353,2,2,2026-07-20T16:00:00,84592.115,40.932,895.971,28655.576,27.18,98,estimated,True,2026-07-20T16:02:00,False,none
3354,2,2,2026-07-20T17:00:00,84662.95,70.835,895.971,28655.576,28.4,98,estimated,True,2026-07-20T17:02:00,False,none
3355,2,2,2026-07-20T18:00:00,84768.07,105.12,895.971,28655.576,27.38,98,estimated,True,2026-07-20T18:02:00,False,none
3356,2,2,2026-07-20T19:00:00,84861.792,93.722,895.971,28655.576,25.49,98,estimated,True,2026-07-20T19:02:00,False,none
3357,2,2,2026-07-20T20:00:00,84919.957,58.165,895.971,28655.576,24.18,98,estimated,True,2026-07-20T20:02:00,False,none
3358,2,2,2026-07-20T21:00:00,84974.99,55.033,895.971,28655.576,22.9,98,estimated,True,2026-07-20T21:02:00,False,none
3359,2,2,2026-07-20T22:00:00,84998.72,23.73,895.971,28655.576,21.36,98,estimated,True,2026-07-20T22:02:00,False,none
3360,2,2,2026-07-20T23:00:00,85006.274,7.554,895.971,28655.576,20.74,98,estimated,True,2026-07-20T23:02:00,False,none
3361,2,2,2026-07-21T00:00:00,85008.286,2.012,907.559,28655.576,18.92,98,estimated,True,2026-07-21T00:02:00,False,none
3362,2,2,2026-07-21T01:00:00,85008.286,0.0,907.559,28655.576,17.97,98,estimated,True,2026-07-21T01:02:00,False,none
3363,2,2,2026-07-21T02:00:00,85008.286,0.0,907.559,28655.576,18.15,98,estimated,True,2026-07-21T02:02:00,False,none
3364,2,2,2026-07-21T03:00:00,85008.286,0.0,907.559,28655.576,17.43,98,estimated,True,2026-07-21T03:02:00,False,none
3365,2,2,2026-07-21T04:00:00,85008.286,0.0,907.559,28655.576,17.45,98,estimated,True,2026-07-21T04:02:00,False,none
3366,2,2,2026-07-21T05:00:00,85015.494,7.208,907.559,28655.576,17.83,98,estimated,True,2026-07-21T05:02:00,False,none
3367,2,2,2026-07-21T06:00:00,85049.062,33.568,907.559,28655.576,18.79,98,estimated,True,2026-07-21T06:02:00,False,none
3368,2,2,2026-07-21T07:00:00,85112.379,63.317,907.559,28655.576,20.56,98,estimated,True,2026-07-21T07:02:00,False,none
3369,2,2,2026-07-21T08:00:00,85201.867,89.488,907.559,28655.576,21.75,98,estimated,True,2026-07-21T08:02:00,False,none
3370,2,2,2026-07-21T09:00:00,85249.88,48.013,907.559,28655.576,23.32,98,estimated,True,2026-07-21T09:02:00,False,none
3371,2,2,2026-07-21T10:00:00,85281.741,31.861,907.559,28655.576,23.41,98,estimated,True,2026-07-21T10:02:00,False,none
3372,2,2,2026-07-21T11:00:00,85321.589,39.848,907.559,28655.576,25.22,98,estimated,True,2026-07-21T11:02:00,False,none
3373,2,2,2026-07-21T12:00:00,85356.46,34.871,907.559,28655.576,26.01,98,estimated,True,2026-07-21T12:02:00,False,none
3374,2,2,2026-07-21T13:00:00,85402.947,46.487,907.559,28655.576,27.15,98,estimated,True,2026-07-21T13:02:00,False,none
3375,2,2,2026-07-21T14:00:00,85434.28,31.333,907.559,28655.576,27.65,98,estimated,True,2026-07-21T14:02:00,False,none
3376,2,2,2026-07-21T15:00:00,85468.065,33.785,907.559,28655.576,27.86,98,estimated,True,2026-07-21T15:02:00,False,none
3377,2,2,2026-07-21T16:00:00,85514.1,46.035,907.559,28655.576,27.83,98,estimated,True,2026-07-21T16:02:00,False,none
3378,2,2,2026-07-21T17:00:00,85571.29,57.19,907.559,28655.576,26.84,98,estimated,True,2026-07-21T17:02:00,False,none
3379,2,2,2026-07-21T18:00:00,85662.344,91.054,907.559,28655.576,26.07,98,estimated,True,2026-07-21T18:02:00,False,none
3380,2,2,2026-07-21T19:00:00,85756.206,93.862,907.559,28655.576,25.01,98,estimated,True,2026-07-21T19:02:00,False,none
3381,2,2,2026-07-21T20:00:00,85837.044,80.838,907.559,28655.576,24.1,98,estimated,True,2026-07-21T20:02:00,False,none
3382,2,2,2026-07-21T21:00:00,85885.545,48.501,907.559,28655.576,23.15,98,estimated,True,2026-07-21T21:02:00,False,none
3383,2,2,2026-07-21T22:00:00,85907.221,21.676,907.559,28655.576,20.81,98,estimated,True,2026-07-21T22:02:00,False,none
3384,2,2,2026-07-21T23:00:00,85913.833,6.612,907.559,28655.576,20.15,98,estimated,True,2026-07-21T23:02:00,False,none
3385,2,2,2026-07-22T00:00:00,85916.773,2.94,900.228,28655.576,19.39,98,estimated,True,2026-07-22T00:02:00,False,none
3386,2,2,2026-07-22T01:00:00,85916.773,0.0,900.228,28655.576,18.2,98,estimated,True,2026-07-22T01:02:00,False,none
3387,2,2,2026-07-22T02:00:00,85916.773,0.0,900.228,28655.576,17.87,98,estimated,True,2026-07-22T02:02:00,False,none
3388,2,2,2026-07-22T03:00:00,85917.898,1.125,900.228,28655.576,17.22,98,estimated,True,2026-07-22T03:02:00,False,none
3389,2,2,2026-07-22T04:00:00,85917.898,0.0,900.228,28655.576,17.81,98,estimated,True,2026-07-22T04:02:00,False,none
3390,2,2,2026-07-22T05:00:00,85923.629,5.731,900.228,28655.576,18.46,98,estimated,True,2026-07-22T05:02:00,False,none
3391,2,2,2026-07-22T06:00:00,85956.214,32.585,900.228,28655.576,18.75,98,estimated,True,2026-07-22T06:02:00,False,none
3392,2,2,2026-07-22T07:00:00,86009.698,53.484,900.228,28655.576,20.79,98,estimated,True,2026-07-22T07:02:00,False,none
3393,2,2,2026-07-22T08:00:00,86082.701,73.003,900.228,28655.576,21.39,98,estimated,True,2026-07-22T08:02:00,False,none
3394,2,2,2026-07-22T09:00:00,86132.066,49.365,900.228,28655.576,22.37,98,estimated,True,2026-07-22T09:02:00,False,none
3395,2,2,2026-07-22T10:00:00,86165.942,33.876,900.228,28655.576,23.5,98,estimated,True,2026-07-22T10:02:00,False,none
3396,2,2,2026-07-22T11:00:00,86210.401,44.459,900.228,28655.576,24.42,98,estimated,True,2026-07-22T11:02:00,False,none
3397,2,2,2026-07-22T12:00:00,86258.555,48.154,900.228,28655.576,25.19,98,estimated,True,2026-07-22T12:02:00,False,none
3398,2,2,2026-07-22T13:00:00,86290.497,31.942,900.228,28655.576,26.57,98,estimated,True,2026-07-22T13:02:00,False,none
3399,2,2,2026-07-22T14:00:00,86314.07,23.573,900.228,28655.576,27.28,98,estimated,True,2026-07-22T14:02:00,False,none
3400,2,2,2026-07-22T15:00:00,86340.57,26.5,900.228,28655.576,27.39,98,estimated,True,2026-07-22T15:02:00,False,none
3401,2,2,2026-07-22T16:00:00,86379.313,38.743,900.228,28655.576,27.39,98,estimated,True,2026-07-22T16:02:00,False,none
3402,2,2,2026-07-22T17:00:00,86444.36,65.047,900.228,28655.576,26.52,98,estimated,True,2026-07-22T17:02:00,False,none
3403,2,2,2026-07-22T18:00:00,86531.374,87.014,900.228,28655.576,25.6,98,estimated,True,2026-07-22T18:02:00,False,none
3404,2,2,2026-07-22T19:00:00,86628.672,97.298,900.228,28655.576,24.27,98,estimated,True,2026-07-22T19:02:00,False,none
3405,2,2,2026-07-22T20:00:00,86726.787,98.115,900.228,28655.576,24.37,98,estimated,True,2026-07-22T20:02:00,False,none
3406,2,2,2026-07-22T21:00:00,86779.384,52.597,900.228,28655.576,22.41,98,estimated,True,2026-07-22T21:02:00,False,none
3407,2,2,2026-07-22T22:00:00,86806.074,26.69,900.228,28655.576,20.37,98,estimated,True,2026-07-22T22:02:00,False,none
3408,2,2,2026-07-22T23:00:00,86814.061,7.987,900.228,28655.576,20.18,98,estimated,True,2026-07-22T23:02:00,False,none
3409,2,2,2026-07-23T00:00:00,86816.684,2.623,888.877,28655.576,19.08,98,estimated,True,2026-07-23T00:02:00,False,none
3410,2,2,2026-07-23T01:00:00,86816.684,0.0,888.877,28655.576,17.61,98,estimated,True,2026-07-23T01:02:00,False,none
3411,2,2,2026-07-23T02:00:00,86816.684,0.0,888.877,28655.576,16.88,98,estimated,True,2026-07-23T02:02:00,False,none
3412,2,2,2026-07-23T03:00:00,86817.857,1.173,888.877,28655.576,16.76,98,estimated,True,2026-07-23T03:02:00,False,none
3413,2,2,2026-07-23T04:00:00,86819.418,1.561,888.877,28655.576,16.96,98,estimated,True,2026-07-23T04:02:00,False,none
3414,2,2,2026-07-23T05:00:00,86823.993,4.575,888.877,28655.576,17.55,98,estimated,True,2026-07-23T05:02:00,False,none
3415,2,2,2026-07-23T06:00:00,86854.966,30.973,888.877,28655.576,18.34,98,estimated,True,2026-07-23T06:02:00,False,none
3416,2,2,2026-07-23T07:00:00,86913.428,58.462,888.877,28655.576,19.15,98,estimated,True,2026-07-23T07:02:00,False,none
3417,2,2,2026-07-23T08:00:00,86986.933,73.505,888.877,28655.576,21.67,98,estimated,True,2026-07-23T08:02:00,False,none
3418,2,2,2026-07-23T09:00:00,87035.569,48.636,888.877,28655.576,21.99,98,estimated,True,2026-07-23T09:02:00,False,none
3419,2,2,2026-07-23T10:00:00,87072.017,36.448,888.877,28655.576,23.25,98,estimated,True,2026-07-23T10:02:00,False,none
3420,2,2,2026-07-23T11:00:00,87110.136,38.119,888.877,28655.576,25.0,98,estimated,True,2026-07-23T11:02:00,False,none
3421,2,2,2026-07-23T12:00:00,87162.277,52.141,888.877,28655.576,25.16,98,estimated,True,2026-07-23T12:02:00,False,none
3422,2,2,2026-07-23T13:00:00,87207.016,44.739,888.877,28655.576,26.41,98,estimated,True,2026-07-23T13:02:00,False,none
3423,2,2,2026-07-23T14:00:00,87235.973,28.957,888.877,28655.576,26.05,98,estimated,True,2026-07-23T14:02:00,False,none
3424,2,2,2026-07-23T15:00:00,87266.873,30.9,888.877,28655.576,27.89,98,estimated,True,2026-07-23T15:02:00,False,none
3425,2,2,2026-07-23T16:00:00,87311.53,44.657,888.877,28655.576,26.86,98,estimated,True,2026-07-23T16:02:00,False,none
3426,2,2,2026-07-23T17:00:00,87371.661,60.131,888.877,28655.576,26.23,98,estimated,True,2026-07-23T17:02:00,False,none
3427,2,2,2026-07-23T18:00:00,87452.687,81.026,888.877,28655.576,25.52,98,estimated,True,2026-07-23T18:02:00,False,none
3428,2,2,2026-07-23T19:00:00,87548.142,95.455,888.877,28655.576,25.11,98,estimated,True,2026-07-23T19:02:00,False,none
3429,2,2,2026-07-23T20:00:00,87628.763,80.621,888.877,28655.576,23.52,98,estimated,True,2026-07-23T20:02:00,False,none
3430,2,2,2026-07-23T21:00:00,87672.35,43.587,888.877,28655.576,22.02,98,estimated,True,2026-07-23T21:02:00,False,none
3431,2,2,2026-07-23T22:00:00,87694.967,22.617,888.877,28655.576,20.59,98,estimated,True,2026-07-23T22:02:00,False,none
3432,2,2,2026-07-23T23:00:00,87702.938,7.971,888.877,28655.576,19.2,98,estimated,True,2026-07-23T23:02:00,False,none
3433,2,2,2026-07-24T00:00:00,87707.464,4.526,854.05,28655.576,18.14,98,estimated,True,2026-07-24T00:02:00,False,none
3434,2,2,2026-07-24T01:00:00,87707.464,0.0,854.05,28655.576,16.44,98,estimated,True,2026-07-24T01:02:00,False,none
3435,2,2,2026-07-24T02:00:00,87707.464,0.0,854.05,28655.576,17.09,98,estimated,True,2026-07-24T02:02:00,False,none
3436,2,2,2026-07-24T03:00:00,87707.464,0.0,854.05,28655.576,17.18,98,estimated,True,2026-07-24T03:02:00,False,none
3437,2,2,2026-07-24T04:00:00,87707.464,0.0,854.05,28655.576,16.7,98,estimated,True,2026-07-24T04:02:00,False,none
3438,2,2,2026-07-24T05:00:00,87712.718,5.254,854.05,28655.576,17.23,98,estimated,True,2026-07-24T05:02:00,False,none
3439,2,2,2026-07-24T06:00:00,87752.783,40.065,854.05,28655.576,19.04,98,estimated,True,2026-07-24T06:02:00,False,none
3440,2,2,2026-07-24T07:00:00,87816.837,64.054,854.05,28655.576,19.47,98,estimated,True,2026-07-24T07:02:00,False,none
3441,2,2,2026-07-24T08:00:00,87903.416,86.579,854.05,28655.576,20.12,98,estimated,True,2026-07-24T08:02:00,False,none
3442,2,2,2026-07-24T09:00:00,87952.784,49.368,854.05,28655.576,22.59,98,estimated,True,2026-07-24T09:02:00,False,none
3443,2,2,2026-07-24T10:00:00,87989.43,36.646,854.05,28655.576,22.22,98,estimated,True,2026-07-24T10:02:00,False,none
3444,2,2,2026-07-24T11:00:00,88021.471,32.041,854.05,28655.576,24.77,98,estimated,True,2026-07-24T11:02:00,False,none
3445,2,2,2026-07-24T12:00:00,88069.145,47.674,854.05,28655.576,25.49,98,estimated,True,2026-07-24T12:02:00,False,none
3446,2,2,2026-07-24T13:00:00,88102.523,33.378,854.05,28655.576,26.18,98,estimated,True,2026-07-24T13:02:00,False,none
3447,2,2,2026-07-24T14:00:00,88130.023,27.5,854.05,28655.576,27.12,98,estimated,True,2026-07-24T14:02:00,False,none
3448,2,2,2026-07-24T15:00:00,88153.604,23.581,854.05,28655.576,26.29,98,estimated,True,2026-07-24T15:02:00,False,none
3449,2,2,2026-07-24T16:00:00,88200.242,46.638,854.05,28655.576,27.21,98,estimated,True,2026-07-24T16:02:00,False,none
3450,2,2,2026-07-24T17:00:00,88259.436,59.194,854.05,28655.576,26.25,98,estimated,True,2026-07-24T17:02:00,False,none
3451,2,2,2026-07-24T18:00:00,88335.748,76.312,854.05,28655.576,25.2,98,estimated,True,2026-07-24T18:02:00,False,none
3452,2,2,2026-07-24T19:00:00,88403.187,67.439,854.05,28655.576,24.21,98,estimated,True,2026-07-24T19:02:00,False,none
3453,2,2,2026-07-24T20:00:00,88473.936,70.749,854.05,28655.576,22.88,98,estimated,True,2026-07-24T20:02:00,False,none
3454,2,2,2026-07-24T21:00:00,88521.757,47.821,854.05,28655.576,22.12,98,estimated,True,2026-07-24T21:02:00,False,none
3455,2,2,2026-07-24T22:00:00,88548.03,26.273,854.05,28655.576,20.9,98,estimated,True,2026-07-24T22:02:00,False,none
3456,2,2,2026-07-24T23:00:00,88556.988,8.958,854.05,28655.576,19.8,98,estimated,True,2026-07-24T23:02:00,False,none
3457,2,2,2026-07-25T00:00:00,88559.923,2.935,1159.561,28655.576,18.12,98,estimated,True,2026-07-25T00:02:00,False,none
3458,2,2,2026-07-25T01:00:00,88559.923,0.0,1159.561,28655.576,17.61,98,estimated,True,2026-07-25T01:02:00,False,none
3459,2,2,2026-07-25T02:00:00,88559.923,0.0,1159.561,28655.576,16.9,98,estimated,True,2026-07-25T02:02:00,False,none
3460,2,2,2026-07-25T03:00:00,88559.923,0.0,1159.561,28655.576,16.04,98,estimated,True,2026-07-25T03:02:00,False,none
3461,2,2,2026-07-25T04:00:00,88559.923,0.0,1159.561,28655.576,16.82,98,estimated,True,2026-07-25T04:02:00,False,none
3462,2,2,2026-07-25T05:00:00,88567.171,7.248,1159.561,28655.576,16.97,98,estimated,True,2026-07-25T05:02:00,False,none
3463,2,2,2026-07-25T06:00:00,88602.541,35.37,1159.561,28655.576,17.5,98,estimated,True,2026-07-25T06:02:00,False,none
3464,2,2,2026-07-25T07:00:00,88701.15,98.609,1159.561,28655.576,19.54,98,estimated,True,2026-07-25T07:02:00,False,none
3465,2,2,2026-07-25T08:00:00,88786.73,85.58,1159.561,28655.576,20.5,98,estimated,True,2026-07-25T08:02:00,False,none
3466,2,2,2026-07-25T09:00:00,88843.834,57.104,1159.561,28655.576,21.51,98,estimated,True,2026-07-25T09:02:00,False,none
3467,2,2,2026-07-25T10:00:00,88885.338,41.504,1159.561,28655.576,23.41,98,estimated,True,2026-07-25T10:02:00,False,none
3468,2,2,2026-07-25T11:00:00,88937.592,52.254,1159.561,28655.576,23.71,98,estimated,True,2026-07-25T11:02:00,False,none
3469,2,2,2026-07-25T12:00:00,89007.694,70.102,1159.561,28655.576,24.93,98,estimated,True,2026-07-25T12:02:00,False,none
3470,2,2,2026-07-25T13:00:00,89047.925,40.231,1159.561,28655.576,25.69,98,estimated,True,2026-07-25T13:02:00,False,none
3471,2,2,2026-07-25T14:00:00,89084.979,37.054,1159.561,28655.576,25.62,98,estimated,True,2026-07-25T14:02:00,False,none
3472,2,2,2026-07-25T15:00:00,89119.16,34.181,1159.561,28655.576,26.42,98,estimated,True,2026-07-25T15:02:00,False,none
3473,2,2,2026-07-25T16:00:00,89180.559,61.399,1159.561,28655.576,26.95,98,estimated,True,2026-07-25T16:02:00,False,none
3474,2,2,2026-07-25T17:00:00,89275.776,95.217,1159.561,28655.576,25.97,98,estimated,True,2026-07-25T17:02:00,False,none
3475,2,2,2026-07-25T18:00:00,89379.686,103.91,1159.561,28655.576,25.45,98,estimated,True,2026-07-25T18:02:00,False,none
3476,2,2,2026-07-25T19:00:00,89510.381,130.695,1159.561,28655.576,23.73,98,estimated,True,2026-07-25T19:02:00,False,none
3477,2,2,2026-07-25T20:00:00,89609.049,98.668,1159.561,28655.576,23.1,98,estimated,True,2026-07-25T20:02:00,False,none
3478,2,2,2026-07-25T21:00:00,89676.887,67.838,1159.561,28655.576,21.31,98,estimated,True,2026-07-25T21:02:00,False,none
3479,2,2,2026-07-25T22:00:00,89706.276,29.389,1159.561,28655.576,20.05,98,estimated,True,2026-07-25T22:02:00,False,none
3480,2,2,2026-07-25T23:00:00,89716.549,10.273,1159.561,28655.576,19.73,98,estimated,True,2026-07-25T23:02:00,False,none
3481,2,2,2026-07-26T00:00:00,89719.426,2.877,1152.326,28655.576,17.26,98,estimated,True,2026-07-26T00:02:00,False,none
3482,2,2,2026-07-26T01:00:00,89721.117,1.691,1152.326,28655.576,17.5,98,estimated,True,2026-07-26T01:02:00,False,none
3483,2,2,2026-07-26T02:00:00,89721.117,0.0,1152.326,28655.576,16.17,98,estimated,True,2026-07-26T02:02:00,False,none
3484,2,2,2026-07-26T03:00:00,89721.117,0.0,1152.326,28655.576,16.55,98,estimated,True,2026-07-26T03:02:00,False,none
3485,2,2,2026-07-26T04:00:00,89722.332,1.215,1152.326,28655.576,16.58,98,estimated,True,2026-07-26T04:02:00,False,none
3486,2,2,2026-07-26T05:00:00,89726.478,4.146,1152.326,28655.576,17.19,98,estimated,True,2026-07-26T05:02:00,False,none
3487,2,2,2026-07-26T06:00:00,89765.466,38.988,1152.326,28655.576,17.57,98,estimated,True,2026-07-26T06:02:00,False,none
3488,2,2,2026-07-26T07:00:00,89843.158,77.692,1152.326,28655.576,19.53,98,estimated,True,2026-07-26T07:02:00,False,none
3489,2,2,2026-07-26T08:00:00,89970.364,127.206,1152.326,28655.576,20.2,98,estimated,True,2026-07-26T08:02:00,False,none
3490,2,2,2026-07-26T09:00:00,90040.474,70.11,1152.326,28655.576,20.9,98,estimated,True,2026-07-26T09:02:00,False,none
3491,2,2,2026-07-26T10:00:00,90082.401,41.927,1152.326,28655.576,22.4,98,estimated,True,2026-07-26T10:02:00,False,none
3492,2,2,2026-07-26T11:00:00,90129.897,47.496,1152.326,28655.576,23.61,98,estimated,True,2026-07-26T11:02:00,False,none
3493,2,2,2026-07-26T12:00:00,90195.499,65.602,1152.326,28655.576,26.05,98,estimated,True,2026-07-26T12:02:00,False,none
3494,2,2,2026-07-26T13:00:00,90246.907,51.408,1152.326,28655.576,26.2,98,estimated,True,2026-07-26T13:02:00,False,none
3495,2,2,2026-07-26T14:00:00,90285.861,38.954,1152.326,28655.576,25.62,98,estimated,True,2026-07-26T14:02:00,False,none
3496,2,2,2026-07-26T15:00:00,90323.214,37.353,1152.326,28655.576,26.86,98,estimated,True,2026-07-26T15:02:00,False,none
3497,2,2,2026-07-26T16:00:00,90384.491,61.277,1152.326,28655.576,26.64,98,estimated,True,2026-07-26T16:02:00,False,none
3498,2,2,2026-07-26T17:00:00,90462.988,78.497,1152.326,28655.576,26.5,98,estimated,True,2026-07-26T17:02:00,False,none
3499,2,2,2026-07-26T18:00:00,90573.279,110.291,1152.326,28655.576,24.53,98,estimated,True,2026-07-26T18:02:00,False,none
3500,2,2,2026-07-26T19:00:00,90666.18,92.901,1152.326,28655.576,24.5,98,estimated,True,2026-07-26T19:02:00,False,none
3501,2,2,2026-07-26T20:00:00,90763.916,97.736,1152.326,28655.576,21.9,98,estimated,True,2026-07-26T20:02:00,False,none
3502,2,2,2026-07-26T21:00:00,90827.2,63.284,1152.326,28655.576,21.25,98,estimated,True,2026-07-26T21:02:00,False,none
3503,2,2,2026-07-26T22:00:00,90854.98,27.78,1152.326,28655.576,20.51,98,estimated,True,2026-07-26T22:02:00,False,none
3504,2,2,2026-07-26T23:00:00,90868.875,13.895,1152.326,28655.576,18.18,98,estimated,True,2026-07-26T23:02:00,False,none
3505,2,2,2026-07-27T00:00:00,90870.854,1.979,855.491,28655.576,17.29,98,estimated,True,2026-07-27T00:02:00,False,none
3506,2,2,2026-07-27T01:00:00,90870.854,0.0,855.491,28655.576,17.33,98,estimated,True,2026-07-27T01:02:00,False,none
3507,2,2,2026-07-27T02:00:00,90870.854,0.0,855.491,28655.576,15.57,98,estimated,True,2026-07-27T02:02:00,False,none
3508,2,2,2026-07-27T03:00:00,90870.854,0.0,855.491,28655.576,16.83,98,estimated,True,2026-07-27T03:02:00,False,none
3509,2,2,2026-07-27T04:00:00,90870.854,0.0,855.491,28655.576,16.48,98,estimated,True,2026-07-27T04:02:00,False,none
3510,2,2,2026-07-27T05:00:00,90877.037,6.183,855.491,28655.576,16.62,98,estimated,True,2026-07-27T05:02:00,False,none
3511,2,2,2026-07-27T06:00:00,90910.524,33.487,855.491,28655.576,18.04,98,estimated,True,2026-07-27T06:02:00,False,none
3512,2,2,2026-07-27T07:00:00,90974.421,63.897,855.491,28655.576,18.31,98,estimated,True,2026-07-27T07:02:00,False,none
3513,2,2,2026-07-27T08:00:00,91055.986,81.565,855.491,28655.576,19.93,98,estimated,True,2026-07-27T08:02:00,False,none
3514,2,2,2026-07-27T09:00:00,91094.562,38.576,855.491,28655.576,21.52,98,estimated,True,2026-07-27T09:02:00,False,none
3515,2,2,2026-07-27T10:00:00,91127.3,32.738,855.491,28655.576,22.65,98,estimated,True,2026-07-27T10:02:00,False,none
3516,2,2,2026-07-27T11:00:00,91163.346,36.046,855.491,28655.576,23.39,98,estimated,True,2026-07-27T11:02:00,False,none
3517,2,2,2026-07-27T12:00:00,91189.028,25.682,855.491,28655.576,24.67,98,estimated,True,2026-07-27T12:02:00,False,none
3518,2,2,2026-07-27T13:00:00,91221.911,32.883,855.491,28655.576,25.27,98,estimated,True,2026-07-27T13:02:00,False,none
3519,2,2,2026-07-27T14:00:00,91247.577,25.666,855.491,28655.576,26.26,98,estimated,True,2026-07-27T14:02:00,False,none
3520,2,2,2026-07-27T15:00:00,91284.527,36.95,855.491,28655.576,26.14,98,estimated,True,2026-07-27T15:02:00,False,none
3521,2,2,2026-07-27T16:00:00,91331.939,47.412,855.491,28655.576,26.45,98,estimated,True,2026-07-27T16:02:00,False,none
3522,2,2,2026-07-27T17:00:00,91398.176,66.237,855.491,28655.576,25.35,98,estimated,True,2026-07-27T17:02:00,False,none
3523,2,2,2026-07-27T18:00:00,91483.738,85.562,855.491,28655.576,24.66,98,estimated,True,2026-07-27T18:02:00,False,none
3524,2,2,2026-07-27T19:00:00,91567.708,83.97,855.491,28655.576,23.89,98,estimated,True,2026-07-27T19:02:00,False,none
3525,2,2,2026-07-27T20:00:00,91639.787,72.079,855.491,28655.576,23.11,98,estimated,True,2026-07-27T20:02:00,False,none
3526,2,2,2026-07-27T21:00:00,91696.232,56.445,855.491,28655.576,21.47,98,estimated,True,2026-07-27T21:02:00,False,none
3527,2,2,2026-07-27T22:00:00,91715.021,18.789,855.491,28655.576,20.34,98,estimated,True,2026-07-27T22:02:00,False,none
3528,2,2,2026-07-27T23:00:00,91724.366,9.345,855.491,28655.576,18.9,98,estimated,True,2026-07-27T23:02:00,False,none
3529,2,2,2026-07-28T00:00:00,91726.302,1.936,894.968,28655.576,17.85,98,estimated,True,2026-07-28T00:02:00,False,none
3530,2,2,2026-07-28T01:00:00,91728.228,1.926,894.968,28655.576,16.43,98,estimated,True,2026-07-28T01:02:00,False,none
3531,2,2,2026-07-28T02:00:00,91729.23,1.002,894.968,28655.576,16.12,98,estimated,True,2026-07-28T02:02:00,False,none
3532,2,2,2026-07-28T03:00:00,91729.23,0.0,894.968,28655.576,16.66,98,estimated,True,2026-07-28T03:02:00,False,none
3533,2,2,2026-07-28T04:00:00,91729.23,0.0,894.968,28655.576,15.84,98,estimated,True,2026-07-28T04:02:00,False,none
3534,2,2,2026-07-28T05:00:00,91733.817,4.587,894.968,28655.576,16.83,98,estimated,True,2026-07-28T05:02:00,False,none
3535,2,2,2026-07-28T06:00:00,91766.153,32.336,894.968,28655.576,17.39,98,estimated,True,2026-07-28T06:02:00,False,none
3536,2,2,2026-07-28T07:00:00,91839.425,73.272,894.968,28655.576,19.05,98,estimated,True,2026-07-28T07:02:00,False,none
3537,2,2,2026-07-28T08:00:00,91932.987,93.562,894.968,28655.576,19.45,98,estimated,True,2026-07-28T08:02:00,False,none
3538,2,2,2026-07-28T09:00:00,91976.321,43.334,894.968,28655.576,20.91,98,estimated,True,2026-07-28T09:02:00,False,none
3539,2,2,2026-07-28T10:00:00,92016.093,39.772,894.968,28655.576,22.25,98,estimated,True,2026-07-28T10:02:00,False,none
3540,2,2,2026-07-28T11:00:00,92055.724,39.631,894.968,28655.576,23.59,98,estimated,True,2026-07-28T11:02:00,False,none
3541,2,2,2026-07-28T12:00:00,92093.181,37.457,894.968,28655.576,25.22,98,estimated,True,2026-07-28T12:02:00,False,none
3542,2,2,2026-07-28T13:00:00,92122.801,29.62,894.968,28655.576,24.84,98,estimated,True,2026-07-28T13:02:00,False,none
3543,2,2,2026-07-28T14:00:00,92151.637,28.836,894.968,28655.576,26.01,98,estimated,True,2026-07-28T14:02:00,False,none
3544,2,2,2026-07-28T15:00:00,92184.047,32.41,894.968,28655.576,26.64,98,estimated,True,2026-07-28T15:02:00,False,none
3545,2,2,2026-07-28T16:00:00,92226.455,42.408,894.968,28655.576,25.7,98,estimated,True,2026-07-28T16:02:00,False,none
3546,2,2,2026-07-28T17:00:00,92276.165,49.71,894.968,28655.576,25.4,98,estimated,True,2026-07-28T17:02:00,False,none
3547,2,2,2026-07-28T18:00:00,92369.255,93.09,894.968,28655.576,25.65,98,estimated,True,2026-07-28T18:02:00,False,none
3548,2,2,2026-07-28T19:00:00,92466.382,97.127,894.968,28655.576,23.61,98,estimated,True,2026-07-28T19:02:00,False,none
3549,2,2,2026-07-28T20:00:00,92538.633,72.251,894.968,28655.576,22.61,98,estimated,True,2026-07-28T20:02:00,False,none
3550,2,2,2026-07-28T21:00:00,92590.141,51.508,894.968,28655.576,20.77,98,estimated,True,2026-07-28T21:02:00,False,none
3551,2,2,2026-07-28T22:00:00,92610.556,20.415,894.968,28655.576,19.89,98,estimated,True,2026-07-28T22:02:00,False,none
3552,2,2,2026-07-28T23:00:00,92619.334,8.778,894.968,28655.576,19.1,98,estimated,True,2026-07-28T23:02:00,False,none
3553,2,2,2026-07-29T00:00:00,92623.274,3.94,898.836,28655.576,17.6,98,estimated,True,2026-07-29T00:02:00,False,none
3554,2,2,2026-07-29T01:00:00,92624.658,1.384,898.836,28655.576,16.53,98,estimated,True,2026-07-29T01:02:00,False,none
3555,2,2,2026-07-29T02:00:00,92624.658,0.0,898.836,28655.576,15.81,98,estimated,True,2026-07-29T02:02:00,False,none
3556,2,2,2026-07-29T03:00:00,92624.658,0.0,898.836,28655.576,15.87,98,estimated,True,2026-07-29T03:02:00,False,none
3557,2,2,2026-07-29T04:00:00,92624.658,0.0,898.836,28655.576,15.15,98,estimated,True,2026-07-29T04:02:00,False,none
3558,2,2,2026-07-29T05:00:00,92630.882,6.224,898.836,28655.576,17.04,98,estimated,True,2026-07-29T05:02:00,False,none
3559,2,2,2026-07-29T06:00:00,92664.24,33.358,898.836,28655.576,16.9,98,estimated,True,2026-07-29T06:02:00,False,none
3560,2,2,2026-07-29T07:00:00,92731.831,67.591,898.836,28655.576,18.94,98,estimated,True,2026-07-29T07:02:00,False,none
3561,2,2,2026-07-29T08:00:00,92796.843,65.012,898.836,28655.576,20.59,98,estimated,True,2026-07-29T08:02:00,False,none
3562,2,2,2026-07-29T09:00:00,92854.843,58.0,898.836,28655.576,21.13,98,estimated,True,2026-07-29T09:02:00,False,none
3563,2,2,2026-07-29T10:00:00,92887.93,33.087,898.836,28655.576,22.5,98,estimated,True,2026-07-29T10:02:00,False,none
3564,2,2,2026-07-29T11:00:00,92929.611,41.681,898.836,28655.576,23.23,98,estimated,True,2026-07-29T11:02:00,False,none
3565,2,2,2026-07-29T12:00:00,92978.106,48.495,898.836,28655.576,24.71,98,estimated,True,2026-07-29T12:02:00,False,none
3566,2,2,2026-07-29T13:00:00,93010.359,32.253,898.836,28655.576,25.59,98,estimated,True,2026-07-29T13:02:00,False,none
3567,2,2,2026-07-29T14:00:00,93035.436,25.077,898.836,28655.576,25.59,98,estimated,True,2026-07-29T14:02:00,False,none
3568,2,2,2026-07-29T15:00:00,93070.316,34.88,898.836,28655.576,25.69,98,estimated,True,2026-07-29T15:02:00,False,none
3569,2,2,2026-07-29T16:00:00,93125.978,55.662,898.836,28655.576,25.72,98,estimated,True,2026-07-29T16:02:00,False,none
3570,2,2,2026-07-29T17:00:00,93188.608,62.63,898.836,28655.576,25.26,98,estimated,True,2026-07-29T17:02:00,False,none
3571,2,2,2026-07-29T18:00:00,93269.525,80.917,898.836,28655.576,24.43,98,estimated,True,2026-07-29T18:02:00,False,none
3572,2,2,2026-07-29T19:00:00,93372.216,102.691,898.836,28655.576,23.32,98,estimated,True,2026-07-29T19:02:00,False,none
3573,2,2,2026-07-29T20:00:00,93438.709,66.493,898.836,28655.576,22.19,98,estimated,True,2026-07-29T20:02:00,False,none
3574,2,2,2026-07-29T21:00:00,93484.165,45.456,898.836,28655.576,20.48,98,estimated,True,2026-07-29T21:02:00,False,none
3575,2,2,2026-07-29T22:00:00,93510.016,25.851,898.836,28655.576,19.58,98,estimated,True,2026-07-29T22:02:00,False,none
3576,2,2,2026-07-29T23:00:00,93518.17,8.154,898.836,28655.576,17.81,98,estimated,True,2026-07-29T23:02:00,False,none
3577,2,2,2026-07-30T00:00:00,93519.53,1.36,904.329,28655.576,17.21,98,estimated,True,2026-07-30T00:02:00,False,none
3578,2,2,2026-07-30T01:00:00,93519.53,0.0,904.329,28655.576,16.02,98,estimated,True,2026-07-30T01:02:00,False,none
3579,2,2,2026-07-30T02:00:00,93519.53,0.0,904.329,28655.576,16.42,98,estimated,True,2026-07-30T02:02:00,False,none
3580,2,2,2026-07-30T03:00:00,93519.53,0.0,904.329,28655.576,16.34,98,estimated,True,2026-07-30T03:02:00,False,none
3581,2,2,2026-07-30T04:00:00,93519.53,0.0,904.329,28655.576,16.14,98,estimated,True,2026-07-30T04:02:00,False,none
3582,2,2,2026-07-30T05:00:00,93524.466,4.936,904.329,28655.576,16.12,98,estimated,True,2026-07-30T05:02:00,False,none
3583,2,2,2026-07-30T06:00:00,93556.432,31.966,904.329,28655.576,16.97,98,estimated,True,2026-07-30T06:02:00,False,none
3584,2,2,2026-07-30T07:00:00,93631.216,74.784,904.329,28655.576,18.42,98,estimated,True,2026-07-30T07:02:00,False,none
3585,2,2,2026-07-30T08:00:00,93715.978,84.762,904.329,28655.576,19.19,98,estimated,True,2026-07-30T08:02:00,False,none
3586,2,2,2026-07-30T09:00:00,93773.973,57.995,904.329,28655.576,21.07,98,estimated,True,2026-07-30T09:02:00,False,none
3587,2,2,2026-07-30T10:00:00,93806.993,33.02,904.329,28655.576,21.95,98,estimated,True,2026-07-30T10:02:00,False,none
3588,2,2,2026-07-30T11:00:00,93841.105,34.112,904.329,28655.576,23.26,98,estimated,True,2026-07-30T11:02:00,False,none
3589,2,2,2026-07-30T12:00:00,93890.371,49.266,904.329,28655.576,24.14,98,estimated,True,2026-07-30T12:02:00,False,none
3590,2,2,2026-07-30T13:00:00,93925.925,35.554,904.329,28655.576,25.27,98,estimated,True,2026-07-30T13:02:00,False,none
3591,2,2,2026-07-30T14:00:00,93951.394,25.469,904.329,28655.576,25.6,98,estimated,True,2026-07-30T14:02:00,False,none
3592,2,2,2026-07-30T15:00:00,93982.196,30.802,904.329,28655.576,25.97,98,estimated,True,2026-07-30T15:02:00,False,none
3593,2,2,2026-07-30T16:00:00,94022.754,40.558,904.329,28655.576,25.4,98,estimated,True,2026-07-30T16:02:00,False,none
3594,2,2,2026-07-30T17:00:00,94081.596,58.842,904.329,28655.576,24.99,98,estimated,True,2026-07-30T17:02:00,False,none
3595,2,2,2026-07-30T18:00:00,94165.063,83.467,904.329,28655.576,24.48,98,estimated,True,2026-07-30T18:02:00,False,none
3596,2,2,2026-07-30T19:00:00,94271.417,106.354,904.329,28655.576,23.82,98,estimated,True,2026-07-30T19:02:00,False,none
3597,2,2,2026-07-30T20:00:00,94345.522,74.105,904.329,28655.576,21.62,98,estimated,True,2026-07-30T20:02:00,False,none
3598,2,2,2026-07-30T21:00:00,94391.69,46.168,904.329,28655.576,20.42,98,estimated,True,2026-07-30T21:02:00,False,none
3599,2,2,2026-07-30T22:00:00,94413.468,21.778,904.329,28655.576,20.19,98,estimated,True,2026-07-30T22:02:00,False,none
3600,2,2,2026-07-30T23:00:00,94422.499,9.031,904.329,28655.576,18.33,98,estimated,True,2026-07-30T23:02:00,False,none
3601,2,2,2026-07-31T00:00:00,94424.641,2.142,860.917,28655.576,16.6,98,estimated,True,2026-07-31T00:02:00,False,none
3602,2,2,2026-07-31T01:00:00,94424.641,0.0,860.917,28655.576,15.72,98,estimated,True,2026-07-31T01:02:00,False,none
3603,2,2,2026-07-31T02:00:00,94424.641,0.0,860.917,28655.576,15.94,98,estimated,True,2026-07-31T02:02:00,False,none
3604,2,2,2026-07-31T03:00:00,94424.641,0.0,860.917,28655.576,14.97,98,estimated,True,2026-07-31T03:02:00,False,none
3605,2,2,2026-07-31T04:00:00,94424.641,0.0,860.917,28655.576,16.22,98,estimated,True,2026-07-31T04:02:00,False,none
3606,2,2,2026-07-31T05:00:00,94430.874,6.233,860.917,28655.576,15.74,98,estimated,True,2026-07-31T05:02:00,False,none
3607,2,2,2026-07-31T06:00:00,94469.065,38.191,860.917,28655.576,17.61,98,estimated,True,2026-07-31T06:02:00,False,none
3608,2,2,2026-07-31T07:00:00,94529.56,60.495,860.917,28655.576,19.18,98,estimated,True,2026-07-31T07:02:00,False,none
3609,2,2,2026-07-31T08:00:00,94608.046,78.486,860.917,28655.576,20.37,98,estimated,True,2026-07-31T08:02:00,False,none
3610,2,2,2026-07-31T09:00:00,94660.921,52.875,860.917,28655.576,20.3,98,estimated,True,2026-07-31T09:02:00,False,none
3611,2,2,2026-07-31T10:00:00,94696.464,35.543,860.917,28655.576,21.6,98,estimated,True,2026-07-31T10:02:00,False,none
3612,2,2,2026-07-31T11:00:00,94734.902,38.438,860.917,28655.576,22.51,98,estimated,True,2026-07-31T11:02:00,False,none
3613,2,2,2026-07-31T12:00:00,94779.817,44.915,860.917,28655.576,24.59,98,estimated,True,2026-07-31T12:02:00,False,none
3614,2,2,2026-07-31T13:00:00,94818.658,38.841,860.917,28655.576,24.92,98,estimated,True,2026-07-31T13:02:00,False,none
3615,2,2,2026-07-31T14:00:00,94841.309,22.651,860.917,28655.576,25.83,98,estimated,True,2026-07-31T14:02:00,False,none
3616,2,2,2026-07-31T15:00:00,94871.401,30.092,860.917,28655.576,25.77,98,estimated,True,2026-07-31T15:02:00,False,none
3617,2,2,2026-07-31T16:00:00,94919.192,47.791,860.917,28655.576,25.43,98,estimated,True,2026-07-31T16:02:00,False,none
3618,2,2,2026-07-31T17:00:00,94973.82,54.628,860.917,28655.576,24.39,98,estimated,True,2026-07-31T17:02:00,False,none
3619,2,2,2026-07-31T18:00:00,95055.669,81.849,860.917,28655.576,23.3,98,estimated,True,2026-07-31T18:02:00,False,none
3620,2,2,2026-07-31T19:00:00,95144.81,89.141,860.917,28655.576,23.57,98,estimated,True,2026-07-31T19:02:00,False,none
3621,2,2,2026-07-31T20:00:00,95214.018,69.208,860.917,28655.576,21.29,98,estimated,True,2026-07-31T20:02:00,False,none
3622,2,2,2026-07-31T21:00:00,95255.582,41.564,860.917,28655.576,19.94,98,estimated,True,2026-07-31T21:02:00,False,none
3623,2,2,2026-07-31T22:00:00,95275.009,19.427,860.917,28655.576,19.4,98,estimated,True,2026-07-31T22:02:00,False,none
3624,2,2,2026-07-31T23:00:00,95283.416,8.407,860.917,28655.576,18.48,98,estimated,True,2026-07-31T23:02:00,False,none
3625,2,2,2026-08-01T00:00:00,95286.912,3.496,1235.597,28720.152,16.9,98,estimated,True,2026-08-01T00:02:00,False,none
3626,2,2,2026-08-01T01:00:00,95286.912,0.0,1235.597,28720.152,16.38,98,estimated,True,2026-08-01T01:02:00,False,none
3627,2,2,2026-08-01T02:00:00,95286.912,0.0,1235.597,28720.152,15.7,98,estimated,True,2026-08-01T02:02:00,False,none
3628,2,2,2026-08-01T03:00:00,95287.658,0.746,1235.597,28720.152,15.27,98,estimated,True,2026-08-01T03:02:00,False,none
3629,2,2,2026-08-01T04:00:00,95287.658,0.0,1235.597,28720.152,15.43,98,estimated,True,2026-08-01T04:02:00,False,none
3630,2,2,2026-08-01T05:00:00,95295.514,7.856,1235.597,28720.152,15.8,98,estimated,True,2026-08-01T05:02:00,False,none
3631,2,2,2026-08-01T06:00:00,95342.174,46.66,1235.597,28720.152,17.39,98,estimated,True,2026-08-01T06:02:00,False,none
3632,2,2,2026-08-01T07:00:00,95445.243,103.069,1235.597,28720.152,17.4,98,estimated,True,2026-08-01T07:02:00,False,none
3633,2,2,2026-08-01T08:00:00,95560.874,115.631,1235.597,28720.152,18.98,98,estimated,True,2026-08-01T08:02:00,False,none
3634,2,2,2026-08-01T09:00:00,95628.96,68.086,1235.597,28720.152,20.04,98,estimated,True,2026-08-01T09:02:00,False,none
3635,2,2,2026-08-01T10:00:00,95665.639,36.679,1235.597,28720.152,21.82,98,estimated,True,2026-08-01T10:02:00,False,none
3636,2,2,2026-08-01T11:00:00,95726.117,60.478,1235.597,28720.152,23.15,98,estimated,True,2026-08-01T11:02:00,False,none
3637,2,2,2026-08-01T12:00:00,95795.336,69.219,1235.597,28720.152,23.87,98,estimated,True,2026-08-01T12:02:00,False,none
3638,2,2,2026-08-01T13:00:00,95848.614,53.278,1235.597,28720.152,24.66,98,estimated,True,2026-08-01T13:02:00,False,none
3639,2,2,2026-08-01T14:00:00,95896.601,47.987,1235.597,28720.152,24.35,98,estimated,True,2026-08-01T14:02:00,False,none
3640,2,2,2026-08-01T15:00:00,95936.115,39.514,1235.597,28720.152,26.0,98,estimated,True,2026-08-01T15:02:00,False,none
3641,2,2,2026-08-01T16:00:00,95993.831,57.716,1235.597,28720.152,24.45,98,estimated,True,2026-08-01T16:02:00,False,none
3642,2,2,2026-08-01T17:00:00,96080.02,86.189,1235.597,28720.152,24.16,98,estimated,True,2026-08-01T17:02:00,False,none
3643,2,2,2026-08-01T18:00:00,96182.29,102.27,1235.597,28720.152,24.1,98,estimated,True,2026-08-01T18:02:00,False,none
3644,2,2,2026-08-01T19:00:00,96312.808,130.518,1235.597,28720.152,23.35,98,estimated,True,2026-08-01T19:02:00,False,none
3645,2,2,2026-08-01T20:00:00,96409.609,96.801,1235.597,28720.152,22.09,98,estimated,True,2026-08-01T20:02:00,False,none
3646,2,2,2026-08-01T21:00:00,96480.254,70.645,1235.597,28720.152,19.84,98,estimated,True,2026-08-01T21:02:00,False,none
3647,2,2,2026-08-01T22:00:00,96505.045,24.791,1235.597,28720.152,19.0,98,estimated,True,2026-08-01T22:02:00,False,none
3648,2,2,2026-08-01T23:00:00,96519.013,13.968,1235.597,28720.152,18.45,98,estimated,True,2026-08-01T23:02:00,False,none
3649,2,2,2026-08-02T00:00:00,96524.459,5.446,1223.393,28720.152,16.74,98,estimated,True,2026-08-02T00:02:00,False,none
3650,2,2,2026-08-02T01:00:00,96524.459,0.0,1223.393,28720.152,16.0,98,estimated,True,2026-08-02T01:02:00,False,none
3651,2,2,2026-08-02T02:00:00,96524.459,0.0,1223.393,28720.152,16.06,98,estimated,True,2026-08-02T02:02:00,False,none
3652,2,2,2026-08-02T03:00:00,96524.459,0.0,1223.393,28720.152,15.07,98,estimated,True,2026-08-02T03:02:00,False,none
3653,2,2,2026-08-02T04:00:00,96524.459,0.0,1223.393,28720.152,15.58,98,estimated,True,2026-08-02T04:02:00,False,none
3654,2,2,2026-08-02T05:00:00,96532.473,8.014,1223.393,28720.152,16.6,98,estimated,True,2026-08-02T05:02:00,False,none
3655,2,2,2026-08-02T06:00:00,96570.877,38.404,1223.393,28720.152,16.49,98,estimated,True,2026-08-02T06:02:00,False,none
3656,2,2,2026-08-02T07:00:00,96663.575,92.698,1223.393,28720.152,17.82,98,estimated,True,2026-08-02T07:02:00,False,none
3657,2,2,2026-08-02T08:00:00,96780.789,117.214,1223.393,28720.152,18.6,98,estimated,True,2026-08-02T08:02:00,False,none
3658,2,2,2026-08-02T09:00:00,96833.951,53.162,1223.393,28720.152,20.33,98,estimated,True,2026-08-02T09:02:00,False,none
3659,2,2,2026-08-02T10:00:00,96875.881,41.93,1223.393,28720.152,21.21,98,estimated,True,2026-08-02T10:02:00,False,none
3660,2,2,2026-08-02T11:00:00,96939.754,63.873,1223.393,28720.152,22.76,98,estimated,True,2026-08-02T11:02:00,False,none
3661,2,2,2026-08-02T12:00:00,96993.257,53.503,1223.393,28720.152,23.92,98,estimated,True,2026-08-02T12:02:00,False,none
3662,2,2,2026-08-02T13:00:00,97039.563,46.306,1223.393,28720.152,24.71,98,estimated,True,2026-08-02T13:02:00,False,none
3663,2,2,2026-08-02T14:00:00,97079.346,39.783,1223.393,28720.152,25.25,98,estimated,True,2026-08-02T14:02:00,False,none
3664,2,2,2026-08-02T15:00:00,97120.138,40.792,1223.393,28720.152,25.77,98,estimated,True,2026-08-02T15:02:00,False,none
3665,2,2,2026-08-02T16:00:00,97182.004,61.866,1223.393,28720.152,25.78,98,estimated,True,2026-08-02T16:02:00,False,none
3666,2,2,2026-08-02T17:00:00,97285.523,103.519,1223.393,28720.152,24.34,98,estimated,True,2026-08-02T17:02:00,False,none
3667,2,2,2026-08-02T18:00:00,97389.263,103.74,1223.393,28720.152,23.96,98,estimated,True,2026-08-02T18:02:00,False,none
3668,2,2,2026-08-02T19:00:00,97537.95,148.687,1223.393,28720.152,23.45,98,estimated,True,2026-08-02T19:02:00,False,none
3669,2,2,2026-08-02T20:00:00,97628.804,90.854,1223.393,28720.152,21.57,98,estimated,True,2026-08-02T20:02:00,False,none
3670,2,2,2026-08-02T21:00:00,97697.453,68.649,1223.393,28720.152,20.22,98,estimated,True,2026-08-02T21:02:00,False,none
3671,2,2,2026-08-02T22:00:00,97729.243,31.79,1223.393,28720.152,19.51,98,estimated,True,2026-08-02T22:02:00,False,none
3672,2,2,2026-08-02T23:00:00,97742.406,13.163,1223.393,28720.152,17.83,98,estimated,True,2026-08-02T23:02:00,False,none
3673,2,2,2026-08-03T00:00:00,97746.057,3.651,902.649,28720.152,16.54,98,estimated,True,2026-08-03T00:02:00,False,none
3674,2,2,2026-08-03T01:00:00,97746.057,0.0,902.649,28720.152,15.75,98,estimated,True,2026-08-03T01:02:00,False,none
3675,2,2,2026-08-03T02:00:00,97746.057,0.0,902.649,28720.152,14.79,98,estimated,True,2026-08-03T02:02:00,False,none
3676,2,2,2026-08-03T03:00:00,97746.057,0.0,902.649,28720.152,16.04,98,estimated,True,2026-08-03T03:02:00,False,none
3677,2,2,2026-08-03T04:00:00,97747.03,0.973,902.649,28720.152,15.67,98,estimated,True,2026-08-03T04:02:00,False,none
3678,2,2,2026-08-03T05:00:00,97751.923,4.893,902.649,28720.152,15.14,98,estimated,True,2026-08-03T05:02:00,False,none
3679,2,2,2026-08-03T06:00:00,97782.504,30.581,902.649,28720.152,15.4,98,estimated,True,2026-08-03T06:02:00,False,none
3680,2,2,2026-08-03T07:00:00,97850.829,68.325,902.649,28720.152,17.24,98,estimated,True,2026-08-03T07:02:00,False,none
3681,2,2,2026-08-03T08:00:00,97933.615,82.786,902.649,28720.152,18.25,98,estimated,True,2026-08-03T08:02:00,False,none
3682,2,2,2026-08-03T09:00:00,97993.663,60.048,902.649,28720.152,20.03,98,estimated,True,2026-08-03T09:02:00,False,none
3683,2,2,2026-08-03T10:00:00,98030.778,37.115,902.649,28720.152,22.05,98,estimated,True,2026-08-03T10:02:00,False,none
3684,2,2,2026-08-03T11:00:00,98079.778,49.0,902.649,28720.152,22.57,98,estimated,True,2026-08-03T11:02:00,False,none
3685,2,2,2026-08-03T12:00:00,98117.386,37.608,902.649,28720.152,23.11,98,estimated,True,2026-08-03T12:02:00,False,none
3686,2,2,2026-08-03T13:00:00,98164.07,46.684,902.649,28720.152,24.49,98,estimated,True,2026-08-03T13:02:00,False,none
3687,2,2,2026-08-03T14:00:00,98191.714,27.644,902.649,28720.152,24.94,98,estimated,True,2026-08-03T14:02:00,False,none
3688,2,2,2026-08-03T15:00:00,98226.336,34.622,902.649,28720.152,24.62,98,estimated,True,2026-08-03T15:02:00,False,none
3689,2,2,2026-08-03T16:00:00,98272.749,46.413,902.649,28720.152,25.41,98,estimated,True,2026-08-03T16:02:00,False,none
3690,2,2,2026-08-03T17:00:00,98329.66,56.911,902.649,28720.152,24.27,98,estimated,True,2026-08-03T17:02:00,False,none
3691,2,2,2026-08-03T18:00:00,98418.165,88.505,902.649,28720.152,23.21,98,estimated,True,2026-08-03T18:02:00,False,none
3692,2,2,2026-08-03T19:00:00,98495.835,77.67,902.649,28720.152,22.26,98,estimated,True,2026-08-03T19:02:00,False,none
3693,2,2,2026-08-03T20:00:00,98565.012,69.177,902.649,28720.152,21.32,98,estimated,True,2026-08-03T20:02:00,False,none
3694,2,2,2026-08-03T21:00:00,98615.753,50.741,902.649,28720.152,19.98,98,estimated,True,2026-08-03T21:02:00,False,none
3695,2,2,2026-08-03T22:00:00,98637.584,21.831,902.649,28720.152,18.93,98,estimated,True,2026-08-03T22:02:00,False,none
3696,2,2,2026-08-03T23:00:00,98645.055,7.471,902.649,28720.152,17.77,98,estimated,True,2026-08-03T23:02:00,False,none
3697,2,2,2026-08-04T00:00:00,98648.002,2.947,896.504,28720.152,16.63,98,estimated,True,2026-08-04T00:02:00,False,none
3698,2,2,2026-08-04T01:00:00,98648.002,0.0,896.504,28720.152,15.19,98,estimated,True,2026-08-04T01:02:00,False,none
3699,2,2,2026-08-04T02:00:00,98648.002,0.0,896.504,28720.152,15.4,98,estimated,True,2026-08-04T02:02:00,False,none
3700,2,2,2026-08-04T03:00:00,98648.002,0.0,896.504,28720.152,15.13,98,estimated,True,2026-08-04T03:02:00,False,none
3701,2,2,2026-08-04T04:00:00,98648.002,0.0,896.504,28720.152,15.05,98,estimated,True,2026-08-04T04:02:00,False,none
3702,2,2,2026-08-04T05:00:00,98653.778,5.776,896.504,28720.152,14.96,98,estimated,True,2026-08-04T05:02:00,False,none
3703,2,2,2026-08-04T06:00:00,98689.109,35.331,896.504,28720.152,16.55,98,estimated,True,2026-08-04T06:02:00,False,none
3704,2,2,2026-08-04T07:00:00,98767.808,78.699,896.504,28720.152,17.76,98,estimated,True,2026-08-04T07:02:00,False,none
3705,2,2,2026-08-04T08:00:00,98860.974,93.166,896.504,28720.152,18.55,98,estimated,True,2026-08-04T08:02:00,False,none
3706,2,2,2026-08-04T09:00:00,98916.6,55.626,896.504,28720.152,19.91,98,estimated,True,2026-08-04T09:02:00,False,none
3707,2,2,2026-08-04T10:00:00,98951.476,34.876,896.504,28720.152,20.83,98,estimated,True,2026-08-04T10:02:00,False,none
3708,2,2,2026-08-04T11:00:00,98989.779,38.303,896.504,28720.152,21.82,98,estimated,True,2026-08-04T11:02:00,False,none
3709,2,2,2026-08-04T12:00:00,99032.177,42.398,896.504,28720.152,23.83,98,estimated,True,2026-08-04T12:02:00,False,none
3710,2,2,2026-08-04T13:00:00,99072.653,40.476,896.504,28720.152,24.03,98,estimated,True,2026-08-04T13:02:00,False,none
3711,2,2,2026-08-04T14:00:00,99099.258,26.605,896.504,28720.152,24.91,98,estimated,True,2026-08-04T14:02:00,False,none
3712,2,2,2026-08-04T15:00:00,99140.188,40.93,896.504,28720.152,25.14,98,estimated,True,2026-08-04T15:02:00,False,none
3713,2,2,2026-08-04T16:00:00,99188.501,48.313,896.504,28720.152,25.41,98,estimated,True,2026-08-04T16:02:00,False,none
3714,2,2,2026-08-04T17:00:00,99251.928,63.427,896.504,28720.152,24.62,98,estimated,True,2026-08-04T17:02:00,False,none
3715,2,2,2026-08-04T18:00:00,99332.412,80.484,896.504,28720.152,22.7,98,estimated,True,2026-08-04T18:02:00,False,none
3716,2,2,2026-08-04T19:00:00,99402.512,70.1,896.504,28720.152,22.43,98,estimated,True,2026-08-04T19:02:00,False,none
3717,2,2,2026-08-04T20:00:00,99458.534,56.022,896.504,28720.152,20.95,98,estimated,True,2026-08-04T20:02:00,False,none
3718,2,2,2026-08-04T21:00:00,99511.307,52.773,896.504,28720.152,20.1,98,estimated,True,2026-08-04T21:02:00,False,none
3719,2,2,2026-08-04T22:00:00,99535.045,23.738,896.504,28720.152,19.27,98,estimated,True,2026-08-04T22:02:00,False,none
3720,2,2,2026-08-04T23:00:00,99541.559,6.514,896.504,28720.152,17.23,98,estimated,True,2026-08-04T23:02:00,False,none
3721,2,2,2026-08-05T00:00:00,99543.37,1.811,877.633,28720.152,15.82,98,estimated,True,2026-08-05T00:02:00,False,none
3722,2,2,2026-08-05T01:00:00,99543.37,0.0,877.633,28720.152,15.38,98,estimated,True,2026-08-05T01:02:00,False,none
3723,2,2,2026-08-05T02:00:00,99543.37,0.0,877.633,28720.152,15.26,98,estimated,True,2026-08-05T02:02:00,False,none
3724,2,2,2026-08-05T03:00:00,99543.37,0.0,877.633,28720.152,15.52,98,estimated,True,2026-08-05T03:02:00,False,none
3725,2,2,2026-08-05T04:00:00,99543.37,0.0,877.633,28720.152,15.06,98,estimated,True,2026-08-05T04:02:00,False,none
3726,2,2,2026-08-05T05:00:00,99548.266,4.896,877.633,28720.152,16.08,98,estimated,True,2026-08-05T05:02:00,False,none
3727,2,2,2026-08-05T06:00:00,99580.407,32.141,877.633,28720.152,16.45,98,estimated,True,2026-08-05T06:02:00,False,none
3728,2,2,2026-08-05T07:00:00,99653.007,72.6,877.633,28720.152,17.45,98,estimated,True,2026-08-05T07:02:00,False,none
3729,2,2,2026-08-05T08:00:00,99753.003,99.996,877.633,28720.152,18.88,98,estimated,True,2026-08-05T08:02:00,False,none
3730,2,2,2026-08-05T09:00:00,99803.134,50.131,877.633,28720.152,19.45,98,estimated,True,2026-08-05T09:02:00,False,none
3731,2,2,2026-08-05T10:00:00,99839.512,36.378,877.633,28720.152,20.99,98,estimated,True,2026-08-05T10:02:00,False,none
3732,2,2,2026-08-05T11:00:00,99880.728,41.216,877.633,28720.152,21.91,98,estimated,True,2026-08-05T11:02:00,False,none
3733,2,2,2026-08-05T12:00:00,99921.969,41.241,877.633,28720.152,23.34,98,estimated,True,2026-08-05T12:02:00,False,none
3734,2,2,2026-08-05T13:00:00,99956.664,34.695,877.633,28720.152,23.81,98,estimated,True,2026-08-05T13:02:00,False,none
3735,2,2,2026-08-05T14:00:00,99984.844,28.18,877.633,28720.152,25.32,98,estimated,True,2026-08-05T14:02:00,False,none
3736,2,2,2026-08-05T15:00:00,100022.147,37.303,877.633,28720.152,25.31,98,estimated,True,2026-08-05T15:02:00,False,none
3737,2,2,2026-08-05T16:00:00,100061.702,39.555,877.633,28720.152,25.0,98,estimated,True,2026-08-05T16:02:00,False,none
3738,2,2,2026-08-05T17:00:00,100119.825,58.123,877.633,28720.152,24.58,98,estimated,True,2026-08-05T17:02:00,False,none
3739,2,2,2026-08-05T18:00:00,100191.467,71.642,877.633,28720.152,23.39,98,estimated,True,2026-08-05T18:02:00,False,none
3740,2,2,2026-08-05T19:00:00,100277.727,86.26,877.633,28720.152,22.93,98,estimated,True,2026-08-05T19:02:00,False,none
3741,2,2,2026-08-05T20:00:00,100342.082,64.355,877.633,28720.152,21.43,98,estimated,True,2026-08-05T20:02:00,False,none
3742,2,2,2026-08-05T21:00:00,100385.74,43.658,877.633,28720.152,20.24,98,estimated,True,2026-08-05T21:02:00,False,none
3743,2,2,2026-08-05T22:00:00,100410.735,24.995,877.633,28720.152,18.71,98,estimated,True,2026-08-05T22:02:00,False,none
3744,2,2,2026-08-05T23:00:00,100419.192,8.457,877.633,28720.152,17.88,98,estimated,True,2026-08-05T23:02:00,False,none
3745,2,2,2026-08-06T00:00:00,100424.413,5.221,915.046,28720.152,15.78,98,estimated,True,2026-08-06T00:02:00,False,none
3746,2,2,2026-08-06T01:00:00,100426.122,1.709,915.046,28720.152,16.39,98,estimated,True,2026-08-06T01:02:00,False,none
3747,2,2,2026-08-06T02:00:00,100427.708,1.586,915.046,28720.152,15.09,98,estimated,True,2026-08-06T02:02:00,False,none
3748,2,2,2026-08-06T03:00:00,100429.284,1.576,915.046,28720.152,14.8,98,estimated,True,2026-08-06T03:02:00,False,none
3749,2,2,2026-08-06T04:00:00,100429.284,0.0,915.046,28720.152,15.54,98,estimated,True,2026-08-06T04:02:00,False,none
3750,2,2,2026-08-06T05:00:00,100435.834,6.55,915.046,28720.152,15.5,98,estimated,True,2026-08-06T05:02:00,False,none
3751,2,2,2026-08-06T06:00:00,100472.629,36.795,915.046,28720.152,17.13,98,estimated,True,2026-08-06T06:02:00,False,none
3752,2,2,2026-08-06T07:00:00,100538.41,65.781,915.046,28720.152,17.82,98,estimated,True,2026-08-06T07:02:00,False,none
3753,2,2,2026-08-06T08:00:00,100623.303,84.893,915.046,28720.152,17.43,98,estimated,True,2026-08-06T08:02:00,False,none
3754,2,2,2026-08-06T09:00:00,100675.036,51.733,915.046,28720.152,20.02,98,estimated,True,2026-08-06T09:02:00,False,none
3755,2,2,2026-08-06T10:00:00,100703.557,28.521,915.046,28720.152,21.34,98,estimated,True,2026-08-06T10:02:00,False,none
3756,2,2,2026-08-06T11:00:00,100746.131,42.574,915.046,28720.152,22.74,98,estimated,True,2026-08-06T11:02:00,False,none
3757,2,2,2026-08-06T12:00:00,100796.493,50.362,915.046,28720.152,23.83,98,estimated,True,2026-08-06T12:02:00,False,none
3758,2,2,2026-08-06T13:00:00,100831.43,34.937,915.046,28720.152,24.59,98,estimated,True,2026-08-06T13:02:00,False,none
3759,2,2,2026-08-06T14:00:00,100860.005,28.575,915.046,28720.152,24.82,98,estimated,True,2026-08-06T14:02:00,False,none
3760,2,2,2026-08-06T15:00:00,100894.822,34.817,915.046,28720.152,25.06,98,estimated,True,2026-08-06T15:02:00,False,none
3761,2,2,2026-08-06T16:00:00,100947.79,52.968,915.046,28720.152,25.11,98,estimated,True,2026-08-06T16:02:00,False,none
3762,2,2,2026-08-06T17:00:00,101010.569,62.779,915.046,28720.152,25.23,98,estimated,True,2026-08-06T17:02:00,False,none
3763,2,2,2026-08-06T18:00:00,101111.198,100.629,915.046,28720.152,22.02,98,estimated,True,2026-08-06T18:02:00,False,none
3764,2,2,2026-08-06T19:00:00,101192.949,81.751,915.046,28720.152,22.31,98,estimated,True,2026-08-06T19:02:00,False,none
3765,2,2,2026-08-06T20:00:00,101262.501,69.552,915.046,28720.152,21.16,98,estimated,True,2026-08-06T20:02:00,False,none
3766,2,2,2026-08-06T21:00:00,101301.561,39.06,915.046,28720.152,20.27,98,estimated,True,2026-08-06T21:02:00,False,none
3767,2,2,2026-08-06T22:00:00,101325.105,23.544,915.046,28720.152,18.3,98,estimated,True,2026-08-06T22:02:00,False,none
3768,2,2,2026-08-06T23:00:00,101334.238,9.133,915.046,28720.152,17.77,98,estimated,True,2026-08-06T23:02:00,False,none
3769,2,2,2026-08-07T00:00:00,101336.282,2.044,877.91,28720.152,16.15,98,estimated,True,2026-08-07T00:02:00,False,none
3770,2,2,2026-08-07T01:00:00,101336.282,0.0,877.91,28720.152,15.47,98,estimated,True,2026-08-07T01:02:00,False,none
3771,2,2,2026-08-07T02:00:00,101336.282,0.0,877.91,28720.152,14.64,98,estimated,True,2026-08-07T02:02:00,False,none
3772,2,2,2026-08-07T03:00:00,101336.282,0.0,877.91,28720.152,14.34,98,estimated,True,2026-08-07T03:02:00,False,none
3773,2,2,2026-08-07T04:00:00,101336.282,0.0,877.91,28720.152,14.98,98,estimated,True,2026-08-07T04:02:00,False,none
3774,2,2,2026-08-07T05:00:00,101343.684,7.402,877.91,28720.152,15.5,98,estimated,True,2026-08-07T05:02:00,False,none
3775,2,2,2026-08-07T06:00:00,101377.519,33.835,877.91,28720.152,16.37,98,estimated,True,2026-08-07T06:02:00,False,none
3776,2,2,2026-08-07T07:00:00,101430.311,52.792,877.91,28720.152,17.5,98,estimated,True,2026-08-07T07:02:00,False,none
3777,2,2,2026-08-07T08:00:00,101506.586,76.275,877.91,28720.152,17.89,98,estimated,True,2026-08-07T08:02:00,False,none
3778,2,2,2026-08-07T09:00:00,101562.277,55.691,877.91,28720.152,20.42,98,estimated,True,2026-08-07T09:02:00,False,none
3779,2,2,2026-08-07T10:00:00,101592.178,29.901,877.91,28720.152,21.66,98,estimated,True,2026-08-07T10:02:00,False,none
3780,2,2,2026-08-07T11:00:00,101627.168,34.99,877.91,28720.152,23.15,98,estimated,True,2026-08-07T11:02:00,False,none
3781,2,2,2026-08-07T12:00:00,101672.337,45.169,877.91,28720.152,23.62,98,estimated,True,2026-08-07T12:02:00,False,none
3782,2,2,2026-08-07T13:00:00,101714.985,42.648,877.91,28720.152,24.26,98,estimated,True,2026-08-07T13:02:00,False,none
3783,2,2,2026-08-07T14:00:00,101738.673,23.688,877.91,28720.152,24.55,98,estimated,True,2026-08-07T14:02:00,False,none
3784,2,2,2026-08-07T15:00:00,101768.273,29.6,877.91,28720.152,25.01,98,estimated,True,2026-08-07T15:02:00,False,none
3785,2,2,2026-08-07T16:00:00,101814.278,46.005,877.91,28720.152,26.18,98,estimated,True,2026-08-07T16:02:00,False,none
3786,2,2,2026-08-07T17:00:00,101868.582,54.304,877.91,28720.152,24.17,98,estimated,True,2026-08-07T17:02:00,False,none
3787,2,2,2026-08-07T18:00:00,101945.426,76.844,877.91,28720.152,22.79,98,estimated,True,2026-08-07T18:02:00,False,none
3788,2,2,2026-08-07T19:00:00,102051.368,105.942,877.91,28720.152,22.55,98,estimated,True,2026-08-07T19:02:00,False,none
3789,2,2,2026-08-07T20:00:00,102126.879,75.511,877.91,28720.152,21.75,98,estimated,True,2026-08-07T20:02:00,False,none
3790,2,2,2026-08-07T21:00:00,102176.481,49.602,877.91,28720.152,19.87,98,estimated,True,2026-08-07T21:02:00,False,none
3791,2,2,2026-08-07T22:00:00,102203.756,27.275,877.91,28720.152,18.5,98,estimated,True,2026-08-07T22:02:00,False,none
3792,2,2,2026-08-07T23:00:00,102212.148,8.392,877.91,28720.152,17.43,98,estimated,True,2026-08-07T23:02:00,False,none
3793,2,2,2026-08-08T00:00:00,102215.711,3.563,1235.456,28720.152,15.58,98,estimated,True,2026-08-08T00:02:00,False,none
3794,2,2,2026-08-08T01:00:00,102215.711,0.0,1235.456,28720.152,16.01,98,estimated,True,2026-08-08T01:02:00,False,none
3795,2,2,2026-08-08T02:00:00,102215.711,0.0,1235.456,28720.152,15.24,98,estimated,True,2026-08-08T02:02:00,False,none
3796,2,2,2026-08-08T03:00:00,102215.711,0.0,1235.456,28720.152,14.79,98,estimated,True,2026-08-08T03:02:00,False,none
3797,2,2,2026-08-08T04:00:00,102215.711,0.0,1235.456,28720.152,15.22,98,estimated,True,2026-08-08T04:02:00,False,none
3798,2,2,2026-08-08T05:00:00,102224.163,8.452,1235.456,28720.152,15.33,98,estimated,True,2026-08-08T05:02:00,False,none
3799,2,2,2026-08-08T06:00:00,102271.822,47.659,1235.456,28720.152,16.34,98,estimated,True,2026-08-08T06:02:00,False,none
3800,2,2,2026-08-08T07:00:00,102329.557,57.735,1235.456,28720.152,17.83,98,estimated,True,2026-08-08T07:02:00,False,none
3801,2,2,2026-08-08T08:00:00,102449.636,120.079,1235.456,28720.152,18.31,98,estimated,True,2026-08-08T08:02:00,False,none
3802,2,2,2026-08-08T09:00:00,102508.357,58.721,1235.456,28720.152,20.06,98,estimated,True,2026-08-08T09:02:00,False,none
3803,2,2,2026-08-08T10:00:00,102542.778,34.421,1235.456,28720.152,21.04,98,estimated,True,2026-08-08T10:02:00,False,none
3804,2,2,2026-08-08T11:00:00,102608.659,65.881,1235.456,28720.152,22.47,98,estimated,True,2026-08-08T11:02:00,False,none
3805,2,2,2026-08-08T12:00:00,102683.807,75.148,1235.456,28720.152,23.86,98,estimated,True,2026-08-08T12:02:00,False,none
3806,2,2,2026-08-08T13:00:00,102738.117,54.31,1235.456,28720.152,24.69,98,estimated,True,2026-08-08T13:02:00,False,none
3807,2,2,2026-08-08T14:00:00,102776.992,38.875,1235.456,28720.152,25.62,98,estimated,True,2026-08-08T14:02:00,False,none
3808,2,2,2026-08-08T15:00:00,102822.972,45.98,1235.456,28720.152,24.93,98,estimated,True,2026-08-08T15:02:00,False,none
3809,2,2,2026-08-08T16:00:00,102875.546,52.574,1235.456,28720.152,25.41,98,estimated,True,2026-08-08T16:02:00,False,none
3810,2,2,2026-08-08T17:00:00,102958.731,83.185,1235.456,28720.152,24.04,98,estimated,True,2026-08-08T17:02:00,False,none
3811,2,2,2026-08-08T18:00:00,103085.067,126.336,1235.456,28720.152,23.87,98,estimated,True,2026-08-08T18:02:00,False,none
3812,2,2,2026-08-08T19:00:00,103231.381,146.314,1235.456,28720.152,21.93,98,estimated,True,2026-08-08T19:02:00,False,none
3813,2,2,2026-08-08T20:00:00,103325.004,93.623,1235.456,28720.152,21.04,98,estimated,True,2026-08-08T20:02:00,False,none
3814,2,2,2026-08-08T21:00:00,103408.702,83.698,1235.456,28720.152,19.64,98,estimated,True,2026-08-08T21:02:00,False,none
3815,2,2,2026-08-08T22:00:00,103435.417,26.715,1235.456,28720.152,18.81,98,estimated,True,2026-08-08T22:02:00,False,none
3816,2,2,2026-08-08T23:00:00,103447.604,12.187,1235.456,28720.152,17.85,98,estimated,True,2026-08-08T23:02:00,False,none
3817,2,2,2026-08-09T00:00:00,103451.996,4.392,1197.87,28720.152,16.41,98,estimated,True,2026-08-09T00:02:00,False,none
3818,2,2,2026-08-09T01:00:00,103451.996,0.0,1197.87,28720.152,15.36,98,estimated,True,2026-08-09T01:02:00,False,none
3819,2,2,2026-08-09T02:00:00,103451.996,0.0,1197.87,28720.152,15.77,98,estimated,True,2026-08-09T02:02:00,False,none
3820,2,2,2026-08-09T03:00:00,103454.07,2.074,1197.87,28720.152,15.05,98,estimated,True,2026-08-09T03:02:00,False,none
3821,2,2,2026-08-09T04:00:00,103454.07,0.0,1197.87,28720.152,15.02,98,estimated,True,2026-08-09T04:02:00,False,none
3822,2,2,2026-08-09T05:00:00,103461.291,7.221,1197.87,28720.152,15.63,98,estimated,True,2026-08-09T05:02:00,False,none
3823,2,2,2026-08-09T06:00:00,103501.589,40.298,1197.87,28720.152,16.51,98,estimated,True,2026-08-09T06:02:00,False,none
3824,2,2,2026-08-09T07:00:00,103603.096,101.507,1197.87,28720.152,17.44,98,estimated,True,2026-08-09T07:02:00,False,none
3825,2,2,2026-08-09T08:00:00,103720.173,117.077,1197.87,28720.152,18.79,98,estimated,True,2026-08-09T08:02:00,False,none
3826,2,2,2026-08-09T09:00:00,103790.236,70.063,1197.87,28720.152,20.43,98,estimated,True,2026-08-09T09:02:00,False,none
3827,2,2,2026-08-09T10:00:00,103827.621,37.385,1197.87,28720.152,20.93,98,estimated,True,2026-08-09T10:02:00,False,none
3828,2,2,2026-08-09T11:00:00,103878.619,50.998,1197.87,28720.152,22.58,98,estimated,True,2026-08-09T11:02:00,False,none
3829,2,2,2026-08-09T12:00:00,103938.011,59.392,1197.87,28720.152,23.59,98,estimated,True,2026-08-09T12:02:00,False,none
3830,2,2,2026-08-09T13:00:00,103978.642,40.631,1197.87,28720.152,25.39,98,estimated,True,2026-08-09T13:02:00,False,none
3831,2,2,2026-08-09T14:00:00,104017.317,38.675,1197.87,28720.152,24.06,98,estimated,True,2026-08-09T14:02:00,False,none
3832,2,2,2026-08-09T15:00:00,104059.779,42.462,1197.87,28720.152,24.87,98,estimated,True,2026-08-09T15:02:00,False,none
3833,2,2,2026-08-09T16:00:00,104124.163,64.384,1197.87,28720.152,25.09,98,estimated,True,2026-08-09T16:02:00,False,none
3834,2,2,2026-08-09T17:00:00,104200.518,76.355,1197.87,28720.152,23.75,98,estimated,True,2026-08-09T17:02:00,False,none
3835,2,2,2026-08-09T18:00:00,104326.472,125.954,1197.87,28720.152,23.73,98,estimated,True,2026-08-09T18:02:00,False,none
3836,2,2,2026-08-09T19:00:00,104459.134,132.662,1197.87,28720.152,23.4,98,estimated,True,2026-08-09T19:02:00,False,none
3837,2,2,2026-08-09T20:00:00,104545.5,86.366,1197.87,28720.152,21.29,98,estimated,True,2026-08-09T20:02:00,False,none
3838,2,2,2026-08-09T21:00:00,104604.229,58.729,1197.87,28720.152,19.8,98,estimated,True,2026-08-09T21:02:00,False,none
3839,2,2,2026-08-09T22:00:00,104634.9,30.671,1197.87,28720.152,18.99,98,estimated,True,2026-08-09T22:02:00,False,none
3840,2,2,2026-08-09T23:00:00,104645.474,10.574,1197.87,28720.152,16.99,98,estimated,True,2026-08-09T23:02:00,False,none
3841,2,2,2026-08-10T00:00:00,104648.582,3.108,854.591,28720.152,16.88,98,estimated,True,2026-08-10T00:02:00,False,none
3842,2,2,2026-08-10T01:00:00,104648.582,0.0,854.591,28720.152,15.96,98,estimated,True,2026-08-10T01:02:00,False,none
3843,2,2,2026-08-10T02:00:00,104648.582,0.0,854.591,28720.152,15.0,98,estimated,True,2026-08-10T02:02:00,False,none
3844,2,2,2026-08-10T03:00:00,104648.582,0.0,854.591,28720.152,15.16,98,estimated,True,2026-08-10T03:02:00,False,none
3845,2,2,2026-08-10T04:00:00,104648.582,0.0,854.591,28720.152,15.05,98,estimated,True,2026-08-10T04:02:00,False,none
3846,2,2,2026-08-10T05:00:00,104654.42,5.838,854.591,28720.152,16.05,98,estimated,True,2026-08-10T05:02:00,False,none
3847,2,2,2026-08-10T06:00:00,104686.655,32.235,854.591,28720.152,16.57,98,estimated,True,2026-08-10T06:02:00,False,none
3848,2,2,2026-08-10T07:00:00,104764.61,77.955,854.591,28720.152,17.6,98,estimated,True,2026-08-10T07:02:00,False,none
3849,2,2,2026-08-10T08:00:00,104832.237,67.627,854.591,28720.152,18.82,98,estimated,True,2026-08-10T08:02:00,False,none
3850,2,2,2026-08-10T09:00:00,104885.376,53.139,854.591,28720.152,20.71,98,estimated,True,2026-08-10T09:02:00,False,none
3851,2,2,2026-08-10T10:00:00,104914.193,28.817,854.591,28720.152,21.12,98,estimated,True,2026-08-10T10:02:00,False,none
3852,2,2,2026-08-10T11:00:00,104953.209,39.016,854.591,28720.152,22.72,98,estimated,True,2026-08-10T11:02:00,False,none
3853,2,2,2026-08-10T12:00:00,104996.557,43.348,854.591,28720.152,24.23,98,estimated,True,2026-08-10T12:02:00,False,none
3854,2,2,2026-08-10T13:00:00,105037.252,40.695,854.591,28720.152,24.06,98,estimated,True,2026-08-10T13:02:00,False,none
3855,2,2,2026-08-10T14:00:00,105066.09,28.838,854.591,28720.152,25.26,98,estimated,True,2026-08-10T14:02:00,False,none
3856,2,2,2026-08-10T15:00:00,105097.042,30.952,854.591,28720.152,25.33,98,estimated,True,2026-08-10T15:02:00,False,none
3857,2,2,2026-08-10T16:00:00,105145.368,48.326,854.591,28720.152,24.98,98,estimated,True,2026-08-10T16:02:00,False,none
3858,2,2,2026-08-10T17:00:00,105206.289,60.921,854.591,28720.152,24.64,98,estimated,True,2026-08-10T17:02:00,False,none
3859,2,2,2026-08-10T18:00:00,105269.046,62.757,854.591,28720.152,24.14,98,estimated,True,2026-08-10T18:02:00,False,none
3860,2,2,2026-08-10T19:00:00,105340.98,71.934,854.591,28720.152,23.38,98,estimated,True,2026-08-10T19:02:00,False,none
3861,2,2,2026-08-10T20:00:00,105414.11,73.13,854.591,28720.152,21.1,98,estimated,True,2026-08-10T20:02:00,False,none
3862,2,2,2026-08-10T21:00:00,105467.965,53.855,854.591,28720.152,20.0,98,estimated,True,2026-08-10T21:02:00,False,none
3863,2,2,2026-08-10T22:00:00,105491.285,23.32,854.591,28720.152,18.34,98,estimated,True,2026-08-10T22:02:00,False,none
3864,2,2,2026-08-10T23:00:00,105500.065,8.78,854.591,28720.152,17.33,98,estimated,True,2026-08-10T23:02:00,False,none
3865,2,2,2026-08-11T00:00:00,105502.966,2.901,902.278,28720.152,16.56,98,estimated,True,2026-08-11T00:02:00,False,none
3866,2,2,2026-08-11T01:00:00,105503.689,0.723,902.278,28720.152,15.57,98,estimated,True,2026-08-11T01:02:00,False,none
3867,2,2,2026-08-11T02:00:00,105503.689,0.0,902.278,28720.152,15.47,98,estimated,True,2026-08-11T02:02:00,False,none
3868,2,2,2026-08-11T03:00:00,105503.689,0.0,902.278,28720.152,14.88,98,estimated,True,2026-08-11T03:02:00,False,none
3869,2,2,2026-08-11T04:00:00,105503.689,0.0,902.278,28720.152,15.12,98,estimated,True,2026-08-11T04:02:00,False,none
3870,2,2,2026-08-11T05:00:00,105509.279,5.59,902.278,28720.152,15.48,98,estimated,True,2026-08-11T05:02:00,False,none
3871,2,2,2026-08-11T06:00:00,105543.136,33.857,902.278,28720.152,16.33,98,estimated,True,2026-08-11T06:02:00,False,none
3872,2,2,2026-08-11T07:00:00,105612.199,69.063,902.278,28720.152,17.5,98,estimated,True,2026-08-11T07:02:00,False,none
3873,2,2,2026-08-11T08:00:00,105696.087,83.888,902.278,28720.152,18.89,98,estimated,True,2026-08-11T08:02:00,False,none
3874,2,2,2026-08-11T09:00:00,105750.083,53.996,902.278,28720.152,20.11,98,estimated,True,2026-08-11T09:02:00,False,none
3875,2,2,2026-08-11T10:00:00,105789.698,39.615,902.278,28720.152,21.09,98,estimated,True,2026-08-11T10:02:00,False,none
3876,2,2,2026-08-11T11:00:00,105823.042,33.344,902.278,28720.152,22.52,98,estimated,True,2026-08-11T11:02:00,False,none
3877,2,2,2026-08-11T12:00:00,105863.648,40.606,902.278,28720.152,23.73,98,estimated,True,2026-08-11T12:02:00,False,none
3878,2,2,2026-08-11T13:00:00,105910.136,46.488,902.278,28720.152,24.72,98,estimated,True,2026-08-11T13:02:00,False,none
3879,2,2,2026-08-11T14:00:00,105939.529,29.393,902.278,28720.152,24.63,98,estimated,True,2026-08-11T14:02:00,False,none
3880,2,2,2026-08-11T15:00:00,105972.315,32.786,902.278,28720.152,24.42,98,estimated,True,2026-08-11T15:02:00,False,none
3881,2,2,2026-08-11T16:00:00,106011.534,39.219,902.278,28720.152,24.59,98,estimated,True,2026-08-11T16:02:00,False,none
3882,2,2,2026-08-11T17:00:00,106079.182,67.648,902.278,28720.152,24.01,98,estimated,True,2026-08-11T17:02:00,False,none
3883,2,2,2026-08-11T18:00:00,106167.051,87.869,902.278,28720.152,24.06,98,estimated,True,2026-08-11T18:02:00,False,none
3884,2,2,2026-08-11T19:00:00,106274.754,107.703,902.278,28720.152,22.27,98,estimated,True,2026-08-11T19:02:00,False,none
3885,2,2,2026-08-11T20:00:00,106329.178,54.424,902.278,28720.152,21.11,98,estimated,True,2026-08-11T20:02:00,False,none
3886,2,2,2026-08-11T21:00:00,106370.859,41.681,902.278,28720.152,20.3,98,estimated,True,2026-08-11T21:02:00,False,none
3887,2,2,2026-08-11T22:00:00,106392.437,21.578,902.278,28720.152,19.22,98,estimated,True,2026-08-11T22:02:00,False,none
3888,2,2,2026-08-11T23:00:00,106402.343,9.906,902.278,28720.152,17.86,98,estimated,True,2026-08-11T23:02:00,False,none
3889,2,2,2026-08-12T00:00:00,106404.717,2.374,885.683,28720.152,16.18,98,estimated,True,2026-08-12T00:02:00,False,none
3890,2,2,2026-08-12T01:00:00,106404.717,0.0,885.683,28720.152,15.84,98,estimated,True,2026-08-12T01:02:00,False,none
3891,2,2,2026-08-12T02:00:00,106404.717,0.0,885.683,28720.152,15.18,98,estimated,True,2026-08-12T02:02:00,False,none
3892,2,2,2026-08-12T03:00:00,106404.717,0.0,885.683,28720.152,15.26,98,estimated,True,2026-08-12T03:02:00,False,none
3893,2,2,2026-08-12T04:00:00,106404.717,0.0,885.683,28720.152,15.77,98,estimated,True,2026-08-12T04:02:00,False,none
3894,2,2,2026-08-12T05:00:00,106410.344,5.627,885.683,28720.152,15.74,98,estimated,True,2026-08-12T05:02:00,False,none
3895,2,2,2026-08-12T06:00:00,106436.493,26.149,885.683,28720.152,17.43,98,estimated,True,2026-08-12T06:02:00,False,none
3896,2,2,2026-08-12T07:00:00,106510.494,74.001,885.683,28720.152,18.49,98,estimated,True,2026-08-12T07:02:00,False,none
3897,2,2,2026-08-12T08:00:00,106582.779,72.285,885.683,28720.152,19.07,98,estimated,True,2026-08-12T08:02:00,False,none
3898,2,2,2026-08-12T09:00:00,106629.24,46.461,885.683,28720.152,20.42,98,estimated,True,2026-08-12T09:02:00,False,none
3899,2,2,2026-08-12T10:00:00,106659.206,29.966,885.683,28720.152,22.0,98,estimated,True,2026-08-12T10:02:00,False,none
3900,2,2,2026-08-12T11:00:00,106696.141,36.935,885.683,28720.152,22.65,98,estimated,True,2026-08-12T11:02:00,False,none
3901,2,2,2026-08-12T12:00:00,106745.389,49.248,885.683,28720.152,23.34,98,estimated,True,2026-08-12T12:02:00,False,none
3902,2,2,2026-08-12T13:00:00,106787.465,42.076,885.683,28720.152,24.74,98,estimated,True,2026-08-12T13:02:00,False,none
3903,2,2,2026-08-12T14:00:00,106819.34,31.875,885.683,28720.152,24.31,98,estimated,True,2026-08-12T14:02:00,False,none
3904,2,2,2026-08-12T15:00:00,106848.865,29.525,885.683,28720.152,26.2,98,estimated,True,2026-08-12T15:02:00,False,none
3905,2,2,2026-08-12T16:00:00,106889.925,41.06,885.683,28720.152,25.78,98,estimated,True,2026-08-12T16:02:00,False,none
3906,2,2,2026-08-12T17:00:00,106949.829,59.904,885.683,28720.152,23.98,98,estimated,True,2026-08-12T17:02:00,False,none
3907,2,2,2026-08-12T18:00:00,107028.639,78.81,885.683,28720.152,24.15,98,estimated,True,2026-08-12T18:02:00,False,none
3908,2,2,2026-08-12T19:00:00,107125.531,96.892,885.683,28720.152,22.46,98,estimated,True,2026-08-12T19:02:00,False,none
3909,2,2,2026-08-12T20:00:00,107204.177,78.646,885.683,28720.152,21.49,98,estimated,True,2026-08-12T20:02:00,False,none
3910,2,2,2026-08-12T21:00:00,107254.994,50.817,885.683,28720.152,20.29,98,estimated,True,2026-08-12T21:02:00,False,none
3911,2,2,2026-08-12T22:00:00,107278.235,23.241,885.683,28720.152,18.73,98,estimated,True,2026-08-12T22:02:00,False,none
3912,2,2,2026-08-12T23:00:00,107288.026,9.791,885.683,28720.152,17.32,98,estimated,True,2026-08-12T23:02:00,False,none
3913,2,2,2026-08-13T00:00:00,107291.756,3.73,957.036,28720.152,16.5,98,estimated,True,2026-08-13T00:02:00,False,none
3914,2,2,2026-08-13T01:00:00,107291.756,0.0,957.036,28720.152,15.87,98,estimated,True,2026-08-13T01:02:00,False,none
3915,2,2,2026-08-13T02:00:00,107291.756,0.0,957.036,28720.152,15.06,98,estimated,True,2026-08-13T02:02:00,False,none
3916,2,2,2026-08-13T03:00:00,107291.756,0.0,957.036,28720.152,15.16,98,estimated,True,2026-08-13T03:02:00,False,none
3917,2,2,2026-08-13T04:00:00,107291.756,0.0,957.036,28720.152,15.36,98,estimated,True,2026-08-13T04:02:00,False,none
3918,2,2,2026-08-13T05:00:00,107298.516,6.76,957.036,28720.152,16.15,98,estimated,True,2026-08-13T05:02:00,False,none
3919,2,2,2026-08-13T06:00:00,107332.257,33.741,957.036,28720.152,17.26,98,estimated,True,2026-08-13T06:02:00,False,none
3920,2,2,2026-08-13T07:00:00,107413.914,81.657,957.036,28720.152,18.05,98,estimated,True,2026-08-13T07:02:00,False,none
3921,2,2,2026-08-13T08:00:00,107502.24,88.326,957.036,28720.152,19.13,98,estimated,True,2026-08-13T08:02:00,False,none
3922,2,2,2026-08-13T09:00:00,107544.802,42.562,957.036,28720.152,20.16,98,estimated,True,2026-08-13T09:02:00,False,none
3923,2,2,2026-08-13T10:00:00,107578.684,33.882,957.036,28720.152,21.31,98,estimated,True,2026-08-13T10:02:00,False,none
3924,2,2,2026-08-13T11:00:00,107627.403,48.719,957.036,28720.152,22.82,98,estimated,True,2026-08-13T11:02:00,False,none
3925,2,2,2026-08-13T12:00:00,107679.026,51.623,957.036,28720.152,23.86,98,estimated,True,2026-08-13T12:02:00,False,none
3926,2,2,2026-08-13T13:00:00,107714.397,35.371,957.036,28720.152,24.45,98,estimated,True,2026-08-13T13:02:00,False,none
3927,2,2,2026-08-13T14:00:00,107740.145,25.748,957.036,28720.152,24.59,98,estimated,True,2026-08-13T14:02:00,False,none
3928,2,2,2026-08-13T15:00:00,107771.265,31.12,957.036,28720.152,25.5,98,estimated,True,2026-08-13T15:02:00,False,none
3929,2,2,2026-08-13T16:00:00,107814.586,43.321,957.036,28720.152,25.5,98,estimated,True,2026-08-13T16:02:00,False,none
3930,2,2,2026-08-13T17:00:00,107892.801,78.215,957.036,28720.152,24.48,98,estimated,True,2026-08-13T17:02:00,False,none
3931,2,2,2026-08-13T18:00:00,107992.653,99.852,957.036,28720.152,23.79,98,estimated,True,2026-08-13T18:02:00,False,none
3932,2,2,2026-08-13T19:00:00,108090.805,98.152,957.036,28720.152,22.63,98,estimated,True,2026-08-13T19:02:00,False,none
3933,2,2,2026-08-13T20:00:00,108166.134,75.329,957.036,28720.152,21.96,98,estimated,True,2026-08-13T20:02:00,False,none
3934,2,2,2026-08-13T21:00:00,108214.291,48.157,957.036,28720.152,19.35,98,estimated,True,2026-08-13T21:02:00,False,none
3935,2,2,2026-08-13T22:00:00,108238.335,24.044,957.036,28720.152,19.49,98,estimated,True,2026-08-13T22:02:00,False,none
3936,2,2,2026-08-13T23:00:00,108245.062,6.727,957.036,28720.152,17.97,98,estimated,True,2026-08-13T23:02:00,False,none
3937,2,2,2026-08-14T00:00:00,108248.218,3.156,883.658,28720.152,16.58,98,estimated,True,2026-08-14T00:02:00,False,none
3938,2,2,2026-08-14T01:00:00,108248.218,0.0,883.658,28720.152,16.24,98,estimated,True,2026-08-14T01:02:00,False,none
3939,2,2,2026-08-14T02:00:00,108248.218,0.0,883.658,28720.152,15.27,98,estimated,True,2026-08-14T02:02:00,False,none
3940,2,2,2026-08-14T03:00:00,108249.128,0.91,883.658,28720.152,14.5,98,estimated,True,2026-08-14T03:02:00,False,none
3941,2,2,2026-08-14T04:00:00,108249.128,0.0,883.658,28720.152,16.08,98,estimated,True,2026-08-14T04:02:00,False,none
3942,2,2,2026-08-14T05:00:00,108255.227,6.099,883.658,28720.152,15.97,98,estimated,True,2026-08-14T05:02:00,False,none
3943,2,2,2026-08-14T06:00:00,108278.329,23.102,883.658,28720.152,17.61,98,estimated,True,2026-08-14T06:02:00,False,none
3944,2,2,2026-08-14T07:00:00,108344.462,66.133,883.658,28720.152,17.62,98,estimated,True,2026-08-14T07:02:00,False,none
3945,2,2,2026-08-14T08:00:00,108410.336,65.874,883.658,28720.152,19.69,98,estimated,True,2026-08-14T08:02:00,False,none
3946,2,2,2026-08-14T09:00:00,108462.044,51.708,883.658,28720.152,21.18,98,estimated,True,2026-08-14T09:02:00,False,none
3947,2,2,2026-08-14T10:00:00,108495.157,33.113,883.658,28720.152,21.66,98,estimated,True,2026-08-14T10:02:00,False,none
3948,2,2,2026-08-14T11:00:00,108539.706,44.549,883.658,28720.152,22.73,98,estimated,True,2026-08-14T11:02:00,False,none
3949,2,2,2026-08-14T12:00:00,108586.806,47.1,883.658,28720.152,23.51,98,estimated,True,2026-08-14T12:02:00,False,none
3950,2,2,2026-08-14T13:00:00,108620.191,33.385,883.658,28720.152,24.58,98,estimated,True,2026-08-14T13:02:00,False,none
3951,2,2,2026-08-14T14:00:00,108650.038,29.847,883.658,28720.152,26.27,98,estimated,True,2026-08-14T14:02:00,False,none
3952,2,2,2026-08-14T15:00:00,108685.375,35.337,883.658,28720.152,25.65,98,estimated,True,2026-08-14T15:02:00,False,none
3953,2,2,2026-08-14T16:00:00,108736.689,51.314,883.658,28720.152,24.67,98,estimated,True,2026-08-14T16:02:00,False,none
3954,2,2,2026-08-14T17:00:00,108793.137,56.448,883.658,28720.152,23.73,98,estimated,True,2026-08-14T17:02:00,False,none
3955,2,2,2026-08-14T18:00:00,108886.877,93.74,883.658,28720.152,23.76,98,estimated,True,2026-08-14T18:02:00,False,none
3956,2,2,2026-08-14T19:00:00,108975.516,88.639,883.658,28720.152,22.99,98,estimated,True,2026-08-14T19:02:00,False,none
3957,2,2,2026-08-14T20:00:00,109040.382,64.866,883.658,28720.152,21.69,98,estimated,True,2026-08-14T20:02:00,False,none
3958,2,2,2026-08-14T21:00:00,109092.623,52.241,883.658,28720.152,19.81,98,estimated,True,2026-08-14T21:02:00,False,none
3959,2,2,2026-08-14T22:00:00,109119.535,26.912,883.658,28720.152,19.39,98,estimated,True,2026-08-14T22:02:00,False,none
3960,2,2,2026-08-14T23:00:00,109128.72,9.185,883.658,28720.152,17.59,98,estimated,True,2026-08-14T23:02:00,False,none
3961,2,2,2026-08-15T00:00:00,109133.392,4.672,1154.095,28720.152,16.89,98,estimated,True,2026-08-15T00:02:00,False,none
3962,2,2,2026-08-15T01:00:00,109133.392,0.0,1154.095,28720.152,16.61,98,estimated,True,2026-08-15T01:02:00,False,none
3963,2,2,2026-08-15T02:00:00,109133.392,0.0,1154.095,28720.152,15.21,98,estimated,True,2026-08-15T02:02:00,False,none
3964,2,2,2026-08-15T03:00:00,109133.392,0.0,1154.095,28720.152,15.0,98,estimated,True,2026-08-15T03:02:00,False,none
3965,2,2,2026-08-15T04:00:00,109133.392,0.0,1154.095,28720.152,15.73,98,estimated,True,2026-08-15T04:02:00,False,none
3966,2,2,2026-08-15T05:00:00,109139.788,6.396,1154.095,28720.152,15.76,98,estimated,True,2026-08-15T05:02:00,False,none
3967,2,2,2026-08-15T06:00:00,109175.124,35.336,1154.095,28720.152,17.51,98,estimated,True,2026-08-15T06:02:00,False,none
3968,2,2,2026-08-15T07:00:00,109257.785,82.661,1154.095,28720.152,18.24,98,estimated,True,2026-08-15T07:02:00,False,none
3969,2,2,2026-08-15T08:00:00,109355.669,97.884,1154.095,28720.152,19.89,98,estimated,True,2026-08-15T08:02:00,False,none
3970,2,2,2026-08-15T09:00:00,109424.099,68.43,1154.095,28720.152,20.99,98,estimated,True,2026-08-15T09:02:00,False,none
3971,2,2,2026-08-15T10:00:00,109458.177,34.078,1154.095,28720.152,21.93,98,estimated,True,2026-08-15T10:02:00,False,none
3972,2,2,2026-08-15T11:00:00,109508.867,50.69,1154.095,28720.152,22.15,98,estimated,True,2026-08-15T11:02:00,False,none
3973,2,2,2026-08-15T12:00:00,109560.339,51.472,1154.095,28720.152,24.17,98,estimated,True,2026-08-15T12:02:00,False,none
3974,2,2,2026-08-15T13:00:00,109611.946,51.607,1154.095,28720.152,24.43,98,estimated,True,2026-08-15T13:02:00,False,none
3975,2,2,2026-08-15T14:00:00,109648.523,36.577,1154.095,28720.152,25.59,98,estimated,True,2026-08-15T14:02:00,False,none
3976,2,2,2026-08-15T15:00:00,109683.669,35.146,1154.095,28720.152,25.85,98,estimated,True,2026-08-15T15:02:00,False,none
3977,2,2,2026-08-15T16:00:00,109750.488,66.819,1154.095,28720.152,25.22,98,estimated,True,2026-08-15T16:02:00,False,none
3978,2,2,2026-08-15T17:00:00,109833.55,83.062,1154.095,28720.152,24.89,98,estimated,True,2026-08-15T17:02:00,False,none
3979,2,2,2026-08-15T18:00:00,109929.484,95.934,1154.095,28720.152,24.99,98,estimated,True,2026-08-15T18:02:00,False,none
3980,2,2,2026-08-15T19:00:00,110072.262,142.778,1154.095,28720.152,23.35,98,estimated,True,2026-08-15T19:02:00,False,none
3981,2,2,2026-08-15T20:00:00,110178.935,106.673,1154.095,28720.152,21.7,98,estimated,True,2026-08-15T20:02:00,False,none
3982,2,2,2026-08-15T21:00:00,110236.951,58.016,1154.095,28720.152,20.14,98,estimated,True,2026-08-15T21:02:00,False,none
3983,2,2,2026-08-15T22:00:00,110269.556,32.605,1154.095,28720.152,19.4,98,estimated,True,2026-08-15T22:02:00,False,none
3984,2,2,2026-08-15T23:00:00,110282.815,13.259,1154.095,28720.152,18.48,98,estimated,True,2026-08-15T23:02:00,False,none
3985,2,2,2026-08-16T00:00:00,110287.489,4.674,1161.777,28720.152,17.12,98,estimated,True,2026-08-16T00:02:00,False,none
3986,2,2,2026-08-16T01:00:00,110287.489,0.0,1161.777,28720.152,16.22,98,estimated,True,2026-08-16T01:02:00,False,none
3987,2,2,2026-08-16T02:00:00,110287.489,0.0,1161.777,28720.152,15.43,98,estimated,True,2026-08-16T02:02:00,False,none
3988,2,2,2026-08-16T03:00:00,110287.489,0.0,1161.777,28720.152,15.23,98,estimated,True,2026-08-16T03:02:00,False,none
3989,2,2,2026-08-16T04:00:00,110287.489,0.0,1161.777,28720.152,15.72,98,estimated,True,2026-08-16T04:02:00,False,none
3990,2,2,2026-08-16T05:00:00,110295.219,7.73,1161.777,28720.152,16.7,98,estimated,True,2026-08-16T05:02:00,False,none
3991,2,2,2026-08-16T06:00:00,110342.905,47.686,1161.777,28720.152,16.7,98,estimated,True,2026-08-16T06:02:00,False,none
3992,2,2,2026-08-16T07:00:00,110433.74,90.835,1161.777,28720.152,19.0,98,estimated,True,2026-08-16T07:02:00,False,none
3993,2,2,2026-08-16T08:00:00,110544.207,110.467,1161.777,28720.152,19.59,98,estimated,True,2026-08-16T08:02:00,False,none
3994,2,2,2026-08-16T09:00:00,110610.192,65.985,1161.777,28720.152,20.9,98,estimated,True,2026-08-16T09:02:00,False,none
3995,2,2,2026-08-16T10:00:00,110659.673,49.481,1161.777,28720.152,21.96,98,estimated,True,2026-08-16T10:02:00,False,none
3996,2,2,2026-08-16T11:00:00,110702.993,43.32,1161.777,28720.152,24.12,98,estimated,True,2026-08-16T11:02:00,False,none
3997,2,2,2026-08-16T12:00:00,110754.07,51.077,1161.777,28720.152,24.18,98,estimated,True,2026-08-16T12:02:00,False,none
3998,2,2,2026-08-16T13:00:00,110799.009,44.939,1161.777,28720.152,25.65,98,estimated,True,2026-08-16T13:02:00,False,none
3999,2,2,2026-08-16T14:00:00,110839.049,40.04,1161.777,28720.152,24.94,98,estimated,True,2026-08-16T14:02:00,False,none
4000,2,2,2026-08-16T15:00:00,110883.553,44.504,1161.777,28720.152,26.38,98,estimated,True,2026-08-16T15:02:00,False,none
4001,2,2,2026-08-16T16:00:00,110942.079,58.526,1161.777,28720.152,25.6,98,estimated,True,2026-08-16T16:02:00,False,none
4002,2,2,2026-08-16T17:00:00,111015.317,73.238,1161.777,28720.152,25.58,98,estimated,True,2026-08-16T17:02:00,False,none
4003,2,2,2026-08-16T18:00:00,111124.348,109.031,1161.777,28720.152,24.17,98,estimated,True,2026-08-16T18:02:00,False,none
4004,2,2,2026-08-16T19:00:00,111238.672,114.324,1161.777,28720.152,22.72,98,estimated,True,2026-08-16T19:02:00,False,none
4005,2,2,2026-08-16T20:00:00,111341.945,103.273,1161.777,28720.152,22.42,98,estimated,True,2026-08-16T20:02:00,False,none
4006,2,2,2026-08-16T21:00:00,111406.282,64.337,1161.777,28720.152,20.94,98,estimated,True,2026-08-16T21:02:00,False,none
4007,2,2,2026-08-16T22:00:00,111433.177,26.895,1161.777,28720.152,19.6,98,estimated,True,2026-08-16T22:02:00,False,none
4008,2,2,2026-08-16T23:00:00,111444.592,11.415,1161.777,28720.152,18.06,98,estimated,True,2026-08-16T23:02:00,False,none
4009,2,2,2026-08-17T00:00:00,111447.675,3.083,915.835,28720.152,17.42,98,estimated,True,2026-08-17T00:02:00,False,none
4010,2,2,2026-08-17T01:00:00,111447.675,0.0,915.835,28720.152,16.46,98,estimated,True,2026-08-17T01:02:00,False,none
4011,2,2,2026-08-17T02:00:00,111447.675,0.0,915.835,28720.152,15.33,98,estimated,True,2026-08-17T02:02:00,False,none
4012,2,2,2026-08-17T03:00:00,111447.675,0.0,915.835,28720.152,15.67,98,estimated,True,2026-08-17T03:02:00,False,none
4013,2,2,2026-08-17T04:00:00,111447.675,0.0,915.835,28720.152,15.05,98,estimated,True,2026-08-17T04:02:00,False,none
4014,2,2,2026-08-17T05:00:00,111453.137,5.462,915.835,28720.152,16.6,98,estimated,True,2026-08-17T05:02:00,False,none
4015,2,2,2026-08-17T06:00:00,111478.698,25.561,915.835,28720.152,17.9,98,estimated,True,2026-08-17T06:02:00,False,none
4016,2,2,2026-08-17T07:00:00,111558.91,80.212,915.835,28720.152,18.05,98,estimated,True,2026-08-17T07:02:00,False,none
4017,2,2,2026-08-17T08:00:00,111649.584,90.674,915.835,28720.152,19.61,98,estimated,True,2026-08-17T08:02:00,False,none
4018,2,2,2026-08-17T09:00:00,111696.226,46.642,915.835,28720.152,21.67,98,estimated,True,2026-08-17T09:02:00,False,none
4019,2,2,2026-08-17T10:00:00,111729.036,32.81,915.835,28720.152,22.1,98,estimated,True,2026-08-17T10:02:00,False,none
4020,2,2,2026-08-17T11:00:00,111767.134,38.098,915.835,28720.152,22.57,98,estimated,True,2026-08-17T11:02:00,False,none
4021,2,2,2026-08-17T12:00:00,111815.293,48.159,915.835,28720.152,24.74,98,estimated,True,2026-08-17T12:02:00,False,none
4022,2,2,2026-08-17T13:00:00,111850.383,35.09,915.835,28720.152,25.43,98,estimated,True,2026-08-17T13:02:00,False,none
4023,2,2,2026-08-17T14:00:00,111882.954,32.571,915.835,28720.152,25.42,98,estimated,True,2026-08-17T14:02:00,False,none
4024,2,2,2026-08-17T15:00:00,111915.143,32.189,915.835,28720.152,25.65,98,estimated,True,2026-08-17T15:02:00,False,none
4025,2,2,2026-08-17T16:00:00,111964.978,49.835,915.835,28720.152,25.74,98,estimated,True,2026-08-17T16:02:00,False,none
4026,2,2,2026-08-17T17:00:00,112017.497,52.519,915.835,28720.152,25.57,98,estimated,True,2026-08-17T17:02:00,False,none
4027,2,2,2026-08-17T18:00:00,112111.208,93.711,915.835,28720.152,23.91,98,estimated,True,2026-08-17T18:02:00,False,none
4028,2,2,2026-08-17T19:00:00,112196.718,85.51,915.835,28720.152,23.32,98,estimated,True,2026-08-17T19:02:00,False,none
4029,2,2,2026-08-17T20:00:00,112271.862,75.144,915.835,28720.152,22.55,98,estimated,True,2026-08-17T20:02:00,False,none
4030,2,2,2026-08-17T21:00:00,112324.41,52.548,915.835,28720.152,20.87,98,estimated,True,2026-08-17T21:02:00,False,none
4031,2,2,2026-08-17T22:00:00,112351.279,26.869,915.835,28720.152,19.4,98,estimated,True,2026-08-17T22:02:00,False,none
4032,2,2,2026-08-17T23:00:00,112360.427,9.148,915.835,28720.152,18.03,98,estimated,True,2026-08-17T23:02:00,False,none
4033,2,2,2026-08-18T00:00:00,112362.152,1.725,884.648,28720.152,18.07,98,estimated,True,2026-08-18T00:02:00,False,none
4034,2,2,2026-08-18T01:00:00,112362.152,0.0,884.648,28720.152,16.56,98,estimated,True,2026-08-18T01:02:00,False,none
4035,2,2,2026-08-18T02:00:00,112362.152,0.0,884.648,28720.152,16.36,98,estimated,True,2026-08-18T02:02:00,False,none
4036,2,2,2026-08-18T03:00:00,112362.152,0.0,884.648,28720.152,16.5,98,estimated,True,2026-08-18T03:02:00,False,none
4037,2,2,2026-08-18T04:00:00,112362.152,0.0,884.648,28720.152,16.0,98,estimated,True,2026-08-18T04:02:00,False,none
4038,2,2,2026-08-18T05:00:00,112367.237,5.085,884.648,28720.152,16.97,98,estimated,True,2026-08-18T05:02:00,False,none
4039,2,2,2026-08-18T06:00:00,112396.748,29.511,884.648,28720.152,16.65,98,estimated,True,2026-08-18T06:02:00,False,none
4040,2,2,2026-08-18T07:00:00,112462.34,65.592,884.648,28720.152,18.55,98,estimated,True,2026-08-18T07:02:00,False,none
4041,2,2,2026-08-18T08:00:00,112526.451,64.111,884.648,28720.152,19.27,98,estimated,True,2026-08-18T08:02:00,False,none
4042,2,2,2026-08-18T09:00:00,112582.81,56.359,884.648,28720.152,20.82,98,estimated,True,2026-08-18T09:02:00,False,none
4043,2,2,2026-08-18T10:00:00,112621.563,38.753,884.648,28720.152,22.82,98,estimated,True,2026-08-18T10:02:00,False,none
4044,2,2,2026-08-18T11:00:00,112655.656,34.093,884.648,28720.152,23.2,98,estimated,True,2026-08-18T11:02:00,False,none
4045,2,2,2026-08-18T12:00:00,112704.328,48.672,884.648,28720.152,24.76,98,estimated,True,2026-08-18T12:02:00,False,none
4046,2,2,2026-08-18T13:00:00,112732.192,27.864,884.648,28720.152,25.52,98,estimated,True,2026-08-18T13:02:00,False,none
4047,2,2,2026-08-18T14:00:00,112760.357,28.165,884.648,28720.152,25.51,98,estimated,True,2026-08-18T14:02:00,False,none
4048,2,2,2026-08-18T15:00:00,112794.461,34.104,884.648,28720.152,26.22,98,estimated,True,2026-08-18T15:02:00,False,none
4049,2,2,2026-08-18T16:00:00,112838.542,44.081,884.648,28720.152,25.91,98,estimated,True,2026-08-18T16:02:00,False,none
4050,2,2,2026-08-18T17:00:00,112905.843,67.301,884.648,28720.152,25.39,98,estimated,True,2026-08-18T17:02:00,False,none
4051,2,2,2026-08-18T18:00:00,112994.158,88.315,884.648,28720.152,24.69,98,estimated,True,2026-08-18T18:02:00,False,none
4052,2,2,2026-08-18T19:00:00,113085.49,91.332,884.648,28720.152,23.42,98,estimated,True,2026-08-18T19:02:00,False,none
4053,2,2,2026-08-18T20:00:00,113161.34,75.85,884.648,28720.152,22.52,98,estimated,True,2026-08-18T20:02:00,False,none
4054,2,2,2026-08-18T21:00:00,113217.134,55.794,884.648,28720.152,21.18,98,estimated,True,2026-08-18T21:02:00,False,none
4055,2,2,2026-08-18T22:00:00,113237.985,20.851,884.648,28720.152,19.84,98,estimated,True,2026-08-18T22:02:00,False,none
4056,2,2,2026-08-18T23:00:00,113245.075,7.09,884.648,28720.152,18.88,98,estimated,True,2026-08-18T23:02:00,False,none
4057,2,2,2026-08-19T00:00:00,113248.17,3.095,842.652,28720.152,17.25,98,estimated,True,2026-08-19T00:02:00,False,none
4058,2,2,2026-08-19T01:00:00,113248.305,0.135,842.652,28720.152,17.1,98,estimated,True,2026-08-19T01:02:00,False,none
4059,2,2,2026-08-19T02:00:00,113248.305,0.0,842.652,28720.152,16.68,98,estimated,True,2026-08-19T02:02:00,False,none
4060,2,2,2026-08-19T03:00:00,113248.305,0.0,842.652,28720.152,16.5,98,estimated,True,2026-08-19T03:02:00,False,none
4061,2,2,2026-08-19T04:00:00,113248.305,0.0,842.652,28720.152,17.0,98,estimated,True,2026-08-19T04:02:00,False,none
4062,2,2,2026-08-19T05:00:00,113254.534,6.229,842.652,28720.152,16.61,98,estimated,True,2026-08-19T05:02:00,False,none
4063,2,2,2026-08-19T06:00:00,113284.555,30.021,842.652,28720.152,17.66,98,estimated,True,2026-08-19T06:02:00,False,none
4064,2,2,2026-08-19T07:00:00,113346.356,61.801,842.652,28720.152,18.9,98,estimated,True,2026-08-19T07:02:00,False,none
4065,2,2,2026-08-19T08:00:00,113429.521,83.165,842.652,28720.152,19.79,98,estimated,True,2026-08-19T08:02:00,False,none
4066,2,2,2026-08-19T09:00:00,113484.484,54.963,842.652,28720.152,21.02,98,estimated,True,2026-08-19T09:02:00,False,none
4067,2,2,2026-08-19T10:00:00,113515.333,30.849,842.652,28720.152,23.26,98,estimated,True,2026-08-19T10:02:00,False,none
4068,2,2,2026-08-19T11:00:00,113545.399,30.066,842.652,28720.152,23.06,98,estimated,True,2026-08-19T11:02:00,False,none
4069,2,2,2026-08-19T12:00:00,113587.025,41.626,842.652,28720.152,24.7,98,estimated,True,2026-08-19T12:02:00,False,none
4070,2,2,2026-08-19T13:00:00,113624.355,37.33,842.652,28720.152,25.63,98,estimated,True,2026-08-19T13:02:00,False,none
4071,2,2,2026-08-19T14:00:00,113646.465,22.11,842.652,28720.152,25.41,98,estimated,True,2026-08-19T14:02:00,False,none
4072,2,2,2026-08-19T15:00:00,113678.277,31.812,842.652,28720.152,26.34,98,estimated,True,2026-08-19T15:02:00,False,none
4073,2,2,2026-08-19T16:00:00,113712.244,33.967,842.652,28720.152,25.88,98,estimated,True,2026-08-19T16:02:00,False,none
4074,2,2,2026-08-19T17:00:00,113783.92,71.676,842.652,28720.152,25.74,98,estimated,True,2026-08-19T17:02:00,False,none
4075,2,2,2026-08-19T18:00:00,113862.632,78.712,842.652,28720.152,24.87,98,estimated,True,2026-08-19T18:02:00,False,none
4076,2,2,2026-08-19T19:00:00,113938.254,75.622,842.652,28720.152,23.74,98,estimated,True,2026-08-19T19:02:00,False,none
4077,2,2,2026-08-19T20:00:00,114012.466,74.212,842.652,28720.152,22.94,98,estimated,True,2026-08-19T20:02:00,False,none
4078,2,2,2026-08-19T21:00:00,114058.784,46.318,842.652,28720.152,20.51,98,estimated,True,2026-08-19T21:02:00,False,none
4079,2,2,2026-08-19T22:00:00,114080.493,21.709,842.652,28720.152,20.11,98,estimated,True,2026-08-19T22:02:00,False,none
4080,2,2,2026-08-19T23:00:00,114087.727,7.234,842.652,28720.152,18.61,98,estimated,True,2026-08-19T23:02:00,False,none
4081,2,2,2026-08-20T00:00:00,114090.035,2.308,911.189,28720.152,18.12,98,estimated,True,2026-08-20T00:02:00,False,none
4082,2,2,2026-08-20T01:00:00,114090.035,0.0,911.189,28720.152,16.24,98,estimated,True,2026-08-20T01:02:00,False,none
4083,2,2,2026-08-20T02:00:00,114090.035,0.0,911.189,28720.152,16.67,98,estimated,True,2026-08-20T02:02:00,False,none
4084,2,2,2026-08-20T03:00:00,114090.498,0.463,911.189,28720.152,16.56,98,estimated,True,2026-08-20T03:02:00,False,none
4085,2,2,2026-08-20T04:00:00,114090.498,0.0,911.189,28720.152,16.93,98,estimated,True,2026-08-20T04:02:00,False,none
4086,2,2,2026-08-20T05:00:00,114095.29,4.792,911.189,28720.152,16.72,98,estimated,True,2026-08-20T05:02:00,False,none
4087,2,2,2026-08-20T06:00:00,114134.015,38.725,911.189,28720.152,17.44,98,estimated,True,2026-08-20T06:02:00,False,none
4088,2,2,2026-08-20T07:00:00,114204.331,70.316,911.189,28720.152,19.14,98,estimated,True,2026-08-20T07:02:00,False,none
4089,2,2,2026-08-20T08:00:00,114292.433,88.102,911.189,28720.152,19.71,98,estimated,True,2026-08-20T08:02:00,False,none
4090,2,2,2026-08-20T09:00:00,114344.619,52.186,911.189,28720.152,21.38,98,estimated,True,2026-08-20T09:02:00,False,none
4091,2,2,2026-08-20T10:00:00,114379.19,34.571,911.189,28720.152,22.33,98,estimated,True,2026-08-20T10:02:00,False,none
4092,2,2,2026-08-20T11:00:00,114415.126,35.936,911.189,28720.152,23.76,98,estimated,True,2026-08-20T11:02:00,False,none
4093,2,2,2026-08-20T12:00:00,114452.006,36.88,911.189,28720.152,25.26,98,estimated,True,2026-08-20T12:02:00,False,none
4094,2,2,2026-08-20T13:00:00,114491.77,39.764,911.189,28720.152,25.98,98,estimated,True,2026-08-20T13:02:00,False,none
4095,2,2,2026-08-20T14:00:00,114517.253,25.483,911.189,28720.152,25.91,98,estimated,True,2026-08-20T14:02:00,False,none
4096,2,2,2026-08-20T15:00:00,114549.616,32.363,911.189,28720.152,26.34,98,estimated,True,2026-08-20T15:02:00,False,none
4097,2,2,2026-08-20T16:00:00,114594.399,44.783,911.189,28720.152,26.2,98,estimated,True,2026-08-20T16:02:00,False,none
4098,2,2,2026-08-20T17:00:00,114653.332,58.933,911.189,28720.152,26.46,98,estimated,True,2026-08-20T17:02:00,False,none
4099,2,2,2026-08-20T18:00:00,114749.64,96.308,911.189,28720.152,24.28,98,estimated,True,2026-08-20T18:02:00,False,none
4100,2,2,2026-08-20T19:00:00,114844.353,94.713,911.189,28720.152,24.6,98,estimated,True,2026-08-20T19:02:00,False,none
4101,2,2,2026-08-20T20:00:00,114916.751,72.398,911.189,28720.152,22.29,98,estimated,True,2026-08-20T20:02:00,False,none
4102,2,2,2026-08-20T21:00:00,114968.509,51.758,911.189,28720.152,20.98,98,estimated,True,2026-08-20T21:02:00,False,none
4103,2,2,2026-08-20T22:00:00,114990.307,21.798,911.189,28720.152,19.59,98,estimated,True,2026-08-20T22:02:00,False,none
4104,2,2,2026-08-20T23:00:00,114998.916,8.609,911.189,28720.152,18.53,98,estimated,True,2026-08-20T23:02:00,False,none
4105,2,2,2026-08-21T00:00:00,115001.884,2.968,923.297,28720.152,17.97,98,estimated,True,2026-08-21T00:02:00,False,none
4106,2,2,2026-08-21T01:00:00,115001.884,0.0,923.297,28720.152,17.33,98,estimated,True,2026-08-21T01:02:00,False,none
4107,2,2,2026-08-21T02:00:00,115001.884,0.0,923.297,28720.152,17.02,98,estimated,True,2026-08-21T02:02:00,False,none
4108,2,2,2026-08-21T03:00:00,115001.884,0.0,923.297,28720.152,16.84,98,estimated,True,2026-08-21T03:02:00,False,none
4109,2,2,2026-08-21T04:00:00,115003.36,1.476,923.297,28720.152,16.23,98,estimated,True,2026-08-21T04:02:00,False,none
4110,2,2,2026-08-21T05:00:00,115009.291,5.931,923.297,28720.152,17.26,98,estimated,True,2026-08-21T05:02:00,False,none
4111,2,2,2026-08-21T06:00:00,115039.834,30.543,923.297,28720.152,17.72,98,estimated,True,2026-08-21T06:02:00,False,none
4112,2,2,2026-08-21T07:00:00,115109.176,69.342,923.297,28720.152,19.07,98,estimated,True,2026-08-21T07:02:00,False,none
4113,2,2,2026-08-21T08:00:00,115196.653,87.477,923.297,28720.152,20.49,98,estimated,True,2026-08-21T08:02:00,False,none
4114,2,2,2026-08-21T09:00:00,115240.139,43.486,923.297,28720.152,21.74,98,estimated,True,2026-08-21T09:02:00,False,none
4115,2,2,2026-08-21T10:00:00,115271.834,31.695,923.297,28720.152,22.57,98,estimated,True,2026-08-21T10:02:00,False,none
4116,2,2,2026-08-21T11:00:00,115316.396,44.562,923.297,28720.152,24.04,98,estimated,True,2026-08-21T11:02:00,False,none
4117,2,2,2026-08-21T12:00:00,115359.681,43.285,923.297,28720.152,24.72,98,estimated,True,2026-08-21T12:02:00,False,none
4118,2,2,2026-08-21T13:00:00,115395.359,35.678,923.297,28720.152,26.36,98,estimated,True,2026-08-21T13:02:00,False,none
4119,2,2,2026-08-21T14:00:00,115423.518,28.159,923.297,28720.152,26.66,98,estimated,True,2026-08-21T14:02:00,False,none
4120,2,2,2026-08-21T15:00:00,115454.211,30.693,923.297,28720.152,26.75,98,estimated,True,2026-08-21T15:02:00,False,none
4121,2,2,2026-08-21T16:00:00,115489.267,35.056,923.297,28720.152,26.75,98,estimated,True,2026-08-21T16:02:00,False,none
4122,2,2,2026-08-21T17:00:00,115553.665,64.398,923.297,28720.152,25.83,98,estimated,True,2026-08-21T17:02:00,False,none
4123,2,2,2026-08-21T18:00:00,115656.987,103.322,923.297,28720.152,25.4,98,estimated,True,2026-08-21T18:02:00,False,none
4124,2,2,2026-08-21T19:00:00,115763.495,106.508,923.297,28720.152,23.99,98,estimated,True,2026-08-21T19:02:00,False,none
4125,2,2,2026-08-21T20:00:00,115848.703,85.208,923.297,28720.152,22.68,98,estimated,True,2026-08-21T20:02:00,False,none
4126,2,2,2026-08-21T21:00:00,115891.487,42.784,923.297,28720.152,21.98,98,estimated,True,2026-08-21T21:02:00,False,none
4127,2,2,2026-08-21T22:00:00,115913.96,22.473,923.297,28720.152,20.48,98,estimated,True,2026-08-21T22:02:00,False,none
4128,2,2,2026-08-21T23:00:00,115922.213,8.253,923.297,28720.152,19.4,98,estimated,True,2026-08-21T23:02:00,False,none
4129,2,2,2026-08-22T00:00:00,115927.027,4.814,1234.869,28720.152,18.22,98,estimated,True,2026-08-22T00:02:00,False,none
4130,2,2,2026-08-22T01:00:00,115927.027,0.0,1234.869,28720.152,17.51,98,estimated,True,2026-08-22T01:02:00,False,none
4131,2,2,2026-08-22T02:00:00,115927.027,0.0,1234.869,28720.152,16.44,98,estimated,True,2026-08-22T02:02:00,False,none
4132,2,2,2026-08-22T03:00:00,115927.027,0.0,1234.869,28720.152,17.49,98,estimated,True,2026-08-22T03:02:00,False,none
4133,2,2,2026-08-22T04:00:00,115927.027,0.0,1234.869,28720.152,16.6,98,estimated,True,2026-08-22T04:02:00,False,none
4134,2,2,2026-08-22T05:00:00,115934.556,7.529,1234.869,28720.152,17.54,98,estimated,True,2026-08-22T05:02:00,False,none
4135,2,2,2026-08-22T06:00:00,115983.265,48.709,1234.869,28720.152,18.81,98,estimated,True,2026-08-22T06:02:00,False,none
4136,2,2,2026-08-22T07:00:00,116081.107,97.842,1234.869,28720.152,19.11,98,estimated,True,2026-08-22T07:02:00,False,none
4137,2,2,2026-08-22T08:00:00,116202.856,121.749,1234.869,28720.152,20.89,98,estimated,True,2026-08-22T08:02:00,False,none
4138,2,2,2026-08-22T09:00:00,116254.196,51.34,1234.869,28720.152,22.08,98,estimated,True,2026-08-22T09:02:00,False,none
4139,2,2,2026-08-22T10:00:00,116292.636,38.44,1234.869,28720.152,23.11,98,estimated,True,2026-08-22T10:02:00,False,none
4140,2,2,2026-08-22T11:00:00,116350.828,58.192,1234.869,28720.152,24.3,98,estimated,True,2026-08-22T11:02:00,False,none
4141,2,2,2026-08-22T12:00:00,116418.533,67.705,1234.869,28720.152,25.54,98,estimated,True,2026-08-22T12:02:00,False,none
4142,2,2,2026-08-22T13:00:00,116459.635,41.102,1234.869,28720.152,26.35,98,estimated,True,2026-08-22T13:02:00,False,none
4143,2,2,2026-08-22T14:00:00,116497.491,37.856,1234.869,28720.152,25.7,98,estimated,True,2026-08-22T14:02:00,False,none
4144,2,2,2026-08-22T15:00:00,116534.176,36.685,1234.869,28720.152,26.79,98,estimated,True,2026-08-22T15:02:00,False,none
4145,2,2,2026-08-22T16:00:00,116585.075,50.899,1234.869,28720.152,26.03,98,estimated,True,2026-08-22T16:02:00,False,none
4146,2,2,2026-08-22T17:00:00,116673.664,88.589,1234.869,28720.152,26.13,98,estimated,True,2026-08-22T17:02:00,False,none
4147,2,2,2026-08-22T18:00:00,116811.206,137.542,1234.869,28720.152,25.49,98,estimated,True,2026-08-22T18:02:00,False,none
4148,2,2,2026-08-22T19:00:00,116942.802,131.596,1234.869,28720.152,23.97,98,estimated,True,2026-08-22T19:02:00,False,none
4149,2,2,2026-08-22T20:00:00,117047.561,104.759,1234.869,28720.152,23.19,98,estimated,True,2026-08-22T20:02:00,False,none
4150,2,2,2026-08-22T21:00:00,117118.918,71.357,1234.869,28720.152,21.71,98,estimated,True,2026-08-22T21:02:00,False,none
4151,2,2,2026-08-22T22:00:00,117146.245,27.327,1234.869,28720.152,20.7,98,estimated,True,2026-08-22T22:02:00,False,none
4152,2,2,2026-08-22T23:00:00,117157.082,10.837,1234.869,28720.152,19.38,98,estimated,True,2026-08-22T23:02:00,False,none
4153,2,2,2026-08-23T00:00:00,117159.857,2.775,1183.918,28720.152,18.78,98,estimated,True,2026-08-23T00:02:00,False,none
4154,2,2,2026-08-23T01:00:00,117159.857,0.0,1183.918,28720.152,17.78,98,estimated,True,2026-08-23T01:02:00,False,none
4155,2,2,2026-08-23T02:00:00,117159.857,0.0,1183.918,28720.152,16.53,98,estimated,True,2026-08-23T02:02:00,False,none
4156,2,2,2026-08-23T03:00:00,117159.857,0.0,1183.918,28720.152,17.21,98,estimated,True,2026-08-23T03:02:00,False,none
4157,2,2,2026-08-23T04:00:00,117159.857,0.0,1183.918,28720.152,16.69,98,estimated,True,2026-08-23T04:02:00,False,none
4158,2,2,2026-08-23T05:00:00,117167.241,7.384,1183.918,28720.152,18.3,98,estimated,True,2026-08-23T05:02:00,False,none
4159,2,2,2026-08-23T06:00:00,117212.554,45.313,1183.918,28720.152,18.51,98,estimated,True,2026-08-23T06:02:00,False,none
4160,2,2,2026-08-23T07:00:00,117289.725,77.171,1183.918,28720.152,19.79,98,estimated,True,2026-08-23T07:02:00,False,none
4161,2,2,2026-08-23T08:00:00,117393.243,103.518,1183.918,28720.152,20.8,98,estimated,True,2026-08-23T08:02:00,False,none
4162,2,2,2026-08-23T09:00:00,117454.643,61.4,1183.918,28720.152,21.42,98,estimated,True,2026-08-23T09:02:00,False,none
4163,2,2,2026-08-23T10:00:00,117498.657,44.014,1183.918,28720.152,23.34,98,estimated,True,2026-08-23T10:02:00,False,none
4164,2,2,2026-08-23T11:00:00,117557.921,59.264,1183.918,28720.152,24.03,98,estimated,True,2026-08-23T11:02:00,False,none
4165,2,2,2026-08-23T12:00:00,117617.696,59.775,1183.918,28720.152,25.62,98,estimated,True,2026-08-23T12:02:00,False,none
4166,2,2,2026-08-23T13:00:00,117662.007,44.311,1183.918,28720.152,26.61,98,estimated,True,2026-08-23T13:02:00,False,none
4167,2,2,2026-08-23T14:00:00,117698.364,36.357,1183.918,28720.152,27.13,98,estimated,True,2026-08-23T14:02:00,False,none
4168,2,2,2026-08-23T15:00:00,117742.755,44.391,1183.918,28720.152,26.76,98,estimated,True,2026-08-23T15:02:00,False,none
4169,2,2,2026-08-23T16:00:00,117805.275,62.52,1183.918,28720.152,27.55,98,estimated,True,2026-08-23T16:02:00,False,none
4170,2,2,2026-08-23T17:00:00,117883.243,77.968,1183.918,28720.152,26.82,98,estimated,True,2026-08-23T17:02:00,False,none
4171,2,2,2026-08-23T18:00:00,118019.154,135.911,1183.918,28720.152,25.02,98,estimated,True,2026-08-23T18:02:00,False,none
4172,2,2,2026-08-23T19:00:00,118160.201,141.047,1183.918,28720.152,25.44,98,estimated,True,2026-08-23T19:02:00,False,none
4173,2,2,2026-08-23T20:00:00,118243.501,83.3,1183.918,28720.152,23.28,98,estimated,True,2026-08-23T20:02:00,False,none
4174,2,2,2026-08-23T21:00:00,118293.952,50.451,1183.918,28720.152,21.7,98,estimated,True,2026-08-23T21:02:00,False,none
4175,2,2,2026-08-23T22:00:00,118329.438,35.486,1183.918,28720.152,20.79,98,estimated,True,2026-08-23T22:02:00,False,none
4176,2,2,2026-08-23T23:00:00,118341.0,11.562,1183.918,28720.152,19.57,98,estimated,True,2026-08-23T23:02:00,False,none
4177,2,2,2026-08-24T00:00:00,118343.503,2.503,927.394,28720.152,19.39,98,estimated,True,2026-08-24T00:02:00,False,none
4178,2,2,2026-08-24T01:00:00,118346.227,2.724,927.394,28720.152,18.86,98,estimated,True,2026-08-24T01:02:00,False,none
4179,2,2,2026-08-24T02:00:00,118346.227,0.0,927.394,28720.152,16.94,98,estimated,True,2026-08-24T02:02:00,False,none
4180,2,2,2026-08-24T03:00:00,118346.227,0.0,927.394,28720.152,17.65,98,estimated,True,2026-08-24T03:02:00,False,none
4181,2,2,2026-08-24T04:00:00,118346.227,0.0,927.394,28720.152,17.77,98,estimated,True,2026-08-24T04:02:00,False,none
4182,2,2,2026-08-24T05:00:00,118350.897,4.67,927.394,28720.152,17.54,98,estimated,True,2026-08-24T05:02:00,False,none
4183,2,2,2026-08-24T06:00:00,118380.124,29.227,927.394,28720.152,18.88,98,estimated,True,2026-08-24T06:02:00,False,none
4184,2,2,2026-08-24T07:00:00,118456.281,76.157,927.394,28720.152,19.74,98,estimated,True,2026-08-24T07:02:00,False,none
4185,2,2,2026-08-24T08:00:00,118551.807,95.526,927.394,28720.152,21.37,98,estimated,True,2026-08-24T08:02:00,False,none
4186,2,2,2026-08-24T09:00:00,118600.59,48.783,927.394,28720.152,21.98,98,estimated,True,2026-08-24T09:02:00,False,none
4187,2,2,2026-08-24T10:00:00,118636.333,35.743,927.394,28720.152,23.97,98,estimated,True,2026-08-24T10:02:00,False,none
4188,2,2,2026-08-24T11:00:00,118677.902,41.569,927.394,28720.152,25.49,98,estimated,True,2026-08-24T11:02:00,False,none
4189,2,2,2026-08-24T12:00:00,118726.684,48.782,927.394,28720.152,26.65,98,estimated,True,2026-08-24T12:02:00,False,none
4190,2,2,2026-08-24T13:00:00,118762.801,36.117,927.394,28720.152,27.13,98,estimated,True,2026-08-24T13:02:00,False,none
4191,2,2,2026-08-24T14:00:00,118794.915,32.114,927.394,28720.152,27.21,98,estimated,True,2026-08-24T14:02:00,False,none
4192,2,2,2026-08-24T15:00:00,118830.094,35.179,927.394,28720.152,28.02,98,estimated,True,2026-08-24T15:02:00,False,none
4193,2,2,2026-08-24T16:00:00,118880.656,50.562,927.394,28720.152,27.17,98,estimated,True,2026-08-24T16:02:00,False,none
4194,2,2,2026-08-24T17:00:00,118932.228,51.572,927.394,28720.152,25.83,98,estimated,True,2026-08-24T17:02:00,False,none
4195,2,2,2026-08-24T18:00:00,119020.316,88.088,927.394,28720.152,26.18,98,estimated,True,2026-08-24T18:02:00,False,none
4196,2,2,2026-08-24T19:00:00,119111.465,91.149,927.394,28720.152,25.12,98,estimated,True,2026-08-24T19:02:00,False,none
4197,2,2,2026-08-24T20:00:00,119177.774,66.309,927.394,28720.152,23.9,98,estimated,True,2026-08-24T20:02:00,False,none
4198,2,2,2026-08-24T21:00:00,119231.56,53.786,927.394,28720.152,22.6,98,estimated,True,2026-08-24T21:02:00,False,none
4199,2,2,2026-08-24T22:00:00,119259.636,28.076,927.394,28720.152,21.57,98,estimated,True,2026-08-24T22:02:00,False,none
4200,2,2,2026-08-24T23:00:00,119268.394,8.758,927.394,28720.152,19.97,98,estimated,True,2026-08-24T23:02:00,False,none
4201,2,2,2026-08-25T00:00:00,119270.795,2.401,888.579,28720.152,18.49,98,estimated,True,2026-08-25T00:02:00,False,none
4202,2,2,2026-08-25T01:00:00,119270.795,0.0,888.579,28720.152,18.22,98,estimated,True,2026-08-25T01:02:00,False,none
4203,2,2,2026-08-25T02:00:00,119270.795,0.0,888.579,28720.152,17.42,98,estimated,True,2026-08-25T02:02:00,False,none
4204,2,2,2026-08-25T03:00:00,119270.795,0.0,888.579,28720.152,17.46,98,estimated,True,2026-08-25T03:02:00,False,none
4205,2,2,2026-08-25T04:00:00,119270.795,0.0,888.579,28720.152,18.18,98,estimated,True,2026-08-25T04:02:00,False,none
4206,2,2,2026-08-25T05:00:00,119276.634,5.839,888.579,28720.152,18.57,98,estimated,True,2026-08-25T05:02:00,False,none
4207,2,2,2026-08-25T06:00:00,119309.874,33.24,888.579,28720.152,19.49,98,estimated,True,2026-08-25T06:02:00,False,none
4208,2,2,2026-08-25T07:00:00,119373.944,64.07,888.579,28720.152,20.01,98,estimated,True,2026-08-25T07:02:00,False,none
4209,2,2,2026-08-25T08:00:00,119461.558,87.614,888.579,28720.152,21.46,98,estimated,True,2026-08-25T08:02:00,False,none
4210,2,2,2026-08-25T09:00:00,119519.709,58.151,888.579,28720.152,23.19,98,estimated,True,2026-08-25T09:02:00,False,none
4211,2,2,2026-08-25T10:00:00,119553.213,33.504,888.579,28720.152,23.71,98,estimated,True,2026-08-25T10:02:00,False,none
4212,2,2,2026-08-25T11:00:00,119597.856,44.643,888.579,28720.152,25.4,98,estimated,True,2026-08-25T11:02:00,False,none
4213,2,2,2026-08-25T12:00:00,119643.219,45.363,888.579,28720.152,26.54,98,estimated,True,2026-08-25T12:02:00,False,none
4214,2,2,2026-08-25T13:00:00,119675.857,32.638,888.579,28720.152,26.46,98,estimated,True,2026-08-25T13:02:00,False,none
4215,2,2,2026-08-25T14:00:00,119706.207,30.35,888.579,28720.152,27.57,98,estimated,True,2026-08-25T14:02:00,False,none
4216,2,2,2026-08-25T15:00:00,119738.209,32.002,888.579,28720.152,27.19,98,estimated,True,2026-08-25T15:02:00,False,none
4217,2,2,2026-08-25T16:00:00,119776.0,37.791,888.579,28720.152,27.71,98,estimated,True,2026-08-25T16:02:00,False,none
4218,2,2,2026-08-25T17:00:00,119837.03,61.03,888.579,28720.152,27.4,98,estimated,True,2026-08-25T17:02:00,False,none
4219,2,2,2026-08-25T18:00:00,119920.143,83.113,888.579,28720.152,26.67,98,estimated,True,2026-08-25T18:02:00,False,none
4220,2,2,2026-08-25T19:00:00,120005.62,85.477,888.579,28720.152,24.72,98,estimated,True,2026-08-25T19:02:00,False,none
4221,2,2,2026-08-25T20:00:00,120075.685,70.065,888.579,28720.152,23.89,98,estimated,True,2026-08-25T20:02:00,False,none
4222,2,2,2026-08-25T21:00:00,120125.662,49.977,888.579,28720.152,22.55,98,estimated,True,2026-08-25T21:02:00,False,none
4223,2,2,2026-08-25T22:00:00,120148.095,22.433,888.579,28720.152,21.27,98,estimated,True,2026-08-25T22:02:00,False,none
4224,2,2,2026-08-25T23:00:00,120156.973,8.878,888.579,28720.152,19.45,98,estimated,True,2026-08-25T23:02:00,False,none
4225,2,2,2026-08-26T00:00:00,120161.088,4.115,861.016,28720.152,19.33,98,estimated,True,2026-08-26T00:02:00,False,none
4226,2,2,2026-08-26T01:00:00,120161.088,0.0,861.016,28720.152,18.19,98,estimated,True,2026-08-26T01:02:00,False,none
4227,2,2,2026-08-26T02:00:00,120161.088,0.0,861.016,28720.152,18.17,98,estimated,True,2026-08-26T02:02:00,False,none
4228,2,2,2026-08-26T03:00:00,120161.088,0.0,861.016,28720.152,17.49,98,estimated,True,2026-08-26T03:02:00,False,none
4229,2,2,2026-08-26T04:00:00,120161.088,0.0,861.016,28720.152,17.93,98,estimated,True,2026-08-26T04:02:00,False,none
4230,2,2,2026-08-26T05:00:00,120166.36,5.272,861.016,28720.152,19.23,98,estimated,True,2026-08-26T05:02:00,False,none
4231,2,2,2026-08-26T06:00:00,120196.397,30.037,861.016,28720.152,19.17,98,estimated,True,2026-08-26T06:02:00,False,none
4232,2,2,2026-08-26T07:00:00,120250.357,53.96,861.016,28720.152,19.95,98,estimated,True,2026-08-26T07:02:00,False,none
4233,2,2,2026-08-26T08:00:00,120314.199,63.842,861.016,28720.152,22.02,98,estimated,True,2026-08-26T08:02:00,False,none
4234,2,2,2026-08-26T09:00:00,120370.49,56.291,861.016,28720.152,23.0,98,estimated,True,2026-08-26T09:02:00,False,none
4235,2,2,2026-08-26T10:00:00,120400.647,30.157,861.016,28720.152,23.61,98,estimated,True,2026-08-26T10:02:00,False,none
4236,2,2,2026-08-26T11:00:00,120442.749,42.102,861.016,28720.152,25.88,98,estimated,True,2026-08-26T11:02:00,False,none
4237,2,2,2026-08-26T12:00:00,120494.695,51.946,861.016,28720.152,26.19,98,estimated,True,2026-08-26T12:02:00,False,none
4238,2,2,2026-08-26T13:00:00,120533.924,39.229,861.016,28720.152,27.71,98,estimated,True,2026-08-26T13:02:00,False,none
4239,2,2,2026-08-26T14:00:00,120561.523,27.599,861.016,28720.152,27.37,98,estimated,True,2026-08-26T14:02:00,False,none
4240,2,2,2026-08-26T15:00:00,120593.133,31.61,861.016,28720.152,28.01,98,estimated,True,2026-08-26T15:02:00,False,none
4241,2,2,2026-08-26T16:00:00,120629.202,36.069,861.016,28720.152,28.1,98,estimated,True,2026-08-26T16:02:00,False,none
4242,2,2,2026-08-26T17:00:00,120693.537,64.335,861.016,28720.152,26.63,98,estimated,True,2026-08-26T17:02:00,False,none
4243,2,2,2026-08-26T18:00:00,120774.956,81.419,861.016,28720.152,26.24,98,estimated,True,2026-08-26T18:02:00,False,none
4244,2,2,2026-08-26T19:00:00,120865.618,90.662,861.016,28720.152,24.69,98,estimated,True,2026-08-26T19:02:00,False,none
4245,2,2,2026-08-26T20:00:00,120944.872,79.254,861.016,28720.152,24.17,98,estimated,True,2026-08-26T20:02:00,False,none
4246,2,2,2026-08-26T21:00:00,120992.159,47.287,861.016,28720.152,22.93,98,estimated,True,2026-08-26T21:02:00,False,none
4247,2,2,2026-08-26T22:00:00,121011.21,19.051,861.016,28720.152,22.07,98,estimated,True,2026-08-26T22:02:00,False,none
4248,2,2,2026-08-26T23:00:00,121017.989,6.779,861.016,28720.152,20.61,98,estimated,True,2026-08-26T23:02:00,False,none
4249,2,2,2026-08-27T00:00:00,121019.845,1.856,870.882,28720.152,19.3,98,estimated,True,2026-08-27T00:02:00,False,none
4250,2,2,2026-08-27T01:00:00,121019.845,0.0,870.882,28720.152,19.15,98,estimated,True,2026-08-27T01:02:00,False,none
4251,2,2,2026-08-27T02:00:00,121019.845,0.0,870.882,28720.152,17.95,98,estimated,True,2026-08-27T02:02:00,False,none
4252,2,2,2026-08-27T03:00:00,121019.845,0.0,870.882,28720.152,18.32,98,estimated,True,2026-08-27T03:02:00,False,none
4253,2,2,2026-08-27T04:00:00,121021.211,1.366,870.882,28720.152,18.76,98,estimated,True,2026-08-27T04:02:00,False,none
4254,2,2,2026-08-27T05:00:00,121028.206,6.995,870.882,28720.152,18.52,98,estimated,True,2026-08-27T05:02:00,False,none
4255,2,2,2026-08-27T06:00:00,121054.392,26.186,870.882,28720.152,19.46,98,estimated,True,2026-08-27T06:02:00,False,none
4256,2,2,2026-08-27T07:00:00,121118.36,63.968,870.882,28720.152,20.76,98,estimated,True,2026-08-27T07:02:00,False,none
4257,2,2,2026-08-27T08:00:00,121189.551,71.191,870.882,28720.152,21.54,98,estimated,True,2026-08-27T08:02:00,False,none
4258,2,2,2026-08-27T09:00:00,121238.893,49.342,870.882,28720.152,24.28,98,estimated,True,2026-08-27T09:02:00,False,none
4259,2,2,2026-08-27T10:00:00,121278.892,39.999,870.882,28720.152,23.69,98,estimated,True,2026-08-27T10:02:00,False,none
4260,2,2,2026-08-27T11:00:00,121314.824,35.932,870.882,28720.152,25.91,98,estimated,True,2026-08-27T11:02:00,False,none
4261,2,2,2026-08-27T12:00:00,121364.027,49.203,870.882,28720.152,26.33,98,estimated,True,2026-08-27T12:02:00,False,none
4262,2,2,2026-08-27T13:00:00,121393.071,29.044,870.882,28720.152,27.4,98,estimated,True,2026-08-27T13:02:00,False,none
4263,2,2,2026-08-27T14:00:00,121421.317,28.246,870.882,28720.152,28.71,98,estimated,True,2026-08-27T14:02:00,False,none
4264,2,2,2026-08-27T15:00:00,121459.166,37.849,870.882,28720.152,28.77,98,estimated,True,2026-08-27T15:02:00,False,none
4265,2,2,2026-08-27T16:00:00,121508.346,49.18,870.882,28720.152,27.6,98,estimated,True,2026-08-27T16:02:00,False,none
4266,2,2,2026-08-27T17:00:00,121557.798,49.452,870.882,28720.152,27.24,98,estimated,True,2026-08-27T17:02:00,False,none
4267,2,2,2026-08-27T18:00:00,121650.576,92.778,870.882,28720.152,26.53,98,estimated,True,2026-08-27T18:02:00,False,none
4268,2,2,2026-08-27T19:00:00,121737.693,87.117,870.882,28720.152,25.48,98,estimated,True,2026-08-27T19:02:00,False,none
4269,2,2,2026-08-27T20:00:00,121812.123,74.43,870.882,28720.152,24.92,98,estimated,True,2026-08-27T20:02:00,False,none
4270,2,2,2026-08-27T21:00:00,121864.223,52.1,870.882,28720.152,22.83,98,estimated,True,2026-08-27T21:02:00,False,none
4271,2,2,2026-08-27T22:00:00,121879.993,15.77,870.882,28720.152,21.95,98,estimated,True,2026-08-27T22:02:00,False,none
4272,2,2,2026-08-27T23:00:00,121888.871,8.878,870.882,28720.152,20.84,98,estimated,True,2026-08-27T23:02:00,False,none
4273,2,2,2026-08-28T00:00:00,121892.411,3.54,903.35,28720.152,19.92,98,estimated,True,2026-08-28T00:02:00,False,none
4274,2,2,2026-08-28T01:00:00,121892.411,0.0,903.35,28720.152,18.84,98,estimated,True,2026-08-28T01:02:00,False,none
4275,2,2,2026-08-28T02:00:00,121892.411,0.0,903.35,28720.152,18.44,98,estimated,True,2026-08-28T02:02:00,False,none
4276,2,2,2026-08-28T03:00:00,121892.411,0.0,903.35,28720.152,18.14,98,estimated,True,2026-08-28T03:02:00,False,none
4277,2,2,2026-08-28T04:00:00,121892.411,0.0,903.35,28720.152,18.32,98,estimated,True,2026-08-28T04:02:00,False,none
4278,2,2,2026-08-28T05:00:00,121898.742,6.331,903.35,28720.152,19.28,98,estimated,True,2026-08-28T05:02:00,False,none
4279,2,2,2026-08-28T06:00:00,121923.236,24.494,903.35,28720.152,20.12,98,estimated,True,2026-08-28T06:02:00,False,none
4280,2,2,2026-08-28T07:00:00,121998.704,75.468,903.35,28720.152,21.34,98,estimated,True,2026-08-28T07:02:00,False,none
4281,2,2,2026-08-28T08:00:00,122084.342,85.638,903.35,28720.152,22.48,98,estimated,True,2026-08-28T08:02:00,False,none
4282,2,2,2026-08-28T09:00:00,122141.523,57.181,903.35,28720.152,23.53,98,estimated,True,2026-08-28T09:02:00,False,none
4283,2,2,2026-08-28T10:00:00,122171.563,30.04,903.35,28720.152,25.51,98,estimated,True,2026-08-28T10:02:00,False,none
4284,2,2,2026-08-28T11:00:00,122211.015,39.452,903.35,28720.152,26.37,98,estimated,True,2026-08-28T11:02:00,False,none
4285,2,2,2026-08-28T12:00:00,122248.587,37.572,903.35,28720.152,26.93,98,estimated,True,2026-08-28T12:02:00,False,none
4286,2,2,2026-08-28T13:00:00,122282.009,33.422,903.35,28720.152,27.66,98,estimated,True,2026-08-28T13:02:00,False,none
4287,2,2,2026-08-28T14:00:00,122307.576,25.567,903.35,28720.152,28.09,98,estimated,True,2026-08-28T14:02:00,False,none
4288,2,2,2026-08-28T15:00:00,122338.49,30.914,903.35,28720.152,28.26,98,estimated,True,2026-08-28T15:02:00,False,none
4289,2,2,2026-08-28T16:00:00,122374.252,35.762,903.35,28720.152,28.31,98,estimated,True,2026-08-28T16:02:00,False,none
4290,2,2,2026-08-28T17:00:00,122440.694,66.442,903.35,28720.152,27.2,98,estimated,True,2026-08-28T17:02:00,False,none
4291,2,2,2026-08-28T18:00:00,122540.922,100.228,903.35,28720.152,26.66,98,estimated,True,2026-08-28T18:02:00,False,none
4292,2,2,2026-08-28T19:00:00,122638.016,97.094,903.35,28720.152,26.03,98,estimated,True,2026-08-28T19:02:00,False,none
4293,2,2,2026-08-28T20:00:00,122708.775,70.759,903.35,28720.152,25.3,98,estimated,True,2026-08-28T20:02:00,False,none
4294,2,2,2026-08-28T21:00:00,122761.853,53.078,903.35,28720.152,23.21,98,estimated,True,2026-08-28T21:02:00,False,none
4295,2,2,2026-08-28T22:00:00,122783.957,22.104,903.35,28720.152,22.35,98,estimated,True,2026-08-28T22:02:00,False,none
4296,2,2,2026-08-28T23:00:00,122792.221,8.264,903.35,28720.152,21.5,98,estimated,True,2026-08-28T23:02:00,False,none
4297,2,2,2026-08-29T00:00:00,122795.957,3.736,1211.347,28720.152,20.2,98,estimated,True,2026-08-29T00:02:00,False,none
4298,2,2,2026-08-29T01:00:00,122795.957,0.0,1211.347,28720.152,19.02,98,estimated,True,2026-08-29T01:02:00,False,none
4299,2,2,2026-08-29T02:00:00,122795.957,0.0,1211.347,28720.152,18.81,98,estimated,True,2026-08-29T02:02:00,False,none
4300,2,2,2026-08-29T03:00:00,122795.957,0.0,1211.347,28720.152,18.73,98,estimated,True,2026-08-29T03:02:00,False,none
4301,2,2,2026-08-29T04:00:00,122795.957,0.0,1211.347,28720.152,18.66,98,estimated,True,2026-08-29T04:02:00,False,none
4302,2,2,2026-08-29T05:00:00,122803.099,7.142,1211.347,28720.152,19.63,98,estimated,True,2026-08-29T05:02:00,False,none
4303,2,2,2026-08-29T06:00:00,122846.366,43.267,1211.347,28720.152,20.32,98,estimated,True,2026-08-29T06:02:00,False,none
4304,2,2,2026-08-29T07:00:00,122937.428,91.062,1211.347,28720.152,20.82,98,estimated,True,2026-08-29T07:02:00,False,none
4305,2,2,2026-08-29T08:00:00,123051.529,114.101,1211.347,28720.152,21.56,98,estimated,True,2026-08-29T08:02:00,False,none
4306,2,2,2026-08-29T09:00:00,123124.479,72.95,1211.347,28720.152,23.99,98,estimated,True,2026-08-29T09:02:00,False,none
4307,2,2,2026-08-29T10:00:00,123170.764,46.285,1211.347,28720.152,24.86,98,estimated,True,2026-08-29T10:02:00,False,none
4308,2,2,2026-08-29T11:00:00,123232.628,61.864,1211.347,28720.152,26.79,98,estimated,True,2026-08-29T11:02:00,False,none
4309,2,2,2026-08-29T12:00:00,123294.63,62.002,1211.347,28720.152,27.24,98,estimated,True,2026-08-29T12:02:00,False,none
4310,2,2,2026-08-29T13:00:00,123336.254,41.624,1211.347,28720.152,28.5,98,estimated,True,2026-08-29T13:02:00,False,none
4311,2,2,2026-08-29T14:00:00,123381.495,45.241,1211.347,28720.152,28.42,98,estimated,True,2026-08-29T14:02:00,False,none
4312,2,2,2026-08-29T15:00:00,123426.876,45.381,1211.347,28720.152,29.11,98,estimated,True,2026-08-29T15:02:00,False,none
4313,2,2,2026-08-29T16:00:00,123484.492,57.616,1211.347,28720.152,27.95,98,estimated,True,2026-08-29T16:02:00,False,none
4314,2,2,2026-08-29T17:00:00,123572.661,88.169,1211.347,28720.152,27.82,98,estimated,True,2026-08-29T17:02:00,False,none
4315,2,2,2026-08-29T18:00:00,123675.644,102.983,1211.347,28720.152,26.93,98,estimated,True,2026-08-29T18:02:00,False,none
4316,2,2,2026-08-29T19:00:00,123812.107,136.463,1211.347,28720.152,25.4,98,estimated,True,2026-08-29T19:02:00,False,none
4317,2,2,2026-08-29T20:00:00,123910.629,98.522,1211.347,28720.152,24.86,98,estimated,True,2026-08-29T20:02:00,False,none
4318,2,2,2026-08-29T21:00:00,123965.756,55.127,1211.347,28720.152,23.72,98,estimated,True,2026-08-29T21:02:00,False,none
4319,2,2,2026-08-29T22:00:00,123991.92,26.164,1211.347,28720.152,21.92,98,estimated,True,2026-08-29T22:02:00,False,none
4320,2,2,2026-08-29T23:00:00,124003.568,11.648,1211.347,28720.152,20.93,98,estimated,True,2026-08-29T23:02:00,False,none
4321,3,3,2026-06-01T00:00:00,95605.754,5.754,1741.653,42292.722,20.15,98,estimated,True,2026-06-01T00:02:00,False,none
4322,3,3,2026-06-01T01:00:00,95610.758,5.004,1741.653,42292.722,20.08,98,estimated,True,2026-06-01T01:02:00,False,none
4323,3,3,2026-06-01T02:00:00,95616.326,5.568,1741.653,42292.722,19.12,98,estimated,True,2026-06-01T02:02:00,False,none
4324,3,3,2026-06-01T03:00:00,95620.658,4.332,1741.653,42292.722,18.91,98,estimated,True,2026-06-01T03:02:00,False,none
4325,3,3,2026-06-01T04:00:00,95625.576,4.918,1741.653,42292.722,19.24,98,estimated,True,2026-06-01T04:02:00,False,none
4326,3,3,2026-06-01T05:00:00,95633.793,8.217,1741.653,42292.722,19.92,98,estimated,True,2026-06-01T05:02:00,False,none
4327,3,3,2026-06-01T06:00:00,95657.25,23.457,1741.653,42292.722,20.25,98,estimated,True,2026-06-01T06:02:00,False,none
4328,3,3,2026-06-01T07:00:00,95723.669,66.419,1741.653,42292.722,21.79,98,estimated,True,2026-06-01T07:02:00,False,none
4329,3,3,2026-06-01T08:00:00,95859.62,135.951,1741.653,42292.722,22.07,98,estimated,True,2026-06-01T08:02:00,False,none
4330,3,3,2026-06-01T09:00:00,96055.748,196.128,1741.653,42292.722,24.25,98,estimated,True,2026-06-01T09:02:00,False,none
4331,3,3,2026-06-01T10:00:00,96212.833,157.085,1741.653,42292.722,24.81,98,estimated,True,2026-06-01T10:02:00,False,none
4332,3,3,2026-06-01T11:00:00,96386.238,173.405,1741.653,42292.722,26.34,98,estimated,True,2026-06-01T11:02:00,False,none
4333,3,3,2026-06-01T12:00:00,96514.254,128.016,1741.653,42292.722,27.52,98,estimated,True,2026-06-01T12:02:00,False,none
4334,3,3,2026-06-01T13:00:00,96666.739,152.485,1741.653,42292.722,28.55,98,estimated,True,2026-06-01T13:02:00,False,none
4335,3,3,2026-06-01T14:00:00,96813.336,146.597,1741.653,42292.722,28.34,98,estimated,True,2026-06-01T14:02:00,False,none
4336,3,3,2026-06-01T15:00:00,96979.735,166.399,1741.653,42292.722,29.69,98,estimated,True,2026-06-01T15:02:00,False,none
4337,3,3,2026-06-01T16:00:00,97113.798,134.063,1741.653,42292.722,28.87,98,estimated,True,2026-06-01T16:02:00,False,none
4338,3,3,2026-06-01T17:00:00,97227.175,113.377,1741.653,42292.722,28.45,98,estimated,True,2026-06-01T17:02:00,False,none
4339,3,3,2026-06-01T18:00:00,97281.927,54.752,1741.653,42292.722,27.65,98,estimated,True,2026-06-01T18:02:00,False,none
4340,3,3,2026-06-01T19:00:00,97308.586,26.659,1741.653,42292.722,26.85,98,estimated,True,2026-06-01T19:02:00,False,none
4341,3,3,2026-06-01T20:00:00,97320.696,12.11,1741.653,42292.722,24.9,98,estimated,True,2026-06-01T20:02:00,False,none
4342,3,3,2026-06-01T21:00:00,97331.529,10.833,1741.653,42292.722,23.21,98,estimated,True,2026-06-01T21:02:00,False,none
4343,3,3,2026-06-01T22:00:00,97337.806,6.277,1741.653,42292.722,23.05,98,estimated,True,2026-06-01T22:02:00,False,none
4344,3,3,2026-06-01T23:00:00,97341.653,3.847,1741.653,42292.722,21.39,98,estimated,True,2026-06-01T23:02:00,False,none
4345,3,3,2026-06-02T00:00:00,97344.874,3.221,1689.209,42292.722,21.36,98,estimated,True,2026-06-02T00:02:00,False,none
4346,3,3,2026-06-02T01:00:00,97349.144,4.27,1689.209,42292.722,19.99,98,estimated,True,2026-06-02T01:02:00,False,none
4347,3,3,2026-06-02T02:00:00,97353.418,4.274,1689.209,42292.722,19.78,98,estimated,True,2026-06-02T02:02:00,False,none
4348,3,3,2026-06-02T03:00:00,97357.574,4.156,1689.209,42292.722,18.58,98,estimated,True,2026-06-02T03:02:00,False,none
4349,3,3,2026-06-02T04:00:00,97361.995,4.421,1689.209,42292.722,19.06,98,estimated,True,2026-06-02T04:02:00,False,none
4350,3,3,2026-06-02T05:00:00,97368.89,6.895,1689.209,42292.722,20.52,98,estimated,True,2026-06-02T05:02:00,False,none
4351,3,3,2026-06-02T06:00:00,97389.229,20.339,1689.209,42292.722,20.42,98,estimated,True,2026-06-02T06:02:00,False,none
4352,3,3,2026-06-02T07:00:00,97465.13,75.901,1689.209,42292.722,21.63,98,estimated,True,2026-06-02T07:02:00,False,none
4353,3,3,2026-06-02T08:00:00,97611.506,146.376,1689.209,42292.722,22.92,98,estimated,True,2026-06-02T08:02:00,False,none
4354,3,3,2026-06-02T09:00:00,97777.157,165.651,1689.209,42292.722,24.03,98,estimated,True,2026-06-02T09:02:00,False,none
4355,3,3,2026-06-02T10:00:00,97928.168,151.011,1689.209,42292.722,25.88,98,estimated,True,2026-06-02T10:02:00,False,none
4356,3,3,2026-06-02T11:00:00,98080.481,152.313,1689.209,42292.722,27.09,98,estimated,True,2026-06-02T11:02:00,False,none
4357,3,3,2026-06-02T12:00:00,98222.598,142.117,1689.209,42292.722,28.23,98,estimated,True,2026-06-02T12:02:00,False,none
4358,3,3,2026-06-02T13:00:00,98382.721,160.123,1689.209,42292.722,28.76,98,estimated,True,2026-06-02T13:02:00,False,none
4359,3,3,2026-06-02T14:00:00,98554.371,171.65,1689.209,42292.722,29.07,98,estimated,True,2026-06-02T14:02:00,False,none
4360,3,3,2026-06-02T15:00:00,98689.081,134.71,1689.209,42292.722,29.49,98,estimated,True,2026-06-02T15:02:00,False,none
4361,3,3,2026-06-02T16:00:00,98798.091,109.01,1689.209,42292.722,29.68,98,estimated,True,2026-06-02T16:02:00,False,none
4362,3,3,2026-06-02T17:00:00,98906.311,108.22,1689.209,42292.722,28.34,98,estimated,True,2026-06-02T17:02:00,False,none
4363,3,3,2026-06-02T18:00:00,98970.944,64.633,1689.209,42292.722,27.98,98,estimated,True,2026-06-02T18:02:00,False,none
4364,3,3,2026-06-02T19:00:00,98995.512,24.568,1689.209,42292.722,26.04,98,estimated,True,2026-06-02T19:02:00,False,none
4365,3,3,2026-06-02T20:00:00,99008.632,13.12,1689.209,42292.722,24.72,98,estimated,True,2026-06-02T20:02:00,False,none
4366,3,3,2026-06-02T21:00:00,99019.009,10.377,1689.209,42292.722,24.39,98,estimated,True,2026-06-02T21:02:00,False,none
4367,3,3,2026-06-02T22:00:00,99026.853,7.844,1689.209,42292.722,23.03,98,estimated,True,2026-06-02T22:02:00,False,none
4368,3,3,2026-06-02T23:00:00,99030.862,4.009,1689.209,42292.722,22.01,98,estimated,True,2026-06-02T23:02:00,False,none
4369,3,3,2026-06-03T00:00:00,99035.439,4.577,1799.072,42292.722,20.46,98,estimated,True,2026-06-03T00:02:00,False,none
4370,3,3,2026-06-03T01:00:00,99040.832,5.393,1799.072,42292.722,19.63,98,estimated,True,2026-06-03T01:02:00,False,none
4371,3,3,2026-06-03T02:00:00,99046.145,5.313,1799.072,42292.722,19.66,98,estimated,True,2026-06-03T02:02:00,False,none
4372,3,3,2026-06-03T03:00:00,99050.717,4.572,1799.072,42292.722,19.36,98,estimated,True,2026-06-03T03:02:00,False,none
4373,3,3,2026-06-03T04:00:00,99055.038,4.321,1799.072,42292.722,19.81,98,estimated,True,2026-06-03T04:02:00,False,none
4374,3,3,2026-06-03T05:00:00,99064.162,9.124,1799.072,42292.722,20.05,98,estimated,True,2026-06-03T05:02:00,False,none
4375,3,3,2026-06-03T06:00:00,99082.785,18.623,1799.072,42292.722,20.65,98,estimated,True,2026-06-03T06:02:00,False,none
4376,3,3,2026-06-03T07:00:00,99158.577,75.792,1799.072,42292.722,22.55,98,estimated,True,2026-06-03T07:02:00,False,none
4377,3,3,2026-06-03T08:00:00,99325.854,167.277,1799.072,42292.722,23.29,98,estimated,True,2026-06-03T08:02:00,False,none
4378,3,3,2026-06-03T09:00:00,99512.644,186.79,1799.072,42292.722,24.45,98,estimated,True,2026-06-03T09:02:00,False,none
4379,3,3,2026-06-03T10:00:00,99657.845,145.201,1799.072,42292.722,25.92,98,estimated,True,2026-06-03T10:02:00,False,none
4380,3,3,2026-06-03T11:00:00,99829.555,171.71,1799.072,42292.722,27.8,98,estimated,True,2026-06-03T11:02:00,False,none
4381,3,3,2026-06-03T12:00:00,99987.325,157.77,1799.072,42292.722,28.04,98,estimated,True,2026-06-03T12:02:00,False,none
4382,3,3,2026-06-03T13:00:00,100164.141,176.816,1799.072,42292.722,28.73,98,estimated,True,2026-06-03T13:02:00,False,none
4383,3,3,2026-06-03T14:00:00,100308.483,144.342,1799.072,42292.722,28.43,98,estimated,True,2026-06-03T14:02:00,False,none
4384,3,3,2026-06-03T15:00:00,100463.53,155.047,1799.072,42292.722,29.95,98,estimated,True,2026-06-03T15:02:00,False,none
4385,3,3,2026-06-03T16:00:00,100580.716,117.186,1799.072,42292.722,29.47,98,estimated,True,2026-06-03T16:02:00,False,none
4386,3,3,2026-06-03T17:00:00,100708.895,128.179,1799.072,42292.722,29.63,98,estimated,True,2026-06-03T17:02:00,False,none
4387,3,3,2026-06-03T18:00:00,100760.638,51.743,1799.072,42292.722,28.01,98,estimated,True,2026-06-03T18:02:00,False,none
4388,3,3,2026-06-03T19:00:00,100793.949,33.311,1799.072,42292.722,27.47,98,estimated,True,2026-06-03T19:02:00,False,none
4389,3,3,2026-06-03T20:00:00,100810.502,16.553,1799.072,42292.722,26.23,98,estimated,True,2026-06-03T20:02:00,False,none
4390,3,3,2026-06-03T21:00:00,100818.359,7.857,1799.072,42292.722,24.19,98,estimated,True,2026-06-03T21:02:00,False,none
4391,3,3,2026-06-03T22:00:00,100825.699,7.34,1799.072,42292.722,22.79,98,estimated,True,2026-06-03T22:02:00,False,none
4392,3,3,2026-06-03T23:00:00,100829.934,4.235,1799.072,42292.722,22.13,98,estimated,True,2026-06-03T23:02:00,False,none
4393,3,3,2026-06-04T00:00:00,100835.277,5.343,1759.449,42292.722,21.62,98,estimated,True,2026-06-04T00:02:00,False,none
4394,3,3,2026-06-04T01:00:00,100839.156,3.879,1759.449,42292.722,19.89,98,estimated,True,2026-06-04T01:02:00,False,none
4395,3,3,2026-06-04T02:00:00,100843.139,3.983,1759.449,42292.722,20.33,98,estimated,True,2026-06-04T02:02:00,False,none
4396,3,3,2026-06-04T03:00:00,100848.311,5.172,1759.449,42292.722,19.51,98,estimated,True,2026-06-04T03:02:00,False,none
4397,3,3,2026-06-04T04:00:00,100852.427,4.116,1759.449,42292.722,19.49,98,estimated,True,2026-06-04T04:02:00,False,none
4398,3,3,2026-06-04T05:00:00,100860.541,8.114,1759.449,42292.722,20.63,98,estimated,True,2026-06-04T05:02:00,False,none
4399,3,3,2026-06-04T06:00:00,100880.838,20.297,1759.449,42292.722,21.61,98,estimated,True,2026-06-04T06:02:00,False,none
4400,3,3,2026-06-04T07:00:00,100949.496,68.658,1759.449,42292.722,22.9,98,estimated,True,2026-06-04T07:02:00,False,none
4401,3,3,2026-06-04T08:00:00,101101.396,151.9,1759.449,42292.722,23.81,98,estimated,True,2026-06-04T08:02:00,False,none
4402,3,3,2026-06-04T09:00:00,101222.876,121.48,1759.449,42292.722,24.58,98,estimated,True,2026-06-04T09:02:00,False,none
4403,3,3,2026-06-04T10:00:00,101390.774,167.898,1759.449,42292.722,26.27,98,estimated,True,2026-06-04T10:02:00,False,none
4404,3,3,2026-06-04T11:00:00,101539.347,148.573,1759.449,42292.722,27.55,98,estimated,True,2026-06-04T11:02:00,False,none
4405,3,3,2026-06-04T12:00:00,101719.981,180.634,1759.449,42292.722,28.2,98,estimated,True,2026-06-04T12:02:00,False,none
4406,3,3,2026-06-04T13:00:00,101894.429,174.448,1759.449,42292.722,28.57,98,estimated,True,2026-06-04T13:02:00,False,none
4407,3,3,2026-06-04T14:00:00,102055.282,160.853,1759.449,42292.722,29.43,98,estimated,True,2026-06-04T14:02:00,False,none
4408,3,3,2026-06-04T15:00:00,102199.038,143.756,1759.449,42292.722,29.7,98,estimated,True,2026-06-04T15:02:00,False,none
4409,3,3,2026-06-04T16:00:00,102363.421,164.383,1759.449,42292.722,29.89,98,estimated,True,2026-06-04T16:02:00,False,none
4410,3,3,2026-06-04T17:00:00,102476.375,112.954,1759.449,42292.722,29.35,98,estimated,True,2026-06-04T17:02:00,False,none
4411,3,3,2026-06-04T18:00:00,102534.087,57.712,1759.449,42292.722,27.97,98,estimated,True,2026-06-04T18:02:00,False,none
4412,3,3,2026-06-04T19:00:00,102560.127,26.04,1759.449,42292.722,28.19,98,estimated,True,2026-06-04T19:02:00,False,none
4413,3,3,2026-06-04T20:00:00,102572.317,12.19,1759.449,42292.722,25.98,98,estimated,True,2026-06-04T20:02:00,False,none
4414,3,3,2026-06-04T21:00:00,102578.16,5.843,1759.449,42292.722,24.64,98,estimated,True,2026-06-04T21:02:00,False,none
4415,3,3,2026-06-04T22:00:00,102584.424,6.264,1759.449,42292.722,23.7,98,estimated,True,2026-06-04T22:02:00,False,none
4416,3,3,2026-06-04T23:00:00,102589.383,4.959,1759.449,42292.722,21.69,98,estimated,True,2026-06-04T23:02:00,False,none
4417,3,3,2026-06-05T00:00:00,102593.469,4.086,1783.84,42292.722,21.13,98,estimated,True,2026-06-05T00:02:00,False,none
4418,3,3,2026-06-05T01:00:00,102596.698,3.229,1783.84,42292.722,21.36,98,estimated,True,2026-06-05T01:02:00,False,none
4419,3,3,2026-06-05T02:00:00,102601.27,4.572,1783.84,42292.722,19.66,98,estimated,True,2026-06-05T02:02:00,False,none
4420,3,3,2026-06-05T03:00:00,102604.367,3.097,1783.84,42292.722,20.56,98,estimated,True,2026-06-05T03:02:00,False,none
4421,3,3,2026-06-05T04:00:00,102609.189,4.822,1783.84,42292.722,20.44,98,estimated,True,2026-06-05T04:02:00,False,none
4422,3,3,2026-06-05T05:00:00,102618.738,9.549,1783.84,42292.722,19.95,98,estimated,True,2026-06-05T05:02:00,False,none
4423,3,3,2026-06-05T06:00:00,102639.707,20.969,1783.84,42292.722,21.92,98,estimated,True,2026-06-05T06:02:00,False,none
4424,3,3,2026-06-05T07:00:00,102718.923,79.216,1783.84,42292.722,23.1,98,estimated,True,2026-06-05T07:02:00,False,none
4425,3,3,2026-06-05T08:00:00,102850.789,131.866,1783.84,42292.722,23.85,98,estimated,True,2026-06-05T08:02:00,False,none
4426,3,3,2026-06-05T09:00:00,103011.266,160.477,1783.84,42292.722,24.71,98,estimated,True,2026-06-05T09:02:00,False,none
4427,3,3,2026-06-05T10:00:00,103172.359,161.093,1783.84,42292.722,26.62,98,estimated,True,2026-06-05T10:02:00,False,none
4428,3,3,2026-06-05T11:00:00,103345.502,173.143,1783.84,42292.722,26.72,98,estimated,True,2026-06-05T11:02:00,False,none
4429,3,3,2026-06-05T12:00:00,103485.782,140.28,1783.84,42292.722,28.71,98,estimated,True,2026-06-05T12:02:00,False,none
4430,3,3,2026-06-05T13:00:00,103679.808,194.026,1783.84,42292.722,29.78,98,estimated,True,2026-06-05T13:02:00,False,none
4431,3,3,2026-06-05T14:00:00,103854.102,174.294,1783.84,42292.722,28.81,98,estimated,True,2026-06-05T14:02:00,False,none
4432,3,3,2026-06-05T15:00:00,104022.191,168.089,1783.84,42292.722,29.53,98,estimated,True,2026-06-05T15:02:00,False,none
4433,3,3,2026-06-05T16:00:00,104174.065,151.874,1783.84,42292.722,29.98,98,estimated,True,2026-06-05T16:02:00,False,none
4434,3,3,2026-06-05T17:00:00,104260.361,86.296,1783.84,42292.722,29.23,98,estimated,True,2026-06-05T17:02:00,False,none
4435,3,3,2026-06-05T18:00:00,104317.894,57.533,1783.84,42292.722,28.46,98,estimated,True,2026-06-05T18:02:00,False,none
4436,3,3,2026-06-05T19:00:00,104341.262,23.368,1783.84,42292.722,28.01,98,estimated,True,2026-06-05T19:02:00,False,none
4437,3,3,2026-06-05T20:00:00,104353.512,12.25,1783.84,42292.722,26.81,98,estimated,True,2026-06-05T20:02:00,False,none
4438,3,3,2026-06-05T21:00:00,104361.693,8.181,1783.84,42292.722,25.25,98,estimated,True,2026-06-05T21:02:00,False,none
4439,3,3,2026-06-05T22:00:00,104369.41,7.717,1783.84,42292.722,23.88,98,estimated,True,2026-06-05T22:02:00,False,none
4440,3,3,2026-06-05T23:00:00,104373.223,3.813,1783.84,42292.722,22.11,98,estimated,True,2026-06-05T23:02:00,False,none
4441,3,3,2026-06-06T00:00:00,104376.016,2.793,364.099,42292.722,21.91,98,estimated,True,2026-06-06T00:02:00,False,none
4442,3,3,2026-06-06T01:00:00,104378.519,2.503,364.099,42292.722,20.69,98,estimated,True,2026-06-06T01:02:00,False,none
4443,3,3,2026-06-06T02:00:00,104379.313,0.794,364.099,42292.722,21.34,98,estimated,True,2026-06-06T02:02:00,False,none
4444,3,3,2026-06-06T03:00:00,104379.631,0.318,364.099,42292.722,20.25,98,estimated,True,2026-06-06T03:02:00,False,none
4445,3,3,2026-06-06T04:00:00,104379.631,0.0,364.099,42292.722,20.51,98,estimated,True,2026-06-06T04:02:00,False,none
4446,3,3,2026-06-06T05:00:00,104382.571,2.94,364.099,42292.722,21.01,98,estimated,True,2026-06-06T05:02:00,False,none
4447,3,3,2026-06-06T06:00:00,104386.735,4.164,364.099,42292.722,21.59,98,estimated,True,2026-06-06T06:02:00,False,none
4448,3,3,2026-06-06T07:00:00,104401.303,14.568,364.099,42292.722,22.19,98,estimated,True,2026-06-06T07:02:00,False,none
4449,3,3,2026-06-06T08:00:00,104429.4,28.097,364.099,42292.722,24.18,98,estimated,True,2026-06-06T08:02:00,False,none
4450,3,3,2026-06-06T09:00:00,104460.508,31.108,364.099,42292.722,25.28,98,estimated,True,2026-06-06T09:02:00,False,none
4451,3,3,2026-06-06T10:00:00,104494.073,33.565,364.099,42292.722,26.86,98,estimated,True,2026-06-06T10:02:00,False,none
4452,3,3,2026-06-06T11:00:00,104525.673,31.6,364.099,42292.722,27.99,98,estimated,True,2026-06-06T11:02:00,False,none
4453,3,3,2026-06-06T12:00:00,104557.842,32.169,364.099,42292.722,29.35,98,estimated,True,2026-06-06T12:02:00,False,none
4454,3,3,2026-06-06T13:00:00,104596.623,38.781,364.099,42292.722,29.78,98,estimated,True,2026-06-06T13:02:00,False,none
4455,3,3,2026-06-06T14:00:00,104636.076,39.453,364.099,42292.722,30.37,98,estimated,True,2026-06-06T14:02:00,False,none
4456,3,3,2026-06-06T15:00:00,104661.282,25.206,364.099,42292.722,30.61,98,estimated,True,2026-06-06T15:02:00,False,none
4457,3,3,2026-06-06T16:00:00,104690.355,29.073,364.099,42292.722,30.72,98,estimated,True,2026-06-06T16:02:00,False,none
4458,3,3,2026-06-06T17:00:00,104713.565,23.21,364.099,42292.722,29.68,98,estimated,True,2026-06-06T17:02:00,False,none
4459,3,3,2026-06-06T18:00:00,104724.901,11.336,364.099,42292.722,28.77,98,estimated,True,2026-06-06T18:02:00,False,none
4460,3,3,2026-06-06T19:00:00,104731.319,6.418,364.099,42292.722,27.63,98,estimated,True,2026-06-06T19:02:00,False,none
4461,3,3,2026-06-06T20:00:00,104733.659,2.34,364.099,42292.722,26.62,98,estimated,True,2026-06-06T20:02:00,False,none
4462,3,3,2026-06-06T21:00:00,104735.617,1.958,364.099,42292.722,25.0,98,estimated,True,2026-06-06T21:02:00,False,none
4463,3,3,2026-06-06T22:00:00,104737.322,1.705,364.099,42292.722,24.15,98,estimated,True,2026-06-06T22:02:00,False,none
4464,3,3,2026-06-06T23:00:00,104737.322,0.0,364.099,42292.722,22.46,98,estimated,True,2026-06-06T23:02:00,False,none
4465,3,3,2026-06-07T00:00:00,104739.381,2.059,344.784,42292.722,22.34,98,estimated,True,2026-06-07T00:02:00,False,none
4466,3,3,2026-06-07T01:00:00,104741.524,2.143,344.784,42292.722,20.89,98,estimated,True,2026-06-07T01:02:00,False,none
4467,3,3,2026-06-07T02:00:00,104742.39,0.866,344.784,42292.722,20.91,98,estimated,True,2026-06-07T02:02:00,False,none
4468,3,3,2026-06-07T03:00:00,104742.39,0.0,344.784,42292.722,20.47,98,estimated,True,2026-06-07T03:02:00,False,none
4469,3,3,2026-06-07T04:00:00,104742.641,0.251,344.784,42292.722,21.19,98,estimated,True,2026-06-07T04:02:00,False,none
4470,3,3,2026-06-07T05:00:00,104745.177,2.536,344.784,42292.722,20.98,98,estimated,True,2026-06-07T05:02:00,False,none
4471,3,3,2026-06-07T06:00:00,104748.315,3.138,344.784,42292.722,21.34,98,estimated,True,2026-06-07T06:02:00,False,none
4472,3,3,2026-06-07T07:00:00,104762.748,14.433,344.784,42292.722,23.12,98,estimated,True,2026-06-07T07:02:00,False,none
4473,3,3,2026-06-07T08:00:00,104789.622,26.874,344.784,42292.722,24.53,98,estimated,True,2026-06-07T08:02:00,False,none
4474,3,3,2026-06-07T09:00:00,104821.382,31.76,344.784,42292.722,26.64,98,estimated,True,2026-06-07T09:02:00,False,none
4475,3,3,2026-06-07T10:00:00,104851.824,30.442,344.784,42292.722,26.83,98,estimated,True,2026-06-07T10:02:00,False,none
4476,3,3,2026-06-07T11:00:00,104885.024,33.2,344.784,42292.722,28.18,98,estimated,True,2026-06-07T11:02:00,False,none
4477,3,3,2026-06-07T12:00:00,104909.592,24.568,344.784,42292.722,29.64,98,estimated,True,2026-06-07T12:02:00,False,none
4478,3,3,2026-06-07T13:00:00,104944.205,34.613,344.784,42292.722,29.86,98,estimated,True,2026-06-07T13:02:00,False,none
4479,3,3,2026-06-07T14:00:00,104978.544,34.339,344.784,42292.722,30.69,98,estimated,True,2026-06-07T14:02:00,False,none
4480,3,3,2026-06-07T15:00:00,105007.884,29.34,344.784,42292.722,30.84,98,estimated,True,2026-06-07T15:02:00,False,none
4481,3,3,2026-06-07T16:00:00,105040.111,32.227,344.784,42292.722,31.08,98,estimated,True,2026-06-07T16:02:00,False,none
4482,3,3,2026-06-07T17:00:00,105059.572,19.461,344.784,42292.722,29.42,98,estimated,True,2026-06-07T17:02:00,False,none
4483,3,3,2026-06-07T18:00:00,105071.499,11.927,344.784,42292.722,28.74,98,estimated,True,2026-06-07T18:02:00,False,none
4484,3,3,2026-06-07T19:00:00,105076.631,5.132,344.784,42292.722,27.61,98,estimated,True,2026-06-07T19:02:00,False,none
4485,3,3,2026-06-07T20:00:00,105079.25,2.619,344.784,42292.722,27.1,98,estimated,True,2026-06-07T20:02:00,False,none
4486,3,3,2026-06-07T21:00:00,105080.14,0.89,344.784,42292.722,25.73,98,estimated,True,2026-06-07T21:02:00,False,none
4487,3,3,2026-06-07T22:00:00,105081.044,0.904,344.784,42292.722,24.57,98,estimated,True,2026-06-07T22:02:00,False,none
4488,3,3,2026-06-07T23:00:00,105082.106,1.062,344.784,42292.722,23.0,98,estimated,True,2026-06-07T23:02:00,False,none
4489,3,3,2026-06-08T00:00:00,105086.482,4.376,1773.805,42292.722,22.38,98,estimated,True,2026-06-08T00:02:00,False,none
4490,3,3,2026-06-08T01:00:00,105090.599,4.117,1773.805,42292.722,21.25,98,estimated,True,2026-06-08T01:02:00,False,none
4491,3,3,2026-06-08T02:00:00,105093.856,3.257,1773.805,42292.722,21.05,98,estimated,True,2026-06-08T02:02:00,False,none
4492,3,3,2026-06-08T03:00:00,105098.523,4.667,1773.805,42292.722,20.69,98,estimated,True,2026-06-08T03:02:00,False,none
4493,3,3,2026-06-08T04:00:00,105103.805,5.282,1773.805,42292.722,20.54,98,estimated,True,2026-06-08T04:02:00,False,none
4494,3,3,2026-06-08T05:00:00,105111.217,7.412,1773.805,42292.722,22.06,98,estimated,True,2026-06-08T05:02:00,False,none
4495,3,3,2026-06-08T06:00:00,105132.626,21.409,1773.805,42292.722,22.89,98,estimated,True,2026-06-08T06:02:00,False,none
4496,3,3,2026-06-08T07:00:00,105198.181,65.555,1773.805,42292.722,23.55,98,estimated,True,2026-06-08T07:02:00,False,none
4497,3,3,2026-06-08T08:00:00,105344.394,146.213,1773.805,42292.722,24.95,98,estimated,True,2026-06-08T08:02:00,False,none
4498,3,3,2026-06-08T09:00:00,105483.057,138.663,1773.805,42292.722,25.55,98,estimated,True,2026-06-08T09:02:00,False,none
4499,3,3,2026-06-08T10:00:00,105654.349,171.292,1773.805,42292.722,26.59,98,estimated,True,2026-06-08T10:02:00,False,none
4500,3,3,2026-06-08T11:00:00,105822.39,168.041,1773.805,42292.722,28.61,98,estimated,True,2026-06-08T11:02:00,False,none
4501,3,3,2026-06-08T12:00:00,105950.544,128.154,1773.805,42292.722,29.37,98,estimated,True,2026-06-08T12:02:00,False,none
4502,3,3,2026-06-08T13:00:00,106137.798,187.254,1773.805,42292.722,29.94,98,estimated,True,2026-06-08T13:02:00,False,none
4503,3,3,2026-06-08T14:00:00,106311.735,173.937,1773.805,42292.722,30.51,98,estimated,True,2026-06-08T14:02:00,False,none
4504,3,3,2026-06-08T15:00:00,106479.567,167.832,1773.805,42292.722,30.45,98,estimated,True,2026-06-08T15:02:00,False,none
4505,3,3,2026-06-08T16:00:00,106639.99,160.423,1773.805,42292.722,30.52,98,estimated,True,2026-06-08T16:02:00,False,none
4506,3,3,2026-06-08T17:00:00,106747.225,107.235,1773.805,42292.722,30.52,98,estimated,True,2026-06-08T17:02:00,False,none
4507,3,3,2026-06-08T18:00:00,106799.331,52.106,1773.805,42292.722,29.36,98,estimated,True,2026-06-08T18:02:00,False,none
4508,3,3,2026-06-08T19:00:00,106823.631,24.3,1773.805,42292.722,27.81,98,estimated,True,2026-06-08T19:02:00,False,none
4509,3,3,2026-06-08T20:00:00,106837.551,13.92,1773.805,42292.722,27.25,98,estimated,True,2026-06-08T20:02:00,False,none
4510,3,3,2026-06-08T21:00:00,106845.949,8.398,1773.805,42292.722,25.94,98,estimated,True,2026-06-08T21:02:00,False,none
4511,3,3,2026-06-08T22:00:00,106852.973,7.024,1773.805,42292.722,24.96,98,estimated,True,2026-06-08T22:02:00,False,none
4512,3,3,2026-06-08T23:00:00,106855.911,2.938,1773.805,42292.722,23.66,98,estimated,True,2026-06-08T23:02:00,False,none
4513,3,3,2026-06-09T00:00:00,106860.495,4.584,1775.294,42292.722,21.02,98,estimated,True,2026-06-09T00:02:00,False,none
4514,3,3,2026-06-09T01:00:00,106864.682,4.187,1775.294,42292.722,21.22,98,estimated,True,2026-06-09T01:02:00,False,none
4515,3,3,2026-06-09T02:00:00,106870.309,5.627,1775.294,42292.722,21.17,98,estimated,True,2026-06-09T02:02:00,False,none
4516,3,3,2026-06-09T03:00:00,106874.799,4.49,1775.294,42292.722,21.28,98,estimated,True,2026-06-09T03:02:00,False,none
4517,3,3,2026-06-09T04:00:00,106879.451,4.652,1775.294,42292.722,21.62,98,estimated,True,2026-06-09T04:02:00,False,none
4518,3,3,2026-06-09T05:00:00,106889.285,9.834,1775.294,42292.722,21.61,98,estimated,True,2026-06-09T05:02:00,False,none
4519,3,3,2026-06-09T06:00:00,106911.914,22.629,1775.294,42292.722,22.14,98,estimated,True,2026-06-09T06:02:00,False,none
4520,3,3,2026-06-09T07:00:00,106983.33,71.416,1775.294,42292.722,23.0,98,estimated,True,2026-06-09T07:02:00,False,none
4521,3,3,2026-06-09T08:00:00,107150.797,167.467,1775.294,42292.722,24.9,98,estimated,True,2026-06-09T08:02:00,False,none
4522,3,3,2026-06-09T09:00:00,107300.377,149.58,1775.294,42292.722,25.49,98,estimated,True,2026-06-09T09:02:00,False,none
4523,3,3,2026-06-09T10:00:00,107478.592,178.215,1775.294,42292.722,27.74,98,estimated,True,2026-06-09T10:02:00,False,none
4524,3,3,2026-06-09T11:00:00,107616.784,138.192,1775.294,42292.722,28.69,98,estimated,True,2026-06-09T11:02:00,False,none
4525,3,3,2026-06-09T12:00:00,107787.994,171.21,1775.294,42292.722,29.42,98,estimated,True,2026-06-09T12:02:00,False,none
4526,3,3,2026-06-09T13:00:00,107961.471,173.477,1775.294,42292.722,30.43,98,estimated,True,2026-06-09T13:02:00,False,none
4527,3,3,2026-06-09T14:00:00,108109.239,147.768,1775.294,42292.722,30.9,98,estimated,True,2026-06-09T14:02:00,False,none
4528,3,3,2026-06-09T15:00:00,108283.564,174.325,1775.294,42292.722,31.49,98,estimated,True,2026-06-09T15:02:00,False,none
4529,3,3,2026-06-09T16:00:00,108411.815,128.251,1775.294,42292.722,31.87,98,estimated,True,2026-06-09T16:02:00,False,none
4530,3,3,2026-06-09T17:00:00,108508.346,96.531,1775.294,42292.722,30.78,98,estimated,True,2026-06-09T17:02:00,False,none
4531,3,3,2026-06-09T18:00:00,108571.1,62.754,1775.294,42292.722,29.72,98,estimated,True,2026-06-09T18:02:00,False,none
4532,3,3,2026-06-09T19:00:00,108597.511,26.411,1775.294,42292.722,27.79,98,estimated,True,2026-06-09T19:02:00,False,none
4533,3,3,2026-06-09T20:00:00,108609.765,12.254,1775.294,42292.722,27.19,98,estimated,True,2026-06-09T20:02:00,False,none
4534,3,3,2026-06-09T21:00:00,108619.704,9.939,1775.294,42292.722,26.27,98,estimated,True,2026-06-09T21:02:00,False,none
4535,3,3,2026-06-09T22:00:00,108626.847,7.143,1775.294,42292.722,24.77,98,estimated,True,2026-06-09T22:02:00,False,none
4536,3,3,2026-06-09T23:00:00,108631.205,4.358,1775.294,42292.722,23.67,98,estimated,True,2026-06-09T23:02:00,False,none
4537,3,3,2026-06-10T00:00:00,108636.449,5.244,1797.592,42292.722,22.38,98,estimated,True,2026-06-10T00:02:00,False,none
4538,3,3,2026-06-10T01:00:00,108641.122,4.673,1797.592,42292.722,22.14,98,estimated,True,2026-06-10T01:02:00,False,none
4539,3,3,2026-06-10T02:00:00,108645.111,3.989,1797.592,42292.722,21.2,98,estimated,True,2026-06-10T02:02:00,False,none
4540,3,3,2026-06-10T03:00:00,108648.241,3.13,1797.592,42292.722,21.28,98,estimated,True,2026-06-10T03:02:00,False,none
4541,3,3,2026-06-10T04:00:00,108652.117,3.876,1797.592,42292.722,20.85,98,estimated,True,2026-06-10T04:02:00,False,none
4542,3,3,2026-06-10T05:00:00,108660.148,8.031,1797.592,42292.722,22.23,98,estimated,True,2026-06-10T05:02:00,False,none
4543,3,3,2026-06-10T06:00:00,108679.803,19.655,1797.592,42292.722,22.41,98,estimated,True,2026-06-10T06:02:00,False,none
4544,3,3,2026-06-10T07:00:00,108746.552,66.749,1797.592,42292.722,23.67,98,estimated,True,2026-06-10T07:02:00,False,none
4545,3,3,2026-06-10T08:00:00,108903.615,157.063,1797.592,42292.722,25.92,98,estimated,True,2026-06-10T08:02:00,False,none
4546,3,3,2026-06-10T09:00:00,109090.218,186.603,1797.592,42292.722,26.76,98,estimated,True,2026-06-10T09:02:00,False,none
4547,3,3,2026-06-10T10:00:00,109235.025,144.807,1797.592,42292.722,27.25,98,estimated,True,2026-06-10T10:02:00,False,none
4548,3,3,2026-06-10T11:00:00,109415.163,180.138,1797.592,42292.722,28.41,98,estimated,True,2026-06-10T11:02:00,False,none
4549,3,3,2026-06-10T12:00:00,109542.343,127.18,1797.592,42292.722,29.67,98,estimated,True,2026-06-10T12:02:00,False,none
4550,3,3,2026-06-10T13:00:00,109703.827,161.484,1797.592,42292.722,30.51,98,estimated,True,2026-06-10T13:02:00,False,none
4551,3,3,2026-06-10T14:00:00,109882.491,178.664,1797.592,42292.722,31.29,98,estimated,True,2026-06-10T14:02:00,False,none
4552,3,3,2026-06-10T15:00:00,110058.908,176.417,1797.592,42292.722,31.02,98,estimated,True,2026-06-10T15:02:00,False,none
4553,3,3,2026-06-10T16:00:00,110199.808,140.9,1797.592,42292.722,30.93,98,estimated,True,2026-06-10T16:02:00,False,none
4554,3,3,2026-06-10T17:00:00,110305.893,106.085,1797.592,42292.722,30.96,98,estimated,True,2026-06-10T17:02:00,False,none
4555,3,3,2026-06-10T18:00:00,110365.986,60.093,1797.592,42292.722,29.66,98,estimated,True,2026-06-10T18:02:00,False,none
4556,3,3,2026-06-10T19:00:00,110392.172,26.186,1797.592,42292.722,28.51,98,estimated,True,2026-06-10T19:02:00,False,none
4557,3,3,2026-06-10T20:00:00,110409.074,16.902,1797.592,42292.722,27.87,98,estimated,True,2026-06-10T20:02:00,False,none
4558,3,3,2026-06-10T21:00:00,110418.391,9.317,1797.592,42292.722,26.59,98,estimated,True,2026-06-10T21:02:00,False,none
4559,3,3,2026-06-10T22:00:00,110424.464,6.073,1797.592,42292.722,25.27,98,estimated,True,2026-06-10T22:02:00,False,none
4560,3,3,2026-06-10T23:00:00,110428.797,4.333,1797.592,42292.722,23.9,98,estimated,True,2026-06-10T23:02:00,False,none
4561,3,3,2026-06-11T00:00:00,110433.247,4.45,1765.065,42292.722,23.16,98,estimated,True,2026-06-11T00:02:00,False,none
4562,3,3,2026-06-11T01:00:00,110437.355,4.108,1765.065,42292.722,22.39,98,estimated,True,2026-06-11T01:02:00,False,none
4563,3,3,2026-06-11T02:00:00,110440.73,3.375,1765.065,42292.722,21.76,98,estimated,True,2026-06-11T02:02:00,False,none
4564,3,3,2026-06-11T03:00:00,110446.2,5.47,1765.065,42292.722,21.44,98,estimated,True,2026-06-11T03:02:00,False,none
4565,3,3,2026-06-11T04:00:00,110450.54,4.34,1765.065,42292.722,21.87,98,estimated,True,2026-06-11T04:02:00,False,none
4566,3,3,2026-06-11T05:00:00,110457.831,7.291,1765.065,42292.722,23.0,98,estimated,True,2026-06-11T05:02:00,False,none
4567,3,3,2026-06-11T06:00:00,110484.092,26.261,1765.065,42292.722,22.59,98,estimated,True,2026-06-11T06:02:00,False,none
4568,3,3,2026-06-11T07:00:00,110551.772,67.68,1765.065,42292.722,24.09,98,estimated,True,2026-06-11T07:02:00,False,none
4569,3,3,2026-06-11T08:00:00,110698.681,146.909,1765.065,42292.722,24.8,98,estimated,True,2026-06-11T08:02:00,False,none
4570,3,3,2026-06-11T09:00:00,110840.924,142.243,1765.065,42292.722,26.79,98,estimated,True,2026-06-11T09:02:00,False,none
4571,3,3,2026-06-11T10:00:00,111005.57,164.646,1765.065,42292.722,27.81,98,estimated,True,2026-06-11T10:02:00,False,none
4572,3,3,2026-06-11T11:00:00,111141.937,136.367,1765.065,42292.722,29.17,98,estimated,True,2026-06-11T11:02:00,False,none
4573,3,3,2026-06-11T12:00:00,111310.945,169.008,1765.065,42292.722,30.61,98,estimated,True,2026-06-11T12:02:00,False,none
4574,3,3,2026-06-11T13:00:00,111473.614,162.669,1765.065,42292.722,30.76,98,estimated,True,2026-06-11T13:02:00,False,none
4575,3,3,2026-06-11T14:00:00,111631.027,157.413,1765.065,42292.722,31.35,98,estimated,True,2026-06-11T14:02:00,False,none
4576,3,3,2026-06-11T15:00:00,111789.806,158.779,1765.065,42292.722,31.39,98,estimated,True,2026-06-11T15:02:00,False,none
4577,3,3,2026-06-11T16:00:00,111952.971,163.165,1765.065,42292.722,32.05,98,estimated,True,2026-06-11T16:02:00,False,none
4578,3,3,2026-06-11T17:00:00,112073.709,120.738,1765.065,42292.722,31.28,98,estimated,True,2026-06-11T17:02:00,False,none
4579,3,3,2026-06-11T18:00:00,112129.539,55.83,1765.065,42292.722,29.66,98,estimated,True,2026-06-11T18:02:00,False,none
4580,3,3,2026-06-11T19:00:00,112153.269,23.73,1765.065,42292.722,29.46,98,estimated,True,2026-06-11T19:02:00,False,none
4581,3,3,2026-06-11T20:00:00,112170.691,17.422,1765.065,42292.722,28.12,98,estimated,True,2026-06-11T20:02:00,False,none
4582,3,3,2026-06-11T21:00:00,112181.087,10.396,1765.065,42292.722,27.0,98,estimated,True,2026-06-11T21:02:00,False,none
4583,3,3,2026-06-11T22:00:00,112188.868,7.781,1765.065,42292.722,25.36,98,estimated,True,2026-06-11T22:02:00,False,none
4584,3,3,2026-06-11T23:00:00,112193.862,4.994,1765.065,42292.722,23.78,98,estimated,True,2026-06-11T23:02:00,False,none
4585,3,3,2026-06-12T00:00:00,112198.451,4.589,1798.47,42292.722,23.5,98,estimated,True,2026-06-12T00:02:00,False,none
4586,3,3,2026-06-12T01:00:00,112202.377,3.926,1798.47,42292.722,22.97,98,estimated,True,2026-06-12T01:02:00,False,none
4587,3,3,2026-06-12T02:00:00,112206.81,4.433,1798.47,42292.722,21.87,98,estimated,True,2026-06-12T02:02:00,False,none
4588,3,3,2026-06-12T03:00:00,112211.348,4.538,1798.47,42292.722,21.37,98,estimated,True,2026-06-12T03:02:00,False,none
4589,3,3,2026-06-12T04:00:00,112216.542,5.194,1798.47,42292.722,21.26,98,estimated,True,2026-06-12T04:02:00,False,none
4590,3,3,2026-06-12T05:00:00,112224.711,8.169,1798.47,42292.722,22.47,98,estimated,True,2026-06-12T05:02:00,False,none
4591,3,3,2026-06-12T06:00:00,112245.882,21.171,1798.47,42292.722,22.91,98,estimated,True,2026-06-12T06:02:00,False,none
4592,3,3,2026-06-12T07:00:00,112320.173,74.291,1798.47,42292.722,24.55,98,estimated,True,2026-06-12T07:02:00,False,none
4593,3,3,2026-06-12T08:00:00,112445.438,125.265,1798.47,42292.722,25.2,98,estimated,True,2026-06-12T08:02:00,False,none
4594,3,3,2026-06-12T09:00:00,112595.73,150.292,1798.47,42292.722,27.04,98,estimated,True,2026-06-12T09:02:00,False,none
4595,3,3,2026-06-12T10:00:00,112770.806,175.076,1798.47,42292.722,28.1,98,estimated,True,2026-06-12T10:02:00,False,none
4596,3,3,2026-06-12T11:00:00,112945.306,174.5,1798.47,42292.722,29.4,98,estimated,True,2026-06-12T11:02:00,False,none
4597,3,3,2026-06-12T12:00:00,113060.938,115.632,1798.47,42292.722,29.81,98,estimated,True,2026-06-12T12:02:00,False,none
4598,3,3,2026-06-12T13:00:00,113264.494,203.556,1798.47,42292.722,30.88,98,estimated,True,2026-06-12T13:02:00,False,none
4599,3,3,2026-06-12T14:00:00,113480.371,215.877,1798.47,42292.722,32.42,98,estimated,True,2026-06-12T14:02:00,False,none
4600,3,3,2026-06-12T15:00:00,113610.101,129.73,1798.47,42292.722,31.7,98,estimated,True,2026-06-12T15:02:00,False,none
4601,3,3,2026-06-12T16:00:00,113742.484,132.383,1798.47,42292.722,30.67,98,estimated,True,2026-06-12T16:02:00,False,none
4602,3,3,2026-06-12T17:00:00,113875.529,133.045,1798.47,42292.722,31.03,98,estimated,True,2026-06-12T17:02:00,False,none
4603,3,3,2026-06-12T18:00:00,113934.244,58.715,1798.47,42292.722,30.66,98,estimated,True,2026-06-12T18:02:00,False,none
4604,3,3,2026-06-12T19:00:00,113958.722,24.478,1798.47,42292.722,28.92,98,estimated,True,2026-06-12T19:02:00,False,none
4605,3,3,2026-06-12T20:00:00,113973.501,14.779,1798.47,42292.722,28.17,98,estimated,True,2026-06-12T20:02:00,False,none
4606,3,3,2026-06-12T21:00:00,113981.276,7.775,1798.47,42292.722,26.94,98,estimated,True,2026-06-12T21:02:00,False,none
4607,3,3,2026-06-12T22:00:00,113988.603,7.327,1798.47,42292.722,25.74,98,estimated,True,2026-06-12T22:02:00,False,none
4608,3,3,2026-06-12T23:00:00,113992.332,3.729,1798.47,42292.722,23.85,98,estimated,True,2026-06-12T23:02:00,False,none
4609,3,3,2026-06-13T00:00:00,113993.016,0.684,338.161,42292.722,23.71,98,estimated,True,2026-06-13T00:02:00,False,none
4610,3,3,2026-06-13T01:00:00,113994.288,1.272,338.161,42292.722,23.28,98,estimated,True,2026-06-13T01:02:00,False,none
4611,3,3,2026-06-13T02:00:00,113995.151,0.863,338.161,42292.722,21.95,98,estimated,True,2026-06-13T02:02:00,False,none
4612,3,3,2026-06-13T03:00:00,113995.44,0.289,338.161,42292.722,22.0,98,estimated,True,2026-06-13T03:02:00,False,none
4613,3,3,2026-06-13T04:00:00,113996.872,1.432,338.161,42292.722,21.78,98,estimated,True,2026-06-13T04:02:00,False,none
4614,3,3,2026-06-13T05:00:00,113999.098,2.226,338.161,42292.722,22.98,98,estimated,True,2026-06-13T05:02:00,False,none
4615,3,3,2026-06-13T06:00:00,114003.021,3.923,338.161,42292.722,24.04,98,estimated,True,2026-06-13T06:02:00,False,none
4616,3,3,2026-06-13T07:00:00,114015.456,12.435,338.161,42292.722,25.14,98,estimated,True,2026-06-13T07:02:00,False,none
4617,3,3,2026-06-13T08:00:00,114037.451,21.995,338.161,42292.722,25.27,98,estimated,True,2026-06-13T08:02:00,False,none
4618,3,3,2026-06-13T09:00:00,114068.221,30.77,338.161,42292.722,26.79,98,estimated,True,2026-06-13T09:02:00,False,none
4619,3,3,2026-06-13T10:00:00,114103.993,35.772,338.161,42292.722,28.48,98,estimated,True,2026-06-13T10:02:00,False,none
4620,3,3,2026-06-13T11:00:00,114133.917,29.924,338.161,42292.722,29.0,98,estimated,True,2026-06-13T11:02:00,False,none
4621,3,3,2026-06-13T12:00:00,114157.772,23.855,338.161,42292.722,30.36,98,estimated,True,2026-06-13T12:02:00,False,none
4622,3,3,2026-06-13T13:00:00,114188.167,30.395,338.161,42292.722,30.91,98,estimated,True,2026-06-13T13:02:00,False,none
4623,3,3,2026-06-13T14:00:00,114224.352,36.185,338.161,42292.722,32.38,98,estimated,True,2026-06-13T14:02:00,False,none
4624,3,3,2026-06-13T15:00:00,114251.683,27.331,338.161,42292.722,32.24,98,estimated,True,2026-06-13T15:02:00,False,none
4625,3,3,2026-06-13T16:00:00,114285.701,34.018,338.161,42292.722,32.28,98,estimated,True,2026-06-13T16:02:00,False,none
4626,3,3,2026-06-13T17:00:00,114306.567,20.866,338.161,42292.722,30.5,98,estimated,True,2026-06-13T17:02:00,False,none
4627,3,3,2026-06-13T18:00:00,114318.893,12.326,338.161,42292.722,30.71,98,estimated,True,2026-06-13T18:02:00,False,none
4628,3,3,2026-06-13T19:00:00,114324.211,5.318,338.161,42292.722,29.2,98,estimated,True,2026-06-13T19:02:00,False,none
4629,3,3,2026-06-13T20:00:00,114327.02,2.809,338.161,42292.722,28.03,98,estimated,True,2026-06-13T20:02:00,False,none
4630,3,3,2026-06-13T21:00:00,114328.196,1.176,338.161,42292.722,27.45,98,estimated,True,2026-06-13T21:02:00,False,none
4631,3,3,2026-06-13T22:00:00,114328.967,0.771,338.161,42292.722,26.08,98,estimated,True,2026-06-13T22:02:00,False,none
4632,3,3,2026-06-13T23:00:00,114330.493,1.526,338.161,42292.722,24.13,98,estimated,True,2026-06-13T23:02:00,False,none
4633,3,3,2026-06-14T00:00:00,114332.045,1.552,371.087,42292.722,23.99,98,estimated,True,2026-06-14T00:02:00,False,none
4634,3,3,2026-06-14T01:00:00,114332.544,0.499,371.087,42292.722,22.3,98,estimated,True,2026-06-14T01:02:00,False,none
4635,3,3,2026-06-14T02:00:00,114333.449,0.905,371.087,42292.722,22.65,98,estimated,True,2026-06-14T02:02:00,False,none
4636,3,3,2026-06-14T03:00:00,114334.687,1.238,371.087,42292.722,21.72,98,estimated,True,2026-06-14T03:02:00,False,none
4637,3,3,2026-06-14T04:00:00,114336.994,2.307,371.087,42292.722,22.04,98,estimated,True,2026-06-14T04:02:00,False,none
4638,3,3,2026-06-14T05:00:00,114339.22,2.226,371.087,42292.722,23.44,98,estimated,True,2026-06-14T05:02:00,False,none
4639,3,3,2026-06-14T06:00:00,114343.629,4.409,371.087,42292.722,24.16,98,estimated,True,2026-06-14T06:02:00,False,none
4640,3,3,2026-06-14T07:00:00,114360.043,16.414,371.087,42292.722,24.96,98,estimated,True,2026-06-14T07:02:00,False,none
4641,3,3,2026-06-14T08:00:00,114387.073,27.03,371.087,42292.722,25.96,98,estimated,True,2026-06-14T08:02:00,False,none
4642,3,3,2026-06-14T09:00:00,114419.292,32.219,371.087,42292.722,26.47,98,estimated,True,2026-06-14T09:02:00,False,none
4643,3,3,2026-06-14T10:00:00,114458.211,38.919,371.087,42292.722,28.78,98,estimated,True,2026-06-14T10:02:00,False,none
4644,3,3,2026-06-14T11:00:00,114488.046,29.835,371.087,42292.722,29.85,98,estimated,True,2026-06-14T11:02:00,False,none
4645,3,3,2026-06-14T12:00:00,114516.318,28.272,371.087,42292.722,29.9,98,estimated,True,2026-06-14T12:02:00,False,none
4646,3,3,2026-06-14T13:00:00,114548.817,32.499,371.087,42292.722,31.36,98,estimated,True,2026-06-14T13:02:00,False,none
4647,3,3,2026-06-14T14:00:00,114592.501,43.684,371.087,42292.722,32.23,98,estimated,True,2026-06-14T14:02:00,False,none
4648,3,3,2026-06-14T15:00:00,114624.935,32.434,371.087,42292.722,32.2,98,estimated,True,2026-06-14T15:02:00,False,none
4649,3,3,2026-06-14T16:00:00,114654.586,29.651,371.087,42292.722,31.88,98,estimated,True,2026-06-14T16:02:00,False,none
4650,3,3,2026-06-14T17:00:00,114677.986,23.4,371.087,42292.722,31.15,98,estimated,True,2026-06-14T17:02:00,False,none
4651,3,3,2026-06-14T18:00:00,114689.75,11.764,371.087,42292.722,30.87,98,estimated,True,2026-06-14T18:02:00,False,none
4652,3,3,2026-06-14T19:00:00,114695.727,5.977,371.087,42292.722,29.84,98,estimated,True,2026-06-14T19:02:00,False,none
4653,3,3,2026-06-14T20:00:00,114698.942,3.215,371.087,42292.722,27.74,98,estimated,True,2026-06-14T20:02:00,False,none
4654,3,3,2026-06-14T21:00:00,114699.839,0.897,371.087,42292.722,26.88,98,estimated,True,2026-06-14T21:02:00,False,none
4655,3,3,2026-06-14T22:00:00,114701.58,1.741,371.087,42292.722,25.42,98,estimated,True,2026-06-14T22:02:00,False,none
4656,3,3,2026-06-14T23:00:00,114701.58,0.0,371.087,42292.722,24.56,98,estimated,True,2026-06-14T23:02:00,False,none
4657,3,3,2026-06-15T00:00:00,114704.785,3.205,1748.249,42292.722,23.97,98,estimated,True,2026-06-15T00:02:00,False,none
4658,3,3,2026-06-15T01:00:00,114709.333,4.548,1748.249,42292.722,23.04,98,estimated,True,2026-06-15T01:02:00,False,none
4659,3,3,2026-06-15T02:00:00,114715.115,5.782,1748.249,42292.722,22.84,98,estimated,True,2026-06-15T02:02:00,False,none
4660,3,3,2026-06-15T03:00:00,114719.43,4.315,1748.249,42292.722,21.77,98,estimated,True,2026-06-15T03:02:00,False,none
4661,3,3,2026-06-15T04:00:00,114724.134,4.704,1748.249,42292.722,22.38,98,estimated,True,2026-06-15T04:02:00,False,none
4662,3,3,2026-06-15T05:00:00,114732.479,8.345,1748.249,42292.722,23.07,98,estimated,True,2026-06-15T05:02:00,False,none
4663,3,3,2026-06-15T06:00:00,114751.345,18.866,1748.249,42292.722,23.6,98,estimated,True,2026-06-15T06:02:00,False,none
4664,3,3,2026-06-15T07:00:00,114824.896,73.551,1748.249,42292.722,25.21,98,estimated,True,2026-06-15T07:02:00,False,none
4665,3,3,2026-06-15T08:00:00,114960.169,135.273,1748.249,42292.722,26.39,98,estimated,True,2026-06-15T08:02:00,False,none
4666,3,3,2026-06-15T09:00:00,115103.46,143.291,1748.249,42292.722,27.05,98,estimated,True,2026-06-15T09:02:00,False,none
4667,3,3,2026-06-15T10:00:00,115256.332,152.872,1748.249,42292.722,28.75,98,estimated,True,2026-06-15T10:02:00,False,none
4668,3,3,2026-06-15T11:00:00,115392.61,136.278,1748.249,42292.722,30.56,98,estimated,True,2026-06-15T11:02:00,False,none
4669,3,3,2026-06-15T12:00:00,115574.674,182.064,1748.249,42292.722,30.96,98,estimated,True,2026-06-15T12:02:00,False,none
4670,3,3,2026-06-15T13:00:00,115748.72,174.046,1748.249,42292.722,31.89,98,estimated,True,2026-06-15T13:02:00,False,none
4671,3,3,2026-06-15T14:00:00,115894.632,145.912,1748.249,42292.722,31.76,98,estimated,True,2026-06-15T14:02:00,False,none
4672,3,3,2026-06-15T15:00:00,116092.696,198.064,1748.249,42292.722,32.62,98,estimated,True,2026-06-15T15:02:00,False,none
4673,3,3,2026-06-15T16:00:00,116219.009,126.313,1748.249,42292.722,31.97,98,estimated,True,2026-06-15T16:02:00,False,none
4674,3,3,2026-06-15T17:00:00,116319.865,100.856,1748.249,42292.722,30.66,98,estimated,True,2026-06-15T17:02:00,False,none
4675,3,3,2026-06-15T18:00:00,116388.175,68.31,1748.249,42292.722,30.81,98,estimated,True,2026-06-15T18:02:00,False,none
4676,3,3,2026-06-15T19:00:00,116417.49,29.315,1748.249,42292.722,30.09,98,estimated,True,2026-06-15T19:02:00,False,none
4677,3,3,2026-06-15T20:00:00,116430.242,12.752,1748.249,42292.722,28.45,98,estimated,True,2026-06-15T20:02:00,False,none
4678,3,3,2026-06-15T21:00:00,116439.501,9.259,1748.249,42292.722,27.88,98,estimated,True,2026-06-15T21:02:00,False,none
4679,3,3,2026-06-15T22:00:00,116445.909,6.408,1748.249,42292.722,25.18,98,estimated,True,2026-06-15T22:02:00,False,none
4680,3,3,2026-06-15T23:00:00,116449.829,3.92,1748.249,42292.722,24.47,98,estimated,True,2026-06-15T23:02:00,False,none
4681,3,3,2026-06-16T00:00:00,116454.1,4.271,1610.714,42292.722,24.15,98,estimated,True,2026-06-16T00:02:00,False,none
4682,3,3,2026-06-16T01:00:00,116459.508,5.408,1610.714,42292.722,23.1,98,estimated,True,2026-06-16T01:02:00,False,none
4683,3,3,2026-06-16T02:00:00,116465.356,5.848,1610.714,42292.722,22.36,98,estimated,True,2026-06-16T02:02:00,False,none
4684,3,3,2026-06-16T03:00:00,116469.784,4.428,1610.714,42292.722,22.2,98,estimated,True,2026-06-16T03:02:00,False,none
4685,3,3,2026-06-16T04:00:00,116474.24,4.456,1610.714,42292.722,22.52,98,estimated,True,2026-06-16T04:02:00,False,none
4686,3,3,2026-06-16T05:00:00,116483.407,9.167,1610.714,42292.722,23.31,98,estimated,True,2026-06-16T05:02:00,False,none
4687,3,3,2026-06-16T06:00:00,116502.256,18.849,1610.714,42292.722,23.63,98,estimated,True,2026-06-16T06:02:00,False,none
4688,3,3,2026-06-16T07:00:00,116567.917,65.661,1610.714,42292.722,25.97,98,estimated,True,2026-06-16T07:02:00,False,none
4689,3,3,2026-06-16T08:00:00,116681.452,113.535,1610.714,42292.722,26.45,98,estimated,True,2026-06-16T08:02:00,False,none
4690,3,3,2026-06-16T09:00:00,116844.481,163.029,1610.714,42292.722,27.35,98,estimated,True,2026-06-16T09:02:00,False,none
4691,3,3,2026-06-16T10:00:00,116962.53,118.049,1610.714,42292.722,28.95,98,estimated,True,2026-06-16T10:02:00,False,none
4692,3,3,2026-06-16T11:00:00,117100.517,137.987,1610.714,42292.722,30.03,98,estimated,True,2026-06-16T11:02:00,False,none
4693,3,3,2026-06-16T12:00:00,117235.124,134.607,1610.714,42292.722,31.13,98,estimated,True,2026-06-16T12:02:00,False,none
4694,3,3,2026-06-16T13:00:00,117398.682,163.558,1610.714,42292.722,31.45,98,estimated,True,2026-06-16T13:02:00,False,none
4695,3,3,2026-06-16T14:00:00,117563.941,165.259,1610.714,42292.722,31.87,98,estimated,True,2026-06-16T14:02:00,False,none
4696,3,3,2026-06-16T15:00:00,117693.33,129.389,1610.714,42292.722,31.99,98,estimated,True,2026-06-16T15:02:00,False,none
4697,3,3,2026-06-16T16:00:00,117818.498,125.168,1610.714,42292.722,32.7,98,estimated,True,2026-06-16T16:02:00,False,none
4698,3,3,2026-06-16T17:00:00,117945.552,127.054,1610.714,42292.722,31.72,98,estimated,True,2026-06-16T17:02:00,False,none
4699,3,3,2026-06-16T18:00:00,117997.132,51.58,1610.714,42292.722,30.75,98,estimated,True,2026-06-16T18:02:00,False,none
4700,3,3,2026-06-16T19:00:00,118029.181,32.049,1610.714,42292.722,30.05,98,estimated,True,2026-06-16T19:02:00,False,none
4701,3,3,2026-06-16T20:00:00,118042.604,13.423,1610.714,42292.722,28.29,98,estimated,True,2026-06-16T20:02:00,False,none
4702,3,3,2026-06-16T21:00:00,118051.034,8.43,1610.714,42292.722,26.77,98,estimated,True,2026-06-16T21:02:00,False,none
4703,3,3,2026-06-16T22:00:00,118057.313,6.279,1610.714,42292.722,26.18,98,estimated,True,2026-06-16T22:02:00,False,none
4704,3,3,2026-06-16T23:00:00,118060.543,3.23,1610.714,42292.722,24.78,98,estimated,True,2026-06-16T23:02:00,False,none
4705,3,3,2026-06-17T00:00:00,118065.744,5.201,1953.247,42292.722,24.09,98,estimated,True,2026-06-17T00:02:00,False,none
4706,3,3,2026-06-17T01:00:00,118069.603,3.859,1953.247,42292.722,22.83,98,estimated,True,2026-06-17T01:02:00,False,none
4707,3,3,2026-06-17T02:00:00,118074.93,5.327,1953.247,42292.722,22.97,98,estimated,True,2026-06-17T02:02:00,False,none
4708,3,3,2026-06-17T03:00:00,118079.152,4.222,1953.247,42292.722,22.0,98,estimated,True,2026-06-17T03:02:00,False,none
4709,3,3,2026-06-17T04:00:00,118083.427,4.275,1953.247,42292.722,22.88,98,estimated,True,2026-06-17T04:02:00,False,none
4710,3,3,2026-06-17T05:00:00,118092.665,9.238,1953.247,42292.722,22.27,98,estimated,True,2026-06-17T05:02:00,False,none
4711,3,3,2026-06-17T06:00:00,118114.754,22.089,1953.247,42292.722,24.67,98,estimated,True,2026-06-17T06:02:00,False,none
4712,3,3,2026-06-17T07:00:00,118180.171,65.417,1953.247,42292.722,24.68,98,estimated,True,2026-06-17T07:02:00,False,none
4713,3,3,2026-06-17T08:00:00,118337.938,157.767,1953.247,42292.722,27.01,98,estimated,True,2026-06-17T08:02:00,False,none
4714,3,3,2026-06-17T09:00:00,118512.256,174.318,1953.247,42292.722,27.85,98,estimated,True,2026-06-17T09:02:00,False,none
4715,3,3,2026-06-17T10:00:00,118682.298,170.042,1953.247,42292.722,28.62,98,estimated,True,2026-06-17T10:02:00,False,none
4716,3,3,2026-06-17T11:00:00,118853.022,170.724,1953.247,42292.722,30.06,98,estimated,True,2026-06-17T11:02:00,False,none
4717,3,3,2026-06-17T12:00:00,119029.273,176.251,1953.247,42292.722,31.73,98,estimated,True,2026-06-17T12:02:00,False,none
4718,3,3,2026-06-17T13:00:00,119202.648,173.375,1953.247,42292.722,31.36,98,estimated,True,2026-06-17T13:02:00,False,none
4719,3,3,2026-06-17T14:00:00,119393.788,191.14,1953.247,42292.722,32.72,98,estimated,True,2026-06-17T14:02:00,False,none
4720,3,3,2026-06-17T15:00:00,119619.073,225.285,1953.247,42292.722,32.34,98,estimated,True,2026-06-17T15:02:00,False,none
4721,3,3,2026-06-17T16:00:00,119746.23,127.157,1953.247,42292.722,31.91,98,estimated,True,2026-06-17T16:02:00,False,none
4722,3,3,2026-06-17T17:00:00,119893.143,146.913,1953.247,42292.722,32.02,98,estimated,True,2026-06-17T17:02:00,False,none
4723,3,3,2026-06-17T18:00:00,119948.616,55.473,1953.247,42292.722,30.8,98,estimated,True,2026-06-17T18:02:00,False,none
4724,3,3,2026-06-17T19:00:00,119977.064,28.448,1953.247,42292.722,30.53,98,estimated,True,2026-06-17T19:02:00,False,none
4725,3,3,2026-06-17T20:00:00,119991.792,14.728,1953.247,42292.722,28.76,98,estimated,True,2026-06-17T20:02:00,False,none
4726,3,3,2026-06-17T21:00:00,120001.916,10.124,1953.247,42292.722,27.7,98,estimated,True,2026-06-17T21:02:00,False,none
4727,3,3,2026-06-17T22:00:00,120009.262,7.346,1953.247,42292.722,26.82,98,estimated,True,2026-06-17T22:02:00,False,none
4728,3,3,2026-06-17T23:00:00,120013.79,4.528,1953.247,42292.722,25.21,98,estimated,True,2026-06-17T23:02:00,False,none
4729,3,3,2026-06-18T00:00:00,120018.191,4.401,1767.916,42292.722,24.37,98,estimated,True,2026-06-18T00:02:00,False,none
4730,3,3,2026-06-18T01:00:00,120023.505,5.314,1767.916,42292.722,23.38,98,estimated,True,2026-06-18T01:02:00,False,none
4731,3,3,2026-06-18T02:00:00,120026.656,3.151,1767.916,42292.722,23.49,98,estimated,True,2026-06-18T02:02:00,False,none
4732,3,3,2026-06-18T03:00:00,120030.462,3.806,1767.916,42292.722,22.71,98,estimated,True,2026-06-18T03:02:00,False,none
4733,3,3,2026-06-18T04:00:00,120035.141,4.679,1767.916,42292.722,22.75,98,estimated,True,2026-06-18T04:02:00,False,none
4734,3,3,2026-06-18T05:00:00,120043.737,8.596,1767.916,42292.722,23.65,98,estimated,True,2026-06-18T05:02:00,False,none
4735,3,3,2026-06-18T06:00:00,120062.998,19.261,1767.916,42292.722,23.41,98,estimated,True,2026-06-18T06:02:00,False,none
4736,3,3,2026-06-18T07:00:00,120109.783,46.785,1767.916,42292.722,25.57,98,estimated,True,2026-06-18T07:02:00,False,none
4737,3,3,2026-06-18T08:00:00,120260.559,150.776,1767.916,42292.722,26.89,98,estimated,True,2026-06-18T08:02:00,False,none
4738,3,3,2026-06-18T09:00:00,120424.971,164.412,1767.916,42292.722,28.24,98,estimated,True,2026-06-18T09:02:00,False,none
4739,3,3,2026-06-18T10:00:00,120606.672,181.701,1767.916,42292.722,28.18,98,estimated,True,2026-06-18T10:02:00,False,none
4740,3,3,2026-06-18T11:00:00,120786.778,180.106,1767.916,42292.722,30.72,98,estimated,True,2026-06-18T11:02:00,False,none
4741,3,3,2026-06-18T12:00:00,120941.679,154.901,1767.916,42292.722,30.98,98,estimated,True,2026-06-18T12:02:00,False,none
4742,3,3,2026-06-18T13:00:00,121095.209,153.53,1767.916,42292.722,31.83,98,estimated,True,2026-06-18T13:02:00,False,none
4743,3,3,2026-06-18T14:00:00,121248.104,152.895,1767.916,42292.722,32.92,98,estimated,True,2026-06-18T14:02:00,False,none
4744,3,3,2026-06-18T15:00:00,121392.932,144.828,1767.916,42292.722,32.35,98,estimated,True,2026-06-18T15:02:00,False,none
4745,3,3,2026-06-18T16:00:00,121541.734,148.802,1767.916,42292.722,31.94,98,estimated,True,2026-06-18T16:02:00,False,none
4746,3,3,2026-06-18T17:00:00,121657.27,115.536,1767.916,42292.722,32.5,98,estimated,True,2026-06-18T17:02:00,False,none
4747,3,3,2026-06-18T18:00:00,121720.163,62.893,1767.916,42292.722,30.64,98,estimated,True,2026-06-18T18:02:00,False,none
4748,3,3,2026-06-18T19:00:00,121746.63,26.467,1767.916,42292.722,30.88,98,estimated,True,2026-06-18T19:02:00,False,none
4749,3,3,2026-06-18T20:00:00,121761.289,14.659,1767.916,42292.722,28.81,98,estimated,True,2026-06-18T20:02:00,False,none
4750,3,3,2026-06-18T21:00:00,121769.845,8.556,1767.916,42292.722,28.36,98,estimated,True,2026-06-18T21:02:00,False,none
4751,3,3,2026-06-18T22:00:00,121777.344,7.499,1767.916,42292.722,25.88,98,estimated,True,2026-06-18T22:02:00,False,none
4752,3,3,2026-06-18T23:00:00,121781.706,4.362,1767.916,42292.722,25.53,98,estimated,True,2026-06-18T23:02:00,False,none
4753,3,3,2026-06-19T00:00:00,121786.858,5.152,1894.213,42292.722,24.05,98,estimated,True,2026-06-19T00:02:00,False,none
4754,3,3,2026-06-19T01:00:00,121790.6,3.742,1894.213,42292.722,23.69,98,estimated,True,2026-06-19T01:02:00,False,none
4755,3,3,2026-06-19T02:00:00,121793.875,3.275,1894.213,42292.722,22.99,98,estimated,True,2026-06-19T02:02:00,False,none
4756,3,3,2026-06-19T03:00:00,121798.022,4.147,1894.213,42292.722,23.08,98,estimated,True,2026-06-19T03:02:00,False,none
4757,3,3,2026-06-19T04:00:00,121802.353,4.331,1894.213,42292.722,22.8,98,estimated,True,2026-06-19T04:02:00,False,none
4758,3,3,2026-06-19T05:00:00,121812.002,9.649,1894.213,42292.722,23.49,98,estimated,True,2026-06-19T05:02:00,False,none
4759,3,3,2026-06-19T06:00:00,121833.377,21.375,1894.213,42292.722,24.51,98,estimated,True,2026-06-19T06:02:00,False,none
4760,3,3,2026-06-19T07:00:00,121906.439,73.062,1894.213,42292.722,25.61,98,estimated,True,2026-06-19T07:02:00,False,none
4761,3,3,2026-06-19T08:00:00,122044.705,138.266,1894.213,42292.722,26.34,98,estimated,True,2026-06-19T08:02:00,False,none
4762,3,3,2026-06-19T09:00:00,122221.632,176.927,1894.213,42292.722,27.74,98,estimated,True,2026-06-19T09:02:00,False,none
4763,3,3,2026-06-19T10:00:00,122388.746,167.114,1894.213,42292.722,28.95,98,estimated,True,2026-06-19T10:02:00,False,none
4764,3,3,2026-06-19T11:00:00,122570.364,181.618,1894.213,42292.722,31.09,98,estimated,True,2026-06-19T11:02:00,False,none
4765,3,3,2026-06-19T12:00:00,122734.351,163.987,1894.213,42292.722,31.04,98,estimated,True,2026-06-19T12:02:00,False,none
4766,3,3,2026-06-19T13:00:00,122913.739,179.388,1894.213,42292.722,32.18,98,estimated,True,2026-06-19T13:02:00,False,none
4767,3,3,2026-06-19T14:00:00,123116.958,203.219,1894.213,42292.722,32.69,98,estimated,True,2026-06-19T14:02:00,False,none
4768,3,3,2026-06-19T15:00:00,123284.395,167.437,1894.213,42292.722,32.94,98,estimated,True,2026-06-19T15:02:00,False,none
4769,3,3,2026-06-19T16:00:00,123437.705,153.31,1894.213,42292.722,33.05,98,estimated,True,2026-06-19T16:02:00,False,none
4770,3,3,2026-06-19T17:00:00,123559.621,121.916,1894.213,42292.722,32.18,98,estimated,True,2026-06-19T17:02:00,False,none
4771,3,3,2026-06-19T18:00:00,123617.509,57.888,1894.213,42292.722,31.3,98,estimated,True,2026-06-19T18:02:00,False,none
4772,3,3,2026-06-19T19:00:00,123643.23,25.721,1894.213,42292.722,30.07,98,estimated,True,2026-06-19T19:02:00,False,none
4773,3,3,2026-06-19T20:00:00,123654.705,11.475,1894.213,42292.722,28.7,98,estimated,True,2026-06-19T20:02:00,False,none
4774,3,3,2026-06-19T21:00:00,123663.484,8.779,1894.213,42292.722,27.45,98,estimated,True,2026-06-19T21:02:00,False,none
4775,3,3,2026-06-19T22:00:00,123670.302,6.818,1894.213,42292.722,26.55,98,estimated,True,2026-06-19T22:02:00,False,none
4776,3,3,2026-06-19T23:00:00,123675.919,5.617,1894.213,42292.722,24.36,98,estimated,True,2026-06-19T23:02:00,False,none
4777,3,3,2026-06-20T00:00:00,123677.147,1.228,368.619,42292.722,24.78,98,estimated,True,2026-06-20T00:02:00,False,none
4778,3,3,2026-06-20T01:00:00,123677.236,0.089,368.619,42292.722,24.31,98,estimated,True,2026-06-20T01:02:00,False,none
4779,3,3,2026-06-20T02:00:00,123677.335,0.099,368.619,42292.722,23.81,98,estimated,True,2026-06-20T02:02:00,False,none
4780,3,3,2026-06-20T03:00:00,123677.335,0.0,368.619,42292.722,22.98,98,estimated,True,2026-06-20T03:02:00,False,none
4781,3,3,2026-06-20T04:00:00,123678.515,1.18,368.619,42292.722,23.06,98,estimated,True,2026-06-20T04:02:00,False,none
4782,3,3,2026-06-20T05:00:00,123680.829,2.314,368.619,42292.722,23.49,98,estimated,True,2026-06-20T05:02:00,False,none
4783,3,3,2026-06-20T06:00:00,123684.768,3.939,368.619,42292.722,24.39,98,estimated,True,2026-06-20T06:02:00,False,none
4784,3,3,2026-06-20T07:00:00,123700.067,15.299,368.619,42292.722,25.15,98,estimated,True,2026-06-20T07:02:00,False,none
4785,3,3,2026-06-20T08:00:00,123731.218,31.151,368.619,42292.722,26.33,98,estimated,True,2026-06-20T08:02:00,False,none
4786,3,3,2026-06-20T09:00:00,123758.225,27.007,368.619,42292.722,28.37,98,estimated,True,2026-06-20T09:02:00,False,none
4787,3,3,2026-06-20T10:00:00,123802.522,44.297,368.619,42292.722,29.63,98,estimated,True,2026-06-20T10:02:00,False,none
4788,3,3,2026-06-20T11:00:00,123837.124,34.602,368.619,42292.722,30.48,98,estimated,True,2026-06-20T11:02:00,False,none
4789,3,3,2026-06-20T12:00:00,123867.23,30.106,368.619,42292.722,31.83,98,estimated,True,2026-06-20T12:02:00,False,none
4790,3,3,2026-06-20T13:00:00,123896.145,28.915,368.619,42292.722,32.28,98,estimated,True,2026-06-20T13:02:00,False,none
4791,3,3,2026-06-20T14:00:00,123933.891,37.746,368.619,42292.722,32.77,98,estimated,True,2026-06-20T14:02:00,False,none
4792,3,3,2026-06-20T15:00:00,123972.043,38.152,368.619,42292.722,33.09,98,estimated,True,2026-06-20T15:02:00,False,none
4793,3,3,2026-06-20T16:00:00,123999.646,27.603,368.619,42292.722,32.4,98,estimated,True,2026-06-20T16:02:00,False,none
4794,3,3,2026-06-20T17:00:00,124023.044,23.398,368.619,42292.722,32.97,98,estimated,True,2026-06-20T17:02:00,False,none
4795,3,3,2026-06-20T18:00:00,124034.557,11.513,368.619,42292.722,31.5,98,estimated,True,2026-06-20T18:02:00,False,none
4796,3,3,2026-06-20T19:00:00,124041.508,6.951,368.619,42292.722,30.05,98,estimated,True,2026-06-20T19:02:00,False,none
4797,3,3,2026-06-20T20:00:00,124043.375,1.867,368.619,42292.722,28.96,98,estimated,True,2026-06-20T20:02:00,False,none
4798,3,3,2026-06-20T21:00:00,124043.576,0.201,368.619,42292.722,27.7,98,estimated,True,2026-06-20T21:02:00,False,none
4799,3,3,2026-06-20T22:00:00,124044.205,0.629,368.619,42292.722,26.33,98,estimated,True,2026-06-20T22:02:00,False,none
4800,3,3,2026-06-20T23:00:00,124044.538,0.333,368.619,42292.722,25.63,98,estimated,True,2026-06-20T23:02:00,False,none
4801,3,3,2026-06-21T00:00:00,124046.528,1.99,376.972,42292.722,24.76,98,estimated,True,2026-06-21T00:02:00,False,none
4802,3,3,2026-06-21T01:00:00,124047.227,0.699,376.972,42292.722,23.92,98,estimated,True,2026-06-21T01:02:00,False,none
4803,3,3,2026-06-21T02:00:00,124047.227,0.0,376.972,42292.722,23.17,98,estimated,True,2026-06-21T02:02:00,False,none
4804,3,3,2026-06-21T03:00:00,124047.41,0.183,376.972,42292.722,22.89,98,estimated,True,2026-06-21T03:02:00,False,none
4805,3,3,2026-06-21T04:00:00,124050.34,2.93,376.972,42292.722,23.39,98,estimated,True,2026-06-21T04:02:00,False,none
4806,3,3,2026-06-21T05:00:00,124050.49,0.15,376.972,42292.722,23.81,98,estimated,True,2026-06-21T05:02:00,False,none
4807,3,3,2026-06-21T06:00:00,124054.945,4.455,376.972,42292.722,24.26,98,estimated,True,2026-06-21T06:02:00,False,none
4808,3,3,2026-06-21T07:00:00,124067.664,12.719,376.972,42292.722,25.47,98,estimated,True,2026-06-21T07:02:00,False,none
4809,3,3,2026-06-21T08:00:00,124091.741,24.077,376.972,42292.722,26.74,98,estimated,True,2026-06-21T08:02:00,False,none
4810,3,3,2026-06-21T09:00:00,124127.564,35.823,376.972,42292.722,27.56,98,estimated,True,2026-06-21T09:02:00,False,none
4811,3,3,2026-06-21T10:00:00,124164.81,37.246,376.972,42292.722,28.83,98,estimated,True,2026-06-21T10:02:00,False,none
4812,3,3,2026-06-21T11:00:00,124203.504,38.694,376.972,42292.722,29.89,98,estimated,True,2026-06-21T11:02:00,False,none
4813,3,3,2026-06-21T12:00:00,124233.445,29.941,376.972,42292.722,31.17,98,estimated,True,2026-06-21T12:02:00,False,none
4814,3,3,2026-06-21T13:00:00,124265.513,32.068,376.972,42292.722,32.4,98,estimated,True,2026-06-21T13:02:00,False,none
4815,3,3,2026-06-21T14:00:00,124303.629,38.116,376.972,42292.722,32.83,98,estimated,True,2026-06-21T14:02:00,False,none
4816,3,3,2026-06-21T15:00:00,124340.819,37.19,376.972,42292.722,33.32,98,estimated,True,2026-06-21T15:02:00,False,none
4817,3,3,2026-06-21T16:00:00,124369.941,29.122,376.972,42292.722,32.7,98,estimated,True,2026-06-21T16:02:00,False,none
4818,3,3,2026-06-21T17:00:00,124396.597,26.656,376.972,42292.722,33.21,98,estimated,True,2026-06-21T17:02:00,False,none
4819,3,3,2026-06-21T18:00:00,124408.26,11.663,376.972,42292.722,31.11,98,estimated,True,2026-06-21T18:02:00,False,none
4820,3,3,2026-06-21T19:00:00,124413.831,5.571,376.972,42292.722,30.31,98,estimated,True,2026-06-21T19:02:00,False,none
4821,3,3,2026-06-21T20:00:00,124416.259,2.428,376.972,42292.722,28.74,98,estimated,True,2026-06-21T20:02:00,False,none
4822,3,3,2026-06-21T21:00:00,124418.558,2.299,376.972,42292.722,28.66,98,estimated,True,2026-06-21T21:02:00,False,none
4823,3,3,2026-06-21T22:00:00,124420.926,2.368,376.972,42292.722,25.65,98,estimated,True,2026-06-21T22:02:00,False,none
4824,3,3,2026-06-21T23:00:00,124421.51,0.584,376.972,42292.722,25.88,98,estimated,True,2026-06-21T23:02:00,False,none
4825,3,3,2026-06-22T00:00:00,124425.179,3.669,1821.309,42292.722,24.73,98,estimated,True,2026-06-22T00:02:00,False,none
4826,3,3,2026-06-22T01:00:00,124430.735,5.556,1821.309,42292.722,23.46,98,estimated,True,2026-06-22T01:02:00,False,none
4827,3,3,2026-06-22T02:00:00,124433.596,2.861,1821.309,42292.722,23.04,98,estimated,True,2026-06-22T02:02:00,False,none
4828,3,3,2026-06-22T03:00:00,124437.89,4.294,1821.309,42292.722,22.95,98,estimated,True,2026-06-22T03:02:00,False,none
4829,3,3,2026-06-22T04:00:00,124442.258,4.368,1821.309,42292.722,23.63,98,estimated,True,2026-06-22T04:02:00,False,none
4830,3,3,2026-06-22T05:00:00,124452.064,9.806,1821.309,42292.722,23.48,98,estimated,True,2026-06-22T05:02:00,False,none
4831,3,3,2026-06-22T06:00:00,124471.888,19.824,1821.309,42292.722,24.49,98,estimated,True,2026-06-22T06:02:00,False,none
4832,3,3,2026-06-22T07:00:00,124543.218,71.33,1821.309,42292.722,25.94,98,estimated,True,2026-06-22T07:02:00,False,none
4833,3,3,2026-06-22T08:00:00,124687.579,144.361,1821.309,42292.722,26.69,98,estimated,True,2026-06-22T08:02:00,False,none
4834,3,3,2026-06-22T09:00:00,124843.256,155.677,1821.309,42292.722,27.55,98,estimated,True,2026-06-22T09:02:00,False,none
4835,3,3,2026-06-22T10:00:00,125015.523,172.267,1821.309,42292.722,29.27,98,estimated,True,2026-06-22T10:02:00,False,none
4836,3,3,2026-06-22T11:00:00,125182.69,167.167,1821.309,42292.722,30.99,98,estimated,True,2026-06-22T11:02:00,False,none
4837,3,3,2026-06-22T12:00:00,125338.625,155.935,1821.309,42292.722,31.86,98,estimated,True,2026-06-22T12:02:00,False,none
4838,3,3,2026-06-22T13:00:00,125519.893,181.268,1821.309,42292.722,32.73,98,estimated,True,2026-06-22T13:02:00,False,none
4839,3,3,2026-06-22T14:00:00,125697.818,177.925,1821.309,42292.722,32.81,98,estimated,True,2026-06-22T14:02:00,False,none
4840,3,3,2026-06-22T15:00:00,125875.705,177.887,1821.309,42292.722,32.6,98,estimated,True,2026-06-22T15:02:00,False,none
4841,3,3,2026-06-22T16:00:00,126015.217,139.512,1821.309,42292.722,32.79,98,estimated,True,2026-06-22T16:02:00,False,none
4842,3,3,2026-06-22T17:00:00,126116.092,100.875,1821.309,42292.722,32.75,98,estimated,True,2026-06-22T17:02:00,False,none
4843,3,3,2026-06-22T18:00:00,126181.094,65.002,1821.309,42292.722,31.34,98,estimated,True,2026-06-22T18:02:00,False,none
4844,3,3,2026-06-22T19:00:00,126209.476,28.382,1821.309,42292.722,30.6,98,estimated,True,2026-06-22T19:02:00,False,none
4845,3,3,2026-06-22T20:00:00,126223.728,14.252,1821.309,42292.722,29.37,98,estimated,True,2026-06-22T20:02:00,False,none
4846,3,3,2026-06-22T21:00:00,126232.305,8.577,1821.309,42292.722,27.37,98,estimated,True,2026-06-22T21:02:00,False,none
4847,3,3,2026-06-22T22:00:00,126238.895,6.59,1821.309,42292.722,27.33,98,estimated,True,2026-06-22T22:02:00,False,none
4848,3,3,2026-06-22T23:00:00,126242.819,3.924,1821.309,42292.722,25.35,98,estimated,True,2026-06-22T23:02:00,False,none
4849,3,3,2026-06-23T00:00:00,126246.709,3.89,1847.274,42292.722,24.43,98,estimated,True,2026-06-23T00:02:00,False,none
4850,3,3,2026-06-23T01:00:00,126251.224,4.515,1847.274,42292.722,23.86,98,estimated,True,2026-06-23T01:02:00,False,none
4851,3,3,2026-06-23T02:00:00,126254.74,3.516,1847.274,42292.722,23.48,98,estimated,True,2026-06-23T02:02:00,False,none
4852,3,3,2026-06-23T03:00:00,126258.916,4.176,1847.274,42292.722,22.86,98,estimated,True,2026-06-23T03:02:00,False,none
4853,3,3,2026-06-23T04:00:00,126262.638,3.722,1847.274,42292.722,23.35,98,estimated,True,2026-06-23T04:02:00,False,none
4854,3,3,2026-06-23T05:00:00,126272.592,9.954,1847.274,42292.722,24.03,98,estimated,True,2026-06-23T05:02:00,False,none
4855,3,3,2026-06-23T06:00:00,126293.093,20.501,1847.274,42292.722,24.07,98,estimated,True,2026-06-23T06:02:00,False,none
4856,3,3,2026-06-23T07:00:00,126384.823,91.73,1847.274,42292.722,25.28,98,estimated,True,2026-06-23T07:02:00,False,none
4857,3,3,2026-06-23T08:00:00,126554.085,169.262,1847.274,42292.722,26.53,98,estimated,True,2026-06-23T08:02:00,False,none
4858,3,3,2026-06-23T09:00:00,126700.377,146.292,1847.274,42292.722,27.49,98,estimated,True,2026-06-23T09:02:00,False,none
4859,3,3,2026-06-23T10:00:00,126858.121,157.744,1847.274,42292.722,29.02,98,estimated,True,2026-06-23T10:02:00,False,none
4860,3,3,2026-06-23T11:00:00,127005.554,147.433,1847.274,42292.722,30.39,98,estimated,True,2026-06-23T11:02:00,False,none
4861,3,3,2026-06-23T12:00:00,127180.902,175.348,1847.274,42292.722,31.21,98,estimated,True,2026-06-23T12:02:00,False,none
4862,3,3,2026-06-23T13:00:00,127373.932,193.03,1847.274,42292.722,32.82,98,estimated,True,2026-06-23T13:02:00,False,none
4863,3,3,2026-06-23T14:00:00,127554.854,180.922,1847.274,42292.722,33.04,98,estimated,True,2026-06-23T14:02:00,False,none
4864,3,3,2026-06-23T15:00:00,127703.885,149.031,1847.274,42292.722,32.8,98,estimated,True,2026-06-23T15:02:00,False,none
4865,3,3,2026-06-23T16:00:00,127831.837,127.952,1847.274,42292.722,32.97,98,estimated,True,2026-06-23T16:02:00,False,none
4866,3,3,2026-06-23T17:00:00,127964.985,133.148,1847.274,42292.722,31.93,98,estimated,True,2026-06-23T17:02:00,False,none
4867,3,3,2026-06-23T18:00:00,128026.622,61.637,1847.274,42292.722,32.29,98,estimated,True,2026-06-23T18:02:00,False,none
4868,3,3,2026-06-23T19:00:00,128054.498,27.876,1847.274,42292.722,30.94,98,estimated,True,2026-06-23T19:02:00,False,none
4869,3,3,2026-06-23T20:00:00,128069.303,14.805,1847.274,42292.722,28.76,98,estimated,True,2026-06-23T20:02:00,False,none
4870,3,3,2026-06-23T21:00:00,128078.484,9.181,1847.274,42292.722,28.23,98,estimated,True,2026-06-23T21:02:00,False,none
4871,3,3,2026-06-23T22:00:00,128086.355,7.871,1847.274,42292.722,26.61,98,estimated,True,2026-06-23T22:02:00,False,none
4872,3,3,2026-06-23T23:00:00,128090.093,3.738,1847.274,42292.722,25.1,98,estimated,True,2026-06-23T23:02:00,False,none
4873,3,3,2026-06-24T00:00:00,128094.518,4.425,1829.904,42292.722,24.06,98,estimated,True,2026-06-24T00:02:00,False,none
4874,3,3,2026-06-24T01:00:00,128098.327,3.809,1829.904,42292.722,23.23,98,estimated,True,2026-06-24T01:02:00,False,none
4875,3,3,2026-06-24T02:00:00,128102.475,4.148,1829.904,42292.722,22.89,98,estimated,True,2026-06-24T02:02:00,False,none
4876,3,3,2026-06-24T03:00:00,128106.902,4.427,1829.904,42292.722,22.4,98,estimated,True,2026-06-24T03:02:00,False,none
4877,3,3,2026-06-24T04:00:00,128111.367,4.465,1829.904,42292.722,23.67,98,estimated,True,2026-06-24T04:02:00,False,none
4878,3,3,2026-06-24T05:00:00,128121.476,10.109,1829.904,42292.722,24.28,98,estimated,True,2026-06-24T05:02:00,False,none
4879,3,3,2026-06-24T06:00:00,128143.455,21.979,1829.904,42292.722,24.77,98,estimated,True,2026-06-24T06:02:00,False,none
4880,3,3,2026-06-24T07:00:00,128219.554,76.099,1829.904,42292.722,25.51,98,estimated,True,2026-06-24T07:02:00,False,none
4881,3,3,2026-06-24T08:00:00,128328.665,109.111,1829.904,42292.722,26.55,98,estimated,True,2026-06-24T08:02:00,False,none
4882,3,3,2026-06-24T09:00:00,128474.091,145.426,1829.904,42292.722,28.19,98,estimated,True,2026-06-24T09:02:00,False,none
4883,3,3,2026-06-24T10:00:00,128649.291,175.2,1829.904,42292.722,28.91,98,estimated,True,2026-06-24T10:02:00,False,none
4884,3,3,2026-06-24T11:00:00,128783.297,134.006,1829.904,42292.722,30.46,98,estimated,True,2026-06-24T11:02:00,False,none
4885,3,3,2026-06-24T12:00:00,128956.305,173.008,1829.904,42292.722,31.6,98,estimated,True,2026-06-24T12:02:00,False,none
4886,3,3,2026-06-24T13:00:00,129152.751,196.446,1829.904,42292.722,31.88,98,estimated,True,2026-06-24T13:02:00,False,none
4887,3,3,2026-06-24T14:00:00,129373.839,221.088,1829.904,42292.722,32.2,98,estimated,True,2026-06-24T14:02:00,False,none
4888,3,3,2026-06-24T15:00:00,129545.149,171.31,1829.904,42292.722,32.83,98,estimated,True,2026-06-24T15:02:00,False,none
4889,3,3,2026-06-24T16:00:00,129690.629,145.48,1829.904,42292.722,32.07,98,estimated,True,2026-06-24T16:02:00,False,none
4890,3,3,2026-06-24T17:00:00,129807.399,116.77,1829.904,42292.722,32.42,98,estimated,True,2026-06-24T17:02:00,False,none
4891,3,3,2026-06-24T18:00:00,129858.664,51.265,1829.904,42292.722,31.31,98,estimated,True,2026-06-24T18:02:00,False,none
4892,3,3,2026-06-24T19:00:00,129887.499,28.835,1829.904,42292.722,30.95,98,estimated,True,2026-06-24T19:02:00,False,none
4893,3,3,2026-06-24T20:00:00,129900.701,13.202,1829.904,42292.722,29.91,98,estimated,True,2026-06-24T20:02:00,False,none
4894,3,3,2026-06-24T21:00:00,129910.616,9.915,1829.904,42292.722,27.82,98,estimated,True,2026-06-24T21:02:00,False,none
4895,3,3,2026-06-24T22:00:00,129916.578,5.962,1829.904,42292.722,26.05,98,estimated,True,2026-06-24T22:02:00,False,none
4896,3,3,2026-06-24T23:00:00,129919.997,3.419,1829.904,42292.722,25.94,98,estimated,True,2026-06-24T23:02:00,False,none
4897,3,3,2026-06-25T00:00:00,129925.849,5.852,1837.015,42292.722,23.71,98,estimated,True,2026-06-25T00:02:00,False,none
4898,3,3,2026-06-25T01:00:00,129930.353,4.504,1837.015,42292.722,23.09,98,estimated,True,2026-06-25T01:02:00,False,none
4899,3,3,2026-06-25T02:00:00,129932.461,2.108,1837.015,42292.722,23.18,98,estimated,True,2026-06-25T02:02:00,False,none
4900,3,3,2026-06-25T03:00:00,129937.177,4.716,1837.015,42292.722,22.87,98,estimated,True,2026-06-25T03:02:00,False,none
4901,3,3,2026-06-25T04:00:00,129942.257,5.08,1837.015,42292.722,23.29,98,estimated,True,2026-06-25T04:02:00,False,none
4902,3,3,2026-06-25T05:00:00,129951.716,9.459,1837.015,42292.722,23.49,98,estimated,True,2026-06-25T05:02:00,False,none
4903,3,3,2026-06-25T06:00:00,129969.813,18.097,1837.015,42292.722,24.17,98,estimated,True,2026-06-25T06:02:00,False,none
4904,3,3,2026-06-25T07:00:00,130027.292,57.479,1837.015,42292.722,24.96,98,estimated,True,2026-06-25T07:02:00,False,none
4905,3,3,2026-06-25T08:00:00,130143.859,116.567,1837.015,42292.722,27.09,98,estimated,True,2026-06-25T08:02:00,False,none
4906,3,3,2026-06-25T09:00:00,130306.441,162.582,1837.015,42292.722,28.09,98,estimated,True,2026-06-25T09:02:00,False,none
4907,3,3,2026-06-25T10:00:00,130511.538,205.097,1837.015,42292.722,29.23,98,estimated,True,2026-06-25T10:02:00,False,none
4908,3,3,2026-06-25T11:00:00,130684.217,172.679,1837.015,42292.722,30.3,98,estimated,True,2026-06-25T11:02:00,False,none
4909,3,3,2026-06-25T12:00:00,130836.231,152.014,1837.015,42292.722,31.53,98,estimated,True,2026-06-25T12:02:00,False,none
4910,3,3,2026-06-25T13:00:00,130980.582,144.351,1837.015,42292.722,33.23,98,estimated,True,2026-06-25T13:02:00,False,none
4911,3,3,2026-06-25T14:00:00,131174.554,193.972,1837.015,42292.722,33.32,98,estimated,True,2026-06-25T14:02:00,False,none
4912,3,3,2026-06-25T15:00:00,131375.699,201.145,1837.015,42292.722,32.79,98,estimated,True,2026-06-25T15:02:00,False,none
4913,3,3,2026-06-25T16:00:00,131513.095,137.396,1837.015,42292.722,32.07,98,estimated,True,2026-06-25T16:02:00,False,none
4914,3,3,2026-06-25T17:00:00,131635.603,122.508,1837.015,42292.722,31.82,98,estimated,True,2026-06-25T17:02:00,False,none
4915,3,3,2026-06-25T18:00:00,131696.179,60.576,1837.015,42292.722,31.07,98,estimated,True,2026-06-25T18:02:00,False,none
4916,3,3,2026-06-25T19:00:00,131722.984,26.805,1837.015,42292.722,30.4,98,estimated,True,2026-06-25T19:02:00,False,none
4917,3,3,2026-06-25T20:00:00,131736.501,13.517,1837.015,42292.722,29.43,98,estimated,True,2026-06-25T20:02:00,False,none
4918,3,3,2026-06-25T21:00:00,131748.503,12.002,1837.015,42292.722,27.54,98,estimated,True,2026-06-25T21:02:00,False,none
4919,3,3,2026-06-25T22:00:00,131753.669,5.166,1837.015,42292.722,26.49,98,estimated,True,2026-06-25T22:02:00,False,none
4920,3,3,2026-06-25T23:00:00,131757.012,3.343,1837.015,42292.722,25.14,98,estimated,True,2026-06-25T23:02:00,False,none
4921,3,3,2026-06-26T00:00:00,131761.626,4.614,1745.665,42292.722,24.73,98,estimated,True,2026-06-26T00:02:00,False,none
4922,3,3,2026-06-26T01:00:00,131765.687,4.061,1745.665,42292.722,23.77,98,estimated,True,2026-06-26T01:02:00,False,none
4923,3,3,2026-06-26T02:00:00,131769.747,4.06,1745.665,42292.722,23.0,98,estimated,True,2026-06-26T02:02:00,False,none
4924,3,3,2026-06-26T03:00:00,131774.772,5.025,1745.665,42292.722,22.91,98,estimated,True,2026-06-26T03:02:00,False,none
4925,3,3,2026-06-26T04:00:00,131779.529,4.757,1745.665,42292.722,23.24,98,estimated,True,2026-06-26T04:02:00,False,none
4926,3,3,2026-06-26T05:00:00,131789.168,9.639,1745.665,42292.722,23.81,98,estimated,True,2026-06-26T05:02:00,False,none
4927,3,3,2026-06-26T06:00:00,131811.89,22.722,1745.665,42292.722,24.52,98,estimated,True,2026-06-26T06:02:00,False,none
4928,3,3,2026-06-26T07:00:00,131876.036,64.146,1745.665,42292.722,25.91,98,estimated,True,2026-06-26T07:02:00,False,none
4929,3,3,2026-06-26T08:00:00,131996.332,120.296,1745.665,42292.722,26.3,98,estimated,True,2026-06-26T08:02:00,False,none
4930,3,3,2026-06-26T09:00:00,132126.715,130.383,1745.665,42292.722,28.01,98,estimated,True,2026-06-26T09:02:00,False,none
4931,3,3,2026-06-26T10:00:00,132301.282,174.567,1745.665,42292.722,29.42,98,estimated,True,2026-06-26T10:02:00,False,none
4932,3,3,2026-06-26T11:00:00,132450.79,149.508,1745.665,42292.722,30.89,98,estimated,True,2026-06-26T11:02:00,False,none
4933,3,3,2026-06-26T12:00:00,132626.037,175.247,1745.665,42292.722,31.39,98,estimated,True,2026-06-26T12:02:00,False,none
4934,3,3,2026-06-26T13:00:00,132785.183,159.146,1745.665,42292.722,32.82,98,estimated,True,2026-06-26T13:02:00,False,none
4935,3,3,2026-06-26T14:00:00,132969.786,184.603,1745.665,42292.722,32.84,98,estimated,True,2026-06-26T14:02:00,False,none
4936,3,3,2026-06-26T15:00:00,133133.595,163.809,1745.665,42292.722,33.09,98,estimated,True,2026-06-26T15:02:00,False,none
4937,3,3,2026-06-26T16:00:00,133249.376,115.781,1745.665,42292.722,33.28,98,estimated,True,2026-06-26T16:02:00,False,none
4938,3,3,2026-06-26T17:00:00,133373.003,123.627,1745.665,42292.722,32.1,98,estimated,True,2026-06-26T17:02:00,False,none
4939,3,3,2026-06-26T18:00:00,133440.651,67.648,1745.665,42292.722,31.66,98,estimated,True,2026-06-26T18:02:00,False,none
4940,3,3,2026-06-26T19:00:00,133468.38,27.729,1745.665,42292.722,30.92,98,estimated,True,2026-06-26T19:02:00,False,none
4941,3,3,2026-06-26T20:00:00,133481.227,12.847,1745.665,42292.722,29.75,98,estimated,True,2026-06-26T20:02:00,False,none
4942,3,3,2026-06-26T21:00:00,133492.324,11.097,1745.665,42292.722,28.31,98,estimated,True,2026-06-26T21:02:00,False,none
4943,3,3,2026-06-26T22:00:00,133499.543,7.219,1745.665,42292.722,27.13,98,estimated,True,2026-06-26T22:02:00,False,none
4944,3,3,2026-06-26T23:00:00,133502.677,3.134,1745.665,42292.722,25.31,98,estimated,True,2026-06-26T23:02:00,False,none
4945,3,3,2026-06-27T00:00:00,133502.677,0.0,349.028,42292.722,24.47,98,estimated,True,2026-06-27T00:02:00,False,none
4946,3,3,2026-06-27T01:00:00,133502.677,0.0,349.028,42292.722,23.23,98,estimated,True,2026-06-27T01:02:00,False,none
4947,3,3,2026-06-27T02:00:00,133503.526,0.849,349.028,42292.722,22.87,98,estimated,True,2026-06-27T02:02:00,False,none
4948,3,3,2026-06-27T03:00:00,133503.917,0.391,349.028,42292.722,22.99,98,estimated,True,2026-06-27T03:02:00,False,none
4949,3,3,2026-06-27T04:00:00,133504.622,0.705,349.028,42292.722,23.48,98,estimated,True,2026-06-27T04:02:00,False,none
4950,3,3,2026-06-27T05:00:00,133506.546,1.924,349.028,42292.722,23.24,98,estimated,True,2026-06-27T05:02:00,False,none
4951,3,3,2026-06-27T06:00:00,133511.171,4.625,349.028,42292.722,25.13,98,estimated,True,2026-06-27T06:02:00,False,none
4952,3,3,2026-06-27T07:00:00,133522.557,11.386,349.028,42292.722,25.24,98,estimated,True,2026-06-27T07:02:00,False,none
4953,3,3,2026-06-27T08:00:00,133551.514,28.957,349.028,42292.722,26.5,98,estimated,True,2026-06-27T08:02:00,False,none
4954,3,3,2026-06-27T09:00:00,133578.204,26.69,349.028,42292.722,27.73,98,estimated,True,2026-06-27T09:02:00,False,none
4955,3,3,2026-06-27T10:00:00,133619.305,41.101,349.028,42292.722,28.84,98,estimated,True,2026-06-27T10:02:00,False,none
4956,3,3,2026-06-27T11:00:00,133648.4,29.095,349.028,42292.722,30.95,98,estimated,True,2026-06-27T11:02:00,False,none
4957,3,3,2026-06-27T12:00:00,133675.065,26.665,349.028,42292.722,31.69,98,estimated,True,2026-06-27T12:02:00,False,none
4958,3,3,2026-06-27T13:00:00,133710.711,35.646,349.028,42292.722,32.77,98,estimated,True,2026-06-27T13:02:00,False,none
4959,3,3,2026-06-27T14:00:00,133739.157,28.446,349.028,42292.722,33.09,98,estimated,True,2026-06-27T14:02:00,False,none
4960,3,3,2026-06-27T15:00:00,133772.989,33.832,349.028,42292.722,33.15,98,estimated,True,2026-06-27T15:02:00,False,none
4961,3,3,2026-06-27T16:00:00,133806.09,33.101,349.028,42292.722,33.05,98,estimated,True,2026-06-27T16:02:00,False,none
4962,3,3,2026-06-27T17:00:00,133827.917,21.827,349.028,42292.722,32.24,98,estimated,True,2026-06-27T17:02:00,False,none
4963,3,3,2026-06-27T18:00:00,133839.488,11.571,349.028,42292.722,31.73,98,estimated,True,2026-06-27T18:02:00,False,none
4964,3,3,2026-06-27T19:00:00,133844.401,4.913,349.028,42292.722,30.03,98,estimated,True,2026-06-27T19:02:00,False,none
4965,3,3,2026-06-27T20:00:00,133846.742,2.341,349.028,42292.722,28.58,98,estimated,True,2026-06-27T20:02:00,False,none
4966,3,3,2026-06-27T21:00:00,133848.708,1.966,349.028,42292.722,28.32,98,estimated,True,2026-06-27T21:02:00,False,none
4967,3,3,2026-06-27T22:00:00,133850.757,2.049,349.028,42292.722,26.38,98,estimated,True,2026-06-27T22:02:00,False,none
4968,3,3,2026-06-27T23:00:00,133851.705,0.948,349.028,42292.722,25.05,98,estimated,True,2026-06-27T23:02:00,False,none
4969,3,3,2026-06-28T00:00:00,133853.2,1.495,354.154,42292.722,24.2,98,estimated,True,2026-06-28T00:02:00,False,none
4970,3,3,2026-06-28T01:00:00,133853.391,0.191,354.154,42292.722,22.84,98,estimated,True,2026-06-28T01:02:00,False,none
4971,3,3,2026-06-28T02:00:00,133854.055,0.664,354.154,42292.722,22.32,98,estimated,True,2026-06-28T02:02:00,False,none
4972,3,3,2026-06-28T03:00:00,133854.522,0.467,354.154,42292.722,23.29,98,estimated,True,2026-06-28T03:02:00,False,none
4973,3,3,2026-06-28T04:00:00,133856.091,1.569,354.154,42292.722,22.77,98,estimated,True,2026-06-28T04:02:00,False,none
4974,3,3,2026-06-28T05:00:00,133857.763,1.672,354.154,42292.722,23.9,98,estimated,True,2026-06-28T05:02:00,False,none
4975,3,3,2026-06-28T06:00:00,133861.258,3.495,354.154,42292.722,24.54,98,estimated,True,2026-06-28T06:02:00,False,none
4976,3,3,2026-06-28T07:00:00,133878.795,17.537,354.154,42292.722,25.86,98,estimated,True,2026-06-28T07:02:00,False,none
4977,3,3,2026-06-28T08:00:00,133900.006,21.211,354.154,42292.722,26.72,98,estimated,True,2026-06-28T08:02:00,False,none
4978,3,3,2026-06-28T09:00:00,133935.711,35.705,354.154,42292.722,27.58,98,estimated,True,2026-06-28T09:02:00,False,none
4979,3,3,2026-06-28T10:00:00,133976.115,40.404,354.154,42292.722,28.93,98,estimated,True,2026-06-28T10:02:00,False,none
4980,3,3,2026-06-28T11:00:00,134005.692,29.577,354.154,42292.722,30.54,98,estimated,True,2026-06-28T11:02:00,False,none
4981,3,3,2026-06-28T12:00:00,134033.249,27.557,354.154,42292.722,31.35,98,estimated,True,2026-06-28T12:02:00,False,none
4982,3,3,2026-06-28T13:00:00,134065.168,31.919,354.154,42292.722,32.06,98,estimated,True,2026-06-28T13:02:00,False,none
4983,3,3,2026-06-28T14:00:00,134110.088,44.92,354.154,42292.722,33.1,98,estimated,True,2026-06-28T14:02:00,False,none
4984,3,3,2026-06-28T15:00:00,134135.717,25.629,354.154,42292.722,32.23,98,estimated,True,2026-06-28T15:02:00,False,none
4985,3,3,2026-06-28T16:00:00,134159.891,24.174,354.154,42292.722,32.54,98,estimated,True,2026-06-28T16:02:00,False,none
4986,3,3,2026-06-28T17:00:00,134185.487,25.596,354.154,42292.722,32.15,98,estimated,True,2026-06-28T17:02:00,False,none
4987,3,3,2026-06-28T18:00:00,134197.468,11.981,354.154,42292.722,31.94,98,estimated,True,2026-06-28T18:02:00,False,none
4988,3,3,2026-06-28T19:00:00,134201.556,4.088,354.154,42292.722,30.23,98,estimated,True,2026-06-28T19:02:00,False,none
4989,3,3,2026-06-28T20:00:00,134204.39,2.834,354.154,42292.722,29.11,98,estimated,True,2026-06-28T20:02:00,False,none
4990,3,3,2026-06-28T21:00:00,134205.638,1.248,354.154,42292.722,28.06,98,estimated,True,2026-06-28T21:02:00,False,none
4991,3,3,2026-06-28T22:00:00,134205.859,0.221,354.154,42292.722,26.34,98,estimated,True,2026-06-28T22:02:00,False,none
4992,3,3,2026-06-28T23:00:00,134205.859,0.0,354.154,42292.722,24.39,98,estimated,True,2026-06-28T23:02:00,False,none
4993,3,3,2026-06-29T00:00:00,134210.485,4.626,1843.963,42292.722,23.55,98,estimated,True,2026-06-29T00:02:00,False,none
4994,3,3,2026-06-29T01:00:00,134214.411,3.926,1843.963,42292.722,23.17,98,estimated,True,2026-06-29T01:02:00,False,none
4995,3,3,2026-06-29T02:00:00,134216.182,1.771,1843.963,42292.722,22.49,98,estimated,True,2026-06-29T02:02:00,False,none
4996,3,3,2026-06-29T03:00:00,134219.739,3.557,1843.963,42292.722,23.31,98,estimated,True,2026-06-29T03:02:00,False,none
4997,3,3,2026-06-29T04:00:00,134222.932,3.193,1843.963,42292.722,22.71,98,estimated,True,2026-06-29T04:02:00,False,none
4998,3,3,2026-06-29T05:00:00,134231.796,8.864,1843.963,42292.722,23.77,98,estimated,True,2026-06-29T05:02:00,False,none
4999,3,3,2026-06-29T06:00:00,134252.555,20.759,1843.963,42292.722,23.84,98,estimated,True,2026-06-29T06:02:00,False,none
5000,3,3,2026-06-29T07:00:00,134321.654,69.099,1843.963,42292.722,25.88,98,estimated,True,2026-06-29T07:02:00,False,none
5001,3,3,2026-06-29T08:00:00,134446.164,124.51,1843.963,42292.722,26.34,98,estimated,True,2026-06-29T08:02:00,False,none
5002,3,3,2026-06-29T09:00:00,134607.276,161.112,1843.963,42292.722,26.95,98,estimated,True,2026-06-29T09:02:00,False,none
5003,3,3,2026-06-29T10:00:00,134806.413,199.137,1843.963,42292.722,29.13,98,estimated,True,2026-06-29T10:02:00,False,none
5004,3,3,2026-06-29T11:00:00,134943.029,136.616,1843.963,42292.722,29.31,98,estimated,True,2026-06-29T11:02:00,False,none
5005,3,3,2026-06-29T12:00:00,135096.354,153.325,1843.963,42292.722,31.01,98,estimated,True,2026-06-29T12:02:00,False,none
5006,3,3,2026-06-29T13:00:00,135264.588,168.234,1843.963,42292.722,31.98,98,estimated,True,2026-06-29T13:02:00,False,none
5007,3,3,2026-06-29T14:00:00,135423.172,158.584,1843.963,42292.722,32.7,98,estimated,True,2026-06-29T14:02:00,False,none
5008,3,3,2026-06-29T15:00:00,135601.076,177.904,1843.963,42292.722,33.08,98,estimated,True,2026-06-29T15:02:00,False,none
5009,3,3,2026-06-29T16:00:00,135776.867,175.791,1843.963,42292.722,32.41,98,estimated,True,2026-06-29T16:02:00,False,none
5010,3,3,2026-06-29T17:00:00,135908.624,131.757,1843.963,42292.722,32.66,98,estimated,True,2026-06-29T17:02:00,False,none
5011,3,3,2026-06-29T18:00:00,135975.837,67.213,1843.963,42292.722,30.04,98,estimated,True,2026-06-29T18:02:00,False,none
5012,3,3,2026-06-29T19:00:00,136011.211,35.374,1843.963,42292.722,30.53,98,estimated,True,2026-06-29T19:02:00,False,none
5013,3,3,2026-06-29T20:00:00,136027.845,16.634,1843.963,42292.722,29.5,98,estimated,True,2026-06-29T20:02:00,False,none
5014,3,3,2026-06-29T21:00:00,136038.386,10.541,1843.963,42292.722,28.06,98,estimated,True,2026-06-29T21:02:00,False,none
5015,3,3,2026-06-29T22:00:00,136045.711,7.325,1843.963,42292.722,27.21,98,estimated,True,2026-06-29T22:02:00,False,none
5016,3,3,2026-06-29T23:00:00,136049.822,4.111,1843.963,42292.722,24.58,98,estimated,True,2026-06-29T23:02:00,False,none
5017,3,3,2026-06-30T00:00:00,136054.239,4.417,1842.9,42292.722,24.22,98,estimated,True,2026-06-30T00:02:00,False,none
5018,3,3,2026-06-30T01:00:00,136057.291,3.052,1842.9,42292.722,22.77,98,estimated,True,2026-06-30T01:02:00,False,none
5019,3,3,2026-06-30T02:00:00,136062.294,5.003,1842.9,42292.722,22.47,98,estimated,True,2026-06-30T02:02:00,False,none
5020,3,3,2026-06-30T03:00:00,136067.384,5.09,1842.9,42292.722,23.23,98,estimated,True,2026-06-30T03:02:00,False,none
5021,3,3,2026-06-30T04:00:00,136071.676,4.292,1842.9,42292.722,23.19,98,estimated,True,2026-06-30T04:02:00,False,none
5022,3,3,2026-06-30T05:00:00,136079.914,8.238,1842.9,42292.722,22.57,98,estimated,True,2026-06-30T05:02:00,False,none
5023,3,3,2026-06-30T06:00:00,136100.399,20.485,1842.9,42292.722,23.96,98,estimated,True,2026-06-30T06:02:00,False,none
5024,3,3,2026-06-30T07:00:00,136173.801,73.402,1842.9,42292.722,25.12,98,estimated,True,2026-06-30T07:02:00,False,none
5025,3,3,2026-06-30T08:00:00,136310.292,136.491,1842.9,42292.722,26.64,98,estimated,True,2026-06-30T08:02:00,False,none
5026,3,3,2026-06-30T09:00:00,136464.675,154.383,1842.9,42292.722,26.83,98,estimated,True,2026-06-30T09:02:00,False,none
5027,3,3,2026-06-30T10:00:00,136665.578,200.903,1842.9,42292.722,28.91,98,estimated,True,2026-06-30T10:02:00,False,none
5028,3,3,2026-06-30T11:00:00,136834.992,169.414,1842.9,42292.722,29.87,98,estimated,True,2026-06-30T11:02:00,False,none
5029,3,3,2026-06-30T12:00:00,136989.862,154.87,1842.9,42292.722,31.25,98,estimated,True,2026-06-30T12:02:00,False,none
5030,3,3,2026-06-30T13:00:00,137147.949,158.087,1842.9,42292.722,32.3,98,estimated,True,2026-06-30T13:02:00,False,none
5031,3,3,2026-06-30T14:00:00,137323.961,176.012,1842.9,42292.722,32.19,98,estimated,True,2026-06-30T14:02:00,False,none
5032,3,3,2026-06-30T15:00:00,137501.052,177.091,1842.9,42292.722,32.34,98,estimated,True,2026-06-30T15:02:00,False,none
5033,3,3,2026-06-30T16:00:00,137651.793,150.741,1842.9,42292.722,32.14,98,estimated,True,2026-06-30T16:02:00,False,none
5034,3,3,2026-06-30T17:00:00,137771.69,119.897,1842.9,42292.722,31.89,98,estimated,True,2026-06-30T17:02:00,False,none
5035,3,3,2026-06-30T18:00:00,137826.81,55.12,1842.9,42292.722,30.95,98,estimated,True,2026-06-30T18:02:00,False,none
5036,3,3,2026-06-30T19:00:00,137855.797,28.987,1842.9,42292.722,30.13,98,estimated,True,2026-06-30T19:02:00,False,none
5037,3,3,2026-06-30T20:00:00,137872.452,16.655,1842.9,42292.722,28.89,98,estimated,True,2026-06-30T20:02:00,False,none
5038,3,3,2026-06-30T21:00:00,137881.306,8.854,1842.9,42292.722,27.2,98,estimated,True,2026-06-30T21:02:00,False,none
5039,3,3,2026-06-30T22:00:00,137888.588,7.282,1842.9,42292.722,25.67,98,estimated,True,2026-06-30T22:02:00,False,none
5040,3,3,2026-06-30T23:00:00,137892.722,4.134,1842.9,42292.722,24.65,98,estimated,True,2026-06-30T23:02:00,False,none
5041,3,3,2026-07-01T00:00:00,137897.304,4.582,1758.586,45029.372,23.78,98,estimated,True,2026-07-01T00:02:00,False,none
5042,3,3,2026-07-01T01:00:00,137901.185,3.881,1758.586,45029.372,22.91,98,estimated,True,2026-07-01T01:02:00,False,none
5043,3,3,2026-07-01T02:00:00,137905.769,4.584,1758.586,45029.372,23.21,98,estimated,True,2026-07-01T02:02:00,False,none
5044,3,3,2026-07-01T03:00:00,137909.925,4.156,1758.586,45029.372,22.24,98,estimated,True,2026-07-01T03:02:00,False,none
5045,3,3,2026-07-01T04:00:00,137914.094,4.169,1758.586,45029.372,23.29,98,estimated,True,2026-07-01T04:02:00,False,none
5046,3,3,2026-07-01T05:00:00,137922.091,7.997,1758.586,45029.372,22.86,98,estimated,True,2026-07-01T05:02:00,False,none
5047,3,3,2026-07-01T06:00:00,137942.321,20.23,1758.586,45029.372,23.71,98,estimated,True,2026-07-01T06:02:00,False,none
5048,3,3,2026-07-01T07:00:00,138002.626,60.305,1758.586,45029.372,24.45,98,estimated,True,2026-07-01T07:02:00,False,none
5049,3,3,2026-07-01T08:00:00,138151.942,149.316,1758.586,45029.372,25.84,98,estimated,True,2026-07-01T08:02:00,False,none
5050,3,3,2026-07-01T09:00:00,138313.256,161.314,1758.586,45029.372,27.31,98,estimated,True,2026-07-01T09:02:00,False,none
5051,3,3,2026-07-01T10:00:00,138517.055,203.799,1758.586,45029.372,29.27,98,estimated,True,2026-07-01T10:02:00,False,none
5052,3,3,2026-07-01T11:00:00,138664.516,147.461,1758.586,45029.372,29.85,98,estimated,True,2026-07-01T11:02:00,False,none
5053,3,3,2026-07-01T12:00:00,138829.569,165.053,1758.586,45029.372,30.65,98,estimated,True,2026-07-01T12:02:00,False,none
5054,3,3,2026-07-01T13:00:00,138991.593,162.024,1758.586,45029.372,31.71,98,estimated,True,2026-07-01T13:02:00,False,none
5055,3,3,2026-07-01T14:00:00,139150.951,159.358,1758.586,45029.372,31.97,98,estimated,True,2026-07-01T14:02:00,False,none
5056,3,3,2026-07-01T15:00:00,139292.143,141.192,1758.586,45029.372,32.59,98,estimated,True,2026-07-01T15:02:00,False,none
5057,3,3,2026-07-01T16:00:00,139430.843,138.7,1758.586,45029.372,32.69,98,estimated,True,2026-07-01T16:02:00,False,none
5058,3,3,2026-07-01T17:00:00,139528.692,97.849,1758.586,45029.372,31.73,98,estimated,True,2026-07-01T17:02:00,False,none
5059,3,3,2026-07-01T18:00:00,139583.927,55.235,1758.586,45029.372,30.99,98,estimated,True,2026-07-01T18:02:00,False,none
5060,3,3,2026-07-01T19:00:00,139617.108,33.181,1758.586,45029.372,29.94,98,estimated,True,2026-07-01T19:02:00,False,none
5061,3,3,2026-07-01T20:00:00,139629.601,12.493,1758.586,45029.372,28.83,98,estimated,True,2026-07-01T20:02:00,False,none
5062,3,3,2026-07-01T21:00:00,139639.157,9.556,1758.586,45029.372,27.18,98,estimated,True,2026-07-01T21:02:00,False,none
5063,3,3,2026-07-01T22:00:00,139646.463,7.306,1758.586,45029.372,26.69,98,estimated,True,2026-07-01T22:02:00,False,none
5064,3,3,2026-07-01T23:00:00,139651.308,4.845,1758.586,45029.372,25.24,98,estimated,True,2026-07-01T23:02:00,False,none
5065,3,3,2026-07-02T00:00:00,139654.105,2.797,1772.635,45029.372,24.35,98,estimated,True,2026-07-02T00:02:00,False,none
5066,3,3,2026-07-02T01:00:00,139659.249,5.144,1772.635,45029.372,23.25,98,estimated,True,2026-07-02T01:02:00,False,none
5067,3,3,2026-07-02T02:00:00,139662.897,3.648,1772.635,45029.372,21.95,98,estimated,True,2026-07-02T02:02:00,False,none
5068,3,3,2026-07-02T03:00:00,139666.671,3.774,1772.635,45029.372,21.98,98,estimated,True,2026-07-02T03:02:00,False,none
5069,3,3,2026-07-02T04:00:00,139671.222,4.551,1772.635,45029.372,22.29,98,estimated,True,2026-07-02T04:02:00,False,none
5070,3,3,2026-07-02T05:00:00,139681.066,9.844,1772.635,45029.372,23.33,98,estimated,True,2026-07-02T05:02:00,False,none
5071,3,3,2026-07-02T06:00:00,139700.642,19.576,1772.635,45029.372,23.45,98,estimated,True,2026-07-02T06:02:00,False,none
5072,3,3,2026-07-02T07:00:00,139775.762,75.12,1772.635,45029.372,25.34,98,estimated,True,2026-07-02T07:02:00,False,none
5073,3,3,2026-07-02T08:00:00,139923.277,147.515,1772.635,45029.372,26.06,98,estimated,True,2026-07-02T08:02:00,False,none
5074,3,3,2026-07-02T09:00:00,140099.083,175.806,1772.635,45029.372,27.3,98,estimated,True,2026-07-02T09:02:00,False,none
5075,3,3,2026-07-02T10:00:00,140278.46,179.377,1772.635,45029.372,28.48,98,estimated,True,2026-07-02T10:02:00,False,none
5076,3,3,2026-07-02T11:00:00,140423.092,144.632,1772.635,45029.372,29.21,98,estimated,True,2026-07-02T11:02:00,False,none
5077,3,3,2026-07-02T12:00:00,140568.444,145.352,1772.635,45029.372,30.58,98,estimated,True,2026-07-02T12:02:00,False,none
5078,3,3,2026-07-02T13:00:00,140726.242,157.798,1772.635,45029.372,31.28,98,estimated,True,2026-07-02T13:02:00,False,none
5079,3,3,2026-07-02T14:00:00,140911.939,185.697,1772.635,45029.372,31.54,98,estimated,True,2026-07-02T14:02:00,False,none
5080,3,3,2026-07-02T15:00:00,141044.558,132.619,1772.635,45029.372,32.28,98,estimated,True,2026-07-02T15:02:00,False,none
5081,3,3,2026-07-02T16:00:00,141196.344,151.786,1772.635,45029.372,31.81,98,estimated,True,2026-07-02T16:02:00,False,none
5082,3,3,2026-07-02T17:00:00,141302.569,106.225,1772.635,45029.372,31.43,98,estimated,True,2026-07-02T17:02:00,False,none
5083,3,3,2026-07-02T18:00:00,141362.255,59.686,1772.635,45029.372,30.82,98,estimated,True,2026-07-02T18:02:00,False,none
5084,3,3,2026-07-02T19:00:00,141391.928,29.673,1772.635,45029.372,29.24,98,estimated,True,2026-07-02T19:02:00,False,none
5085,3,3,2026-07-02T20:00:00,141405.568,13.64,1772.635,45029.372,28.29,98,estimated,True,2026-07-02T20:02:00,False,none
5086,3,3,2026-07-02T21:00:00,141413.943,8.375,1772.635,45029.372,27.3,98,estimated,True,2026-07-02T21:02:00,False,none
5087,3,3,2026-07-02T22:00:00,141420.675,6.732,1772.635,45029.372,25.61,98,estimated,True,2026-07-02T22:02:00,False,none
5088,3,3,2026-07-02T23:00:00,141423.943,3.268,1772.635,45029.372,25.47,98,estimated,True,2026-07-02T23:02:00,False,none
5089,3,3,2026-07-03T00:00:00,141428.092,4.149,1884.854,45029.372,24.29,98,estimated,True,2026-07-03T00:02:00,False,none
5090,3,3,2026-07-03T01:00:00,141431.579,3.487,1884.854,45029.372,22.84,98,estimated,True,2026-07-03T01:02:00,False,none
5091,3,3,2026-07-03T02:00:00,141435.534,3.955,1884.854,45029.372,22.01,98,estimated,True,2026-07-03T02:02:00,False,none
5092,3,3,2026-07-03T03:00:00,141439.724,4.19,1884.854,45029.372,21.73,98,estimated,True,2026-07-03T03:02:00,False,none
5093,3,3,2026-07-03T04:00:00,141445.561,5.837,1884.854,45029.372,22.16,98,estimated,True,2026-07-03T04:02:00,False,none
5094,3,3,2026-07-03T05:00:00,141454.382,8.821,1884.854,45029.372,22.36,98,estimated,True,2026-07-03T05:02:00,False,none
5095,3,3,2026-07-03T06:00:00,141473.368,18.986,1884.854,45029.372,23.72,98,estimated,True,2026-07-03T06:02:00,False,none
5096,3,3,2026-07-03T07:00:00,141539.745,66.377,1884.854,45029.372,24.93,98,estimated,True,2026-07-03T07:02:00,False,none
5097,3,3,2026-07-03T08:00:00,141690.204,150.459,1884.854,45029.372,24.86,98,estimated,True,2026-07-03T08:02:00,False,none
5098,3,3,2026-07-03T09:00:00,141833.14,142.936,1884.854,45029.372,26.71,98,estimated,True,2026-07-03T09:02:00,False,none
5099,3,3,2026-07-03T10:00:00,142000.434,167.294,1884.854,45029.372,28.72,98,estimated,True,2026-07-03T10:02:00,False,none
5100,3,3,2026-07-03T11:00:00,142183.718,183.284,1884.854,45029.372,30.02,98,estimated,True,2026-07-03T11:02:00,False,none
5101,3,3,2026-07-03T12:00:00,142349.937,166.219,1884.854,45029.372,30.43,98,estimated,True,2026-07-03T12:02:00,False,none
5102,3,3,2026-07-03T13:00:00,142563.321,213.384,1884.854,45029.372,31.18,98,estimated,True,2026-07-03T13:02:00,False,none
5103,3,3,2026-07-03T14:00:00,142759.562,196.241,1884.854,45029.372,31.7,98,estimated,True,2026-07-03T14:02:00,False,none
5104,3,3,2026-07-03T15:00:00,142933.27,173.708,1884.854,45029.372,32.49,98,estimated,True,2026-07-03T15:02:00,False,none
5105,3,3,2026-07-03T16:00:00,143076.256,142.986,1884.854,45029.372,31.71,98,estimated,True,2026-07-03T16:02:00,False,none
5106,3,3,2026-07-03T17:00:00,143193.558,117.302,1884.854,45029.372,30.62,98,estimated,True,2026-07-03T17:02:00,False,none
5107,3,3,2026-07-03T18:00:00,143251.809,58.251,1884.854,45029.372,30.83,98,estimated,True,2026-07-03T18:02:00,False,none
5108,3,3,2026-07-03T19:00:00,143275.071,23.262,1884.854,45029.372,28.46,98,estimated,True,2026-07-03T19:02:00,False,none
5109,3,3,2026-07-03T20:00:00,143289.181,14.11,1884.854,45029.372,28.15,98,estimated,True,2026-07-03T20:02:00,False,none
5110,3,3,2026-07-03T21:00:00,143297.934,8.753,1884.854,45029.372,27.27,98,estimated,True,2026-07-03T21:02:00,False,none
5111,3,3,2026-07-03T22:00:00,143304.06,6.126,1884.854,45029.372,26.11,98,estimated,True,2026-07-03T22:02:00,False,none
5112,3,3,2026-07-03T23:00:00,143308.797,4.737,1884.854,45029.372,24.9,98,estimated,True,2026-07-03T23:02:00,False,none
5113,3,3,2026-07-04T00:00:00,143309.523,0.726,371.491,45029.372,23.59,98,estimated,True,2026-07-04T00:02:00,False,none
5114,3,3,2026-07-04T01:00:00,143310.789,1.266,371.491,45029.372,23.37,98,estimated,True,2026-07-04T01:02:00,False,none
5115,3,3,2026-07-04T02:00:00,143311.859,1.07,371.491,45029.372,21.76,98,estimated,True,2026-07-04T02:02:00,False,none
5116,3,3,2026-07-04T03:00:00,143312.26,0.401,371.491,45029.372,22.27,98,estimated,True,2026-07-04T03:02:00,False,none
5117,3,3,2026-07-04T04:00:00,143313.437,1.177,371.491,45029.372,22.58,98,estimated,True,2026-07-04T04:02:00,False,none
5118,3,3,2026-07-04T05:00:00,143315.419,1.982,371.491,45029.372,21.71,98,estimated,True,2026-07-04T05:02:00,False,none
5119,3,3,2026-07-04T06:00:00,143320.206,4.787,371.491,45029.372,23.27,98,estimated,True,2026-07-04T06:02:00,False,none
5120,3,3,2026-07-04T07:00:00,143334.474,14.268,371.491,45029.372,24.85,98,estimated,True,2026-07-04T07:02:00,False,none
5121,3,3,2026-07-04T08:00:00,143361.945,27.471,371.491,45029.372,26.34,98,estimated,True,2026-07-04T08:02:00,False,none
5122,3,3,2026-07-04T09:00:00,143398.163,36.218,371.491,45029.372,27.22,98,estimated,True,2026-07-04T09:02:00,False,none
5123,3,3,2026-07-04T10:00:00,143435.984,37.821,371.491,45029.372,28.23,98,estimated,True,2026-07-04T10:02:00,False,none
5124,3,3,2026-07-04T11:00:00,143465.925,29.941,371.491,45029.372,29.23,98,estimated,True,2026-07-04T11:02:00,False,none
5125,3,3,2026-07-04T12:00:00,143496.9,30.975,371.491,45029.372,29.98,98,estimated,True,2026-07-04T12:02:00,False,none
5126,3,3,2026-07-04T13:00:00,143535.495,38.595,371.491,45029.372,31.43,98,estimated,True,2026-07-04T13:02:00,False,none
5127,3,3,2026-07-04T14:00:00,143569.501,34.006,371.491,45029.372,32.12,98,estimated,True,2026-07-04T14:02:00,False,none
5128,3,3,2026-07-04T15:00:00,143604.095,34.594,371.491,45029.372,31.5,98,estimated,True,2026-07-04T15:02:00,False,none
5129,3,3,2026-07-04T16:00:00,143636.169,32.074,371.491,45029.372,32.25,98,estimated,True,2026-07-04T16:02:00,False,none
5130,3,3,2026-07-04T17:00:00,143658.89,22.721,371.491,45029.372,31.74,98,estimated,True,2026-07-04T17:02:00,False,none
5131,3,3,2026-07-04T18:00:00,143669.245,10.355,371.491,45029.372,30.32,98,estimated,True,2026-07-04T18:02:00,False,none
5132,3,3,2026-07-04T19:00:00,143674.771,5.526,371.491,45029.372,29.45,98,estimated,True,2026-07-04T19:02:00,False,none
5133,3,3,2026-07-04T20:00:00,143677.405,2.634,371.491,45029.372,28.35,98,estimated,True,2026-07-04T20:02:00,False,none
5134,3,3,2026-07-04T21:00:00,143678.558,1.153,371.491,45029.372,26.92,98,estimated,True,2026-07-04T21:02:00,False,none
5135,3,3,2026-07-04T22:00:00,143680.015,1.457,371.491,45029.372,26.06,98,estimated,True,2026-07-04T22:02:00,False,none
5136,3,3,2026-07-04T23:00:00,143680.288,0.273,371.491,45029.372,24.4,98,estimated,True,2026-07-04T23:02:00,False,none
5137,3,3,2026-07-05T00:00:00,143682.206,1.918,360.668,45029.372,22.71,98,estimated,True,2026-07-05T00:02:00,False,none
5138,3,3,2026-07-05T01:00:00,143682.206,0.0,360.668,45029.372,22.67,98,estimated,True,2026-07-05T01:02:00,False,none
5139,3,3,2026-07-05T02:00:00,143683.815,1.609,360.668,45029.372,22.25,98,estimated,True,2026-07-05T02:02:00,False,none
5140,3,3,2026-07-05T03:00:00,143685.965,2.15,360.668,45029.372,21.83,98,estimated,True,2026-07-05T03:02:00,False,none
5141,3,3,2026-07-05T04:00:00,143685.965,0.0,360.668,45029.372,22.04,98,estimated,True,2026-07-05T04:02:00,False,none
5142,3,3,2026-07-05T05:00:00,143687.904,1.939,360.668,45029.372,22.59,98,estimated,True,2026-07-05T05:02:00,False,none
5143,3,3,2026-07-05T06:00:00,143692.72,4.816,360.668,45029.372,23.0,98,estimated,True,2026-07-05T06:02:00,False,none
5144,3,3,2026-07-05T07:00:00,143708.319,15.599,360.668,45029.372,23.61,98,estimated,True,2026-07-05T07:02:00,False,none
5145,3,3,2026-07-05T08:00:00,143732.907,24.588,360.668,45029.372,25.13,98,estimated,True,2026-07-05T08:02:00,False,none
5146,3,3,2026-07-05T09:00:00,143767.318,34.411,360.668,45029.372,26.73,98,estimated,True,2026-07-05T09:02:00,False,none
5147,3,3,2026-07-05T10:00:00,143798.77,31.452,360.668,45029.372,28.14,98,estimated,True,2026-07-05T10:02:00,False,none
5148,3,3,2026-07-05T11:00:00,143825.945,27.175,360.668,45029.372,29.08,98,estimated,True,2026-07-05T11:02:00,False,none
5149,3,3,2026-07-05T12:00:00,143860.083,34.138,360.668,45029.372,30.22,98,estimated,True,2026-07-05T12:02:00,False,none
5150,3,3,2026-07-05T13:00:00,143897.164,37.081,360.668,45029.372,31.11,98,estimated,True,2026-07-05T13:02:00,False,none
5151,3,3,2026-07-05T14:00:00,143929.929,32.765,360.668,45029.372,32.19,98,estimated,True,2026-07-05T14:02:00,False,none
5152,3,3,2026-07-05T15:00:00,143971.532,41.603,360.668,45029.372,31.7,98,estimated,True,2026-07-05T15:02:00,False,none
5153,3,3,2026-07-05T16:00:00,143995.014,23.482,360.668,45029.372,32.19,98,estimated,True,2026-07-05T16:02:00,False,none
5154,3,3,2026-07-05T17:00:00,144018.128,23.114,360.668,45029.372,31.26,98,estimated,True,2026-07-05T17:02:00,False,none
5155,3,3,2026-07-05T18:00:00,144028.533,10.405,360.668,45029.372,30.64,98,estimated,True,2026-07-05T18:02:00,False,none
5156,3,3,2026-07-05T19:00:00,144033.528,4.995,360.668,45029.372,28.94,98,estimated,True,2026-07-05T19:02:00,False,none
5157,3,3,2026-07-05T20:00:00,144036.891,3.363,360.668,45029.372,27.84,98,estimated,True,2026-07-05T20:02:00,False,none
5158,3,3,2026-07-05T21:00:00,144038.146,1.255,360.668,45029.372,26.31,98,estimated,True,2026-07-05T21:02:00,False,none
5159,3,3,2026-07-05T22:00:00,144040.346,2.2,360.668,45029.372,24.77,98,estimated,True,2026-07-05T22:02:00,False,none
5160,3,3,2026-07-05T23:00:00,144040.956,0.61,360.668,45029.372,24.79,98,estimated,True,2026-07-05T23:02:00,False,none
5161,3,3,2026-07-06T00:00:00,144045.675,4.719,1825.179,45029.372,22.92,98,estimated,True,2026-07-06T00:02:00,False,none
5162,3,3,2026-07-06T01:00:00,144050.359,4.684,1825.179,45029.372,22.83,98,estimated,True,2026-07-06T01:02:00,False,none
5163,3,3,2026-07-06T02:00:00,144053.421,3.062,1825.179,45029.372,21.46,98,estimated,True,2026-07-06T02:02:00,False,none
5164,3,3,2026-07-06T03:00:00,144057.836,4.415,1825.179,45029.372,21.13,98,estimated,True,2026-07-06T03:02:00,False,none
5165,3,3,2026-07-06T04:00:00,144062.349,4.513,1825.179,45029.372,21.48,98,estimated,True,2026-07-06T04:02:00,False,none
5166,3,3,2026-07-06T05:00:00,144069.956,7.607,1825.179,45029.372,22.02,98,estimated,True,2026-07-06T05:02:00,False,none
5167,3,3,2026-07-06T06:00:00,144095.824,25.868,1825.179,45029.372,22.56,98,estimated,True,2026-07-06T06:02:00,False,none
5168,3,3,2026-07-06T07:00:00,144180.01,84.186,1825.179,45029.372,24.43,98,estimated,True,2026-07-06T07:02:00,False,none
5169,3,3,2026-07-06T08:00:00,144312.235,132.225,1825.179,45029.372,25.49,98,estimated,True,2026-07-06T08:02:00,False,none
5170,3,3,2026-07-06T09:00:00,144476.331,164.096,1825.179,45029.372,27.1,98,estimated,True,2026-07-06T09:02:00,False,none
5171,3,3,2026-07-06T10:00:00,144647.464,171.133,1825.179,45029.372,27.95,98,estimated,True,2026-07-06T10:02:00,False,none
5172,3,3,2026-07-06T11:00:00,144830.8,183.336,1825.179,45029.372,27.89,98,estimated,True,2026-07-06T11:02:00,False,none
5173,3,3,2026-07-06T12:00:00,144988.202,157.402,1825.179,45029.372,30.3,98,estimated,True,2026-07-06T12:02:00,False,none
5174,3,3,2026-07-06T13:00:00,145158.857,170.655,1825.179,45029.372,30.88,98,estimated,True,2026-07-06T13:02:00,False,none
5175,3,3,2026-07-06T14:00:00,145344.693,185.836,1825.179,45029.372,31.16,98,estimated,True,2026-07-06T14:02:00,False,none
5176,3,3,2026-07-06T15:00:00,145511.429,166.736,1825.179,45029.372,31.05,98,estimated,True,2026-07-06T15:02:00,False,none
5177,3,3,2026-07-06T16:00:00,145653.385,141.956,1825.179,45029.372,31.63,98,estimated,True,2026-07-06T16:02:00,False,none
5178,3,3,2026-07-06T17:00:00,145754.815,101.43,1825.179,45029.372,31.05,98,estimated,True,2026-07-06T17:02:00,False,none
5179,3,3,2026-07-06T18:00:00,145812.583,57.768,1825.179,45029.372,29.72,98,estimated,True,2026-07-06T18:02:00,False,none
5180,3,3,2026-07-06T19:00:00,145834.196,21.613,1825.179,45029.372,29.34,98,estimated,True,2026-07-06T19:02:00,False,none
5181,3,3,2026-07-06T20:00:00,145846.92,12.724,1825.179,45029.372,28.07,98,estimated,True,2026-07-06T20:02:00,False,none
5182,3,3,2026-07-06T21:00:00,145854.305,7.385,1825.179,45029.372,26.49,98,estimated,True,2026-07-06T21:02:00,False,none
5183,3,3,2026-07-06T22:00:00,145862.084,7.779,1825.179,45029.372,24.94,98,estimated,True,2026-07-06T22:02:00,False,none
5184,3,3,2026-07-06T23:00:00,145866.135,4.051,1825.179,45029.372,24.08,98,estimated,True,2026-07-06T23:02:00,False,none
5185,3,3,2026-07-07T00:00:00,145870.883,4.748,1845.216,45029.372,22.77,98,estimated,True,2026-07-07T00:02:00,False,none
5186,3,3,2026-07-07T01:00:00,145875.18,4.297,1845.216,45029.372,22.2,98,estimated,True,2026-07-07T01:02:00,False,none
5187,3,3,2026-07-07T02:00:00,145880.313,5.133,1845.216,45029.372,21.96,98,estimated,True,2026-07-07T02:02:00,False,none
5188,3,3,2026-07-07T03:00:00,145884.714,4.401,1845.216,45029.372,21.52,98,estimated,True,2026-07-07T03:02:00,False,none
5189,3,3,2026-07-07T04:00:00,145889.322,4.608,1845.216,45029.372,21.78,98,estimated,True,2026-07-07T04:02:00,False,none
5190,3,3,2026-07-07T05:00:00,145898.976,9.654,1845.216,45029.372,22.45,98,estimated,True,2026-07-07T05:02:00,False,none
5191,3,3,2026-07-07T06:00:00,145917.921,18.945,1845.216,45029.372,22.41,98,estimated,True,2026-07-07T06:02:00,False,none
5192,3,3,2026-07-07T07:00:00,145995.796,77.875,1845.216,45029.372,23.57,98,estimated,True,2026-07-07T07:02:00,False,none
5193,3,3,2026-07-07T08:00:00,146141.819,146.023,1845.216,45029.372,24.43,98,estimated,True,2026-07-07T08:02:00,False,none
5194,3,3,2026-07-07T09:00:00,146327.35,185.531,1845.216,45029.372,26.5,98,estimated,True,2026-07-07T09:02:00,False,none
5195,3,3,2026-07-07T10:00:00,146471.002,143.652,1845.216,45029.372,27.72,98,estimated,True,2026-07-07T10:02:00,False,none
5196,3,3,2026-07-07T11:00:00,146604.404,133.402,1845.216,45029.372,28.47,98,estimated,True,2026-07-07T11:02:00,False,none
5197,3,3,2026-07-07T12:00:00,146750.772,146.368,1845.216,45029.372,29.67,98,estimated,True,2026-07-07T12:02:00,False,none
5198,3,3,2026-07-07T13:00:00,146945.314,194.542,1845.216,45029.372,30.22,98,estimated,True,2026-07-07T13:02:00,False,none
5199,3,3,2026-07-07T14:00:00,147144.439,199.125,1845.216,45029.372,30.65,98,estimated,True,2026-07-07T14:02:00,False,none
5200,3,3,2026-07-07T15:00:00,147327.674,183.235,1845.216,45029.372,31.83,98,estimated,True,2026-07-07T15:02:00,False,none
5201,3,3,2026-07-07T16:00:00,147477.086,149.412,1845.216,45029.372,30.9,98,estimated,True,2026-07-07T16:02:00,False,none
5202,3,3,2026-07-07T17:00:00,147602.754,125.668,1845.216,45029.372,30.17,98,estimated,True,2026-07-07T17:02:00,False,none
5203,3,3,2026-07-07T18:00:00,147656.306,53.552,1845.216,45029.372,29.86,98,estimated,True,2026-07-07T18:02:00,False,none
5204,3,3,2026-07-07T19:00:00,147675.542,19.236,1845.216,45029.372,28.36,98,estimated,True,2026-07-07T19:02:00,False,none
5205,3,3,2026-07-07T20:00:00,147690.722,15.18,1845.216,45029.372,27.23,98,estimated,True,2026-07-07T20:02:00,False,none
5206,3,3,2026-07-07T21:00:00,147699.291,8.569,1845.216,45029.372,26.19,98,estimated,True,2026-07-07T21:02:00,False,none
5207,3,3,2026-07-07T22:00:00,147707.772,8.481,1845.216,45029.372,25.32,98,estimated,True,2026-07-07T22:02:00,False,none
5208,3,3,2026-07-07T23:00:00,147711.351,3.579,1845.216,45029.372,24.38,98,estimated,True,2026-07-07T23:02:00,False,none
5209,3,3,2026-07-08T00:00:00,147717.596,6.245,1745.414,45029.372,21.81,98,estimated,True,2026-07-08T00:02:00,False,none
5210,3,3,2026-07-08T01:00:00,147722.104,4.508,1745.414,45029.372,22.7,98,estimated,True,2026-07-08T01:02:00,False,none
5211,3,3,2026-07-08T02:00:00,147727.231,5.127,1745.414,45029.372,20.78,98,estimated,True,2026-07-08T02:02:00,False,none
5212,3,3,2026-07-08T03:00:00,147731.497,4.266,1745.414,45029.372,21.08,98,estimated,True,2026-07-08T03:02:00,False,none
5213,3,3,2026-07-08T04:00:00,147736.121,4.624,1745.414,45029.372,21.65,98,estimated,True,2026-07-08T04:02:00,False,none
5214,3,3,2026-07-08T05:00:00,147744.495,8.374,1745.414,45029.372,21.32,98,estimated,True,2026-07-08T05:02:00,False,none
5215,3,3,2026-07-08T06:00:00,147767.613,23.118,1745.414,45029.372,22.85,98,estimated,True,2026-07-08T06:02:00,False,none
5216,3,3,2026-07-08T07:00:00,147845.131,77.518,1745.414,45029.372,23.72,98,estimated,True,2026-07-08T07:02:00,False,none
5217,3,3,2026-07-08T08:00:00,147987.539,142.408,1745.414,45029.372,24.68,98,estimated,True,2026-07-08T08:02:00,False,none
5218,3,3,2026-07-08T09:00:00,148140.044,152.505,1745.414,45029.372,24.77,98,estimated,True,2026-07-08T09:02:00,False,none
5219,3,3,2026-07-08T10:00:00,148303.277,163.233,1745.414,45029.372,27.72,98,estimated,True,2026-07-08T10:02:00,False,none
5220,3,3,2026-07-08T11:00:00,148439.197,135.92,1745.414,45029.372,28.43,98,estimated,True,2026-07-08T11:02:00,False,none
5221,3,3,2026-07-08T12:00:00,148599.858,160.661,1745.414,45029.372,30.06,98,estimated,True,2026-07-08T12:02:00,False,none
5222,3,3,2026-07-08T13:00:00,148732.318,132.46,1745.414,45029.372,30.78,98,estimated,True,2026-07-08T13:02:00,False,none
5223,3,3,2026-07-08T14:00:00,148898.716,166.398,1745.414,45029.372,30.89,98,estimated,True,2026-07-08T14:02:00,False,none
5224,3,3,2026-07-08T15:00:00,149049.644,150.928,1745.414,45029.372,31.01,98,estimated,True,2026-07-08T15:02:00,False,none
5225,3,3,2026-07-08T16:00:00,149207.532,157.888,1745.414,45029.372,30.81,98,estimated,True,2026-07-08T16:02:00,False,none
5226,3,3,2026-07-08T17:00:00,149343.735,136.203,1745.414,45029.372,29.68,98,estimated,True,2026-07-08T17:02:00,False,none
5227,3,3,2026-07-08T18:00:00,149399.757,56.022,1745.414,45029.372,29.85,98,estimated,True,2026-07-08T18:02:00,False,none
5228,3,3,2026-07-08T19:00:00,149422.63,22.873,1745.414,45029.372,28.98,98,estimated,True,2026-07-08T19:02:00,False,none
5229,3,3,2026-07-08T20:00:00,149435.807,13.177,1745.414,45029.372,27.15,98,estimated,True,2026-07-08T20:02:00,False,none
5230,3,3,2026-07-08T21:00:00,149444.588,8.781,1745.414,45029.372,26.67,98,estimated,True,2026-07-08T21:02:00,False,none
5231,3,3,2026-07-08T22:00:00,149451.066,6.478,1745.414,45029.372,25.01,98,estimated,True,2026-07-08T22:02:00,False,none
5232,3,3,2026-07-08T23:00:00,149456.765,5.699,1745.414,45029.372,23.81,98,estimated,True,2026-07-08T23:02:00,False,none
5233,3,3,2026-07-09T00:00:00,149461.057,4.292,1783.697,45029.372,22.74,98,estimated,True,2026-07-09T00:02:00,False,none
5234,3,3,2026-07-09T01:00:00,149465.876,4.819,1783.697,45029.372,21.82,98,estimated,True,2026-07-09T01:02:00,False,none
5235,3,3,2026-07-09T02:00:00,149471.122,5.246,1783.697,45029.372,21.25,98,estimated,True,2026-07-09T02:02:00,False,none
5236,3,3,2026-07-09T03:00:00,149475.377,4.255,1783.697,45029.372,21.32,98,estimated,True,2026-07-09T03:02:00,False,none
5237,3,3,2026-07-09T04:00:00,149479.427,4.05,1783.697,45029.372,21.31,98,estimated,True,2026-07-09T04:02:00,False,none
5238,3,3,2026-07-09T05:00:00,149487.859,8.432,1783.697,45029.372,21.18,98,estimated,True,2026-07-09T05:02:00,False,none
5239,3,3,2026-07-09T06:00:00,149505.3,17.441,1783.697,45029.372,22.31,98,estimated,True,2026-07-09T06:02:00,False,none
5240,3,3,2026-07-09T07:00:00,149551.86,46.56,1783.697,45029.372,23.72,98,estimated,True,2026-07-09T07:02:00,False,none
5241,3,3,2026-07-09T08:00:00,149716.406,164.546,1783.697,45029.372,25.67,98,estimated,True,2026-07-09T08:02:00,False,none
5242,3,3,2026-07-09T09:00:00,149877.792,161.386,1783.697,45029.372,25.77,98,estimated,True,2026-07-09T09:02:00,False,none
5243,3,3,2026-07-09T10:00:00,150035.617,157.825,1783.697,45029.372,27.29,98,estimated,True,2026-07-09T10:02:00,False,none
5244,3,3,2026-07-09T11:00:00,150188.323,152.706,1783.697,45029.372,28.45,98,estimated,True,2026-07-09T11:02:00,False,none
5245,3,3,2026-07-09T12:00:00,150340.408,152.085,1783.697,45029.372,29.38,98,estimated,True,2026-07-09T12:02:00,False,none
5246,3,3,2026-07-09T13:00:00,150504.898,164.49,1783.697,45029.372,29.68,98,estimated,True,2026-07-09T13:02:00,False,none
5247,3,3,2026-07-09T14:00:00,150679.364,174.466,1783.697,45029.372,30.77,98,estimated,True,2026-07-09T14:02:00,False,none
5248,3,3,2026-07-09T15:00:00,150863.852,184.488,1783.697,45029.372,30.79,98,estimated,True,2026-07-09T15:02:00,False,none
5249,3,3,2026-07-09T16:00:00,151010.395,146.543,1783.697,45029.372,30.57,98,estimated,True,2026-07-09T16:02:00,False,none
5250,3,3,2026-07-09T17:00:00,151123.761,113.366,1783.697,45029.372,30.73,98,estimated,True,2026-07-09T17:02:00,False,none
5251,3,3,2026-07-09T18:00:00,151179.056,55.295,1783.697,45029.372,29.5,98,estimated,True,2026-07-09T18:02:00,False,none
5252,3,3,2026-07-09T19:00:00,151205.843,26.787,1783.697,45029.372,28.87,98,estimated,True,2026-07-09T19:02:00,False,none
5253,3,3,2026-07-09T20:00:00,151219.187,13.344,1783.697,45029.372,27.69,98,estimated,True,2026-07-09T20:02:00,False,none
5254,3,3,2026-07-09T21:00:00,151228.611,9.424,1783.697,45029.372,25.53,98,estimated,True,2026-07-09T21:02:00,False,none
5255,3,3,2026-07-09T22:00:00,151236.101,7.49,1783.697,45029.372,24.46,98,estimated,True,2026-07-09T22:02:00,False,none
5256,3,3,2026-07-09T23:00:00,151240.462,4.361,1783.697,45029.372,22.29,98,estimated,True,2026-07-09T23:02:00,False,none
5257,3,3,2026-07-10T00:00:00,151243.968,3.506,1775.41,45029.372,21.91,98,estimated,True,2026-07-10T00:02:00,False,none
5258,3,3,2026-07-10T01:00:00,151247.866,3.898,1775.41,45029.372,21.08,98,estimated,True,2026-07-10T01:02:00,False,none
5259,3,3,2026-07-10T02:00:00,151251.129,3.263,1775.41,45029.372,20.78,98,estimated,True,2026-07-10T02:02:00,False,none
5260,3,3,2026-07-10T03:00:00,151256.579,5.45,1775.41,45029.372,20.75,98,estimated,True,2026-07-10T03:02:00,False,none
5261,3,3,2026-07-10T04:00:00,151261.583,5.004,1775.41,45029.372,20.91,98,estimated,True,2026-07-10T04:02:00,False,none
5262,3,3,2026-07-10T05:00:00,151271.59,10.007,1775.41,45029.372,21.73,98,estimated,True,2026-07-10T05:02:00,False,none
5263,3,3,2026-07-10T06:00:00,151292.069,20.479,1775.41,45029.372,22.84,98,estimated,True,2026-07-10T06:02:00,False,none
5264,3,3,2026-07-10T07:00:00,151368.332,76.263,1775.41,45029.372,22.84,98,estimated,True,2026-07-10T07:02:00,False,none
5265,3,3,2026-07-10T08:00:00,151520.728,152.396,1775.41,45029.372,24.62,98,estimated,True,2026-07-10T08:02:00,False,none
5266,3,3,2026-07-10T09:00:00,151683.378,162.65,1775.41,45029.372,26.38,98,estimated,True,2026-07-10T09:02:00,False,none
5267,3,3,2026-07-10T10:00:00,151832.645,149.267,1775.41,45029.372,27.09,98,estimated,True,2026-07-10T10:02:00,False,none
5268,3,3,2026-07-10T11:00:00,151983.268,150.623,1775.41,45029.372,28.98,98,estimated,True,2026-07-10T11:02:00,False,none
5269,3,3,2026-07-10T12:00:00,152125.01,141.742,1775.41,45029.372,29.04,98,estimated,True,2026-07-10T12:02:00,False,none
5270,3,3,2026-07-10T13:00:00,152274.448,149.438,1775.41,45029.372,29.7,98,estimated,True,2026-07-10T13:02:00,False,none
5271,3,3,2026-07-10T14:00:00,152416.735,142.287,1775.41,45029.372,30.25,98,estimated,True,2026-07-10T14:02:00,False,none
5272,3,3,2026-07-10T15:00:00,152615.268,198.533,1775.41,45029.372,30.31,98,estimated,True,2026-07-10T15:02:00,False,none
5273,3,3,2026-07-10T16:00:00,152774.293,159.025,1775.41,45029.372,30.75,98,estimated,True,2026-07-10T16:02:00,False,none
5274,3,3,2026-07-10T17:00:00,152913.175,138.882,1775.41,45029.372,30.43,98,estimated,True,2026-07-10T17:02:00,False,none
5275,3,3,2026-07-10T18:00:00,152959.925,46.75,1775.41,45029.372,28.45,98,estimated,True,2026-07-10T18:02:00,False,none
5276,3,3,2026-07-10T19:00:00,152985.486,25.561,1775.41,45029.372,27.81,98,estimated,True,2026-07-10T19:02:00,False,none
5277,3,3,2026-07-10T20:00:00,152998.053,12.567,1775.41,45029.372,26.8,98,estimated,True,2026-07-10T20:02:00,False,none
5278,3,3,2026-07-10T21:00:00,153006.804,8.751,1775.41,45029.372,25.71,98,estimated,True,2026-07-10T21:02:00,False,none
5279,3,3,2026-07-10T22:00:00,153011.955,5.151,1775.41,45029.372,24.04,98,estimated,True,2026-07-10T22:02:00,False,none
5280,3,3,2026-07-10T23:00:00,153015.872,3.917,1775.41,45029.372,22.73,98,estimated,True,2026-07-10T23:02:00,False,none
5281,3,3,2026-07-11T00:00:00,153015.872,0.0,359.942,45029.372,21.73,98,estimated,True,2026-07-11T00:02:00,False,none
5282,3,3,2026-07-11T01:00:00,153015.872,0.0,359.942,45029.372,20.84,98,estimated,True,2026-07-11T01:02:00,False,none
5283,3,3,2026-07-11T02:00:00,153015.885,0.013,359.942,45029.372,20.49,98,estimated,True,2026-07-11T02:02:00,False,none
5284,3,3,2026-07-11T03:00:00,153015.885,0.0,359.942,45029.372,20.03,98,estimated,True,2026-07-11T03:02:00,False,none
5285,3,3,2026-07-11T04:00:00,153016.063,0.178,359.942,45029.372,20.48,98,estimated,True,2026-07-11T04:02:00,False,none
5286,3,3,2026-07-11T05:00:00,153018.13,2.067,359.942,45029.372,21.4,98,estimated,True,2026-07-11T05:02:00,False,none
5287,3,3,2026-07-11T06:00:00,153021.849,3.719,359.942,45029.372,21.8,98,estimated,True,2026-07-11T06:02:00,False,none
5288,3,3,2026-07-11T07:00:00,153036.946,15.097,359.942,45029.372,23.02,98,estimated,True,2026-07-11T07:02:00,False,none
5289,3,3,2026-07-11T08:00:00,153070.196,33.25,359.942,45029.372,24.13,98,estimated,True,2026-07-11T08:02:00,False,none
5290,3,3,2026-07-11T09:00:00,153105.971,35.775,359.942,45029.372,25.55,98,estimated,True,2026-07-11T09:02:00,False,none
5291,3,3,2026-07-11T10:00:00,153142.283,36.312,359.942,45029.372,26.72,98,estimated,True,2026-07-11T10:02:00,False,none
5292,3,3,2026-07-11T11:00:00,153171.148,28.865,359.942,45029.372,27.55,98,estimated,True,2026-07-11T11:02:00,False,none
5293,3,3,2026-07-11T12:00:00,153201.941,30.793,359.942,45029.372,29.04,98,estimated,True,2026-07-11T12:02:00,False,none
5294,3,3,2026-07-11T13:00:00,153239.159,37.218,359.942,45029.372,29.9,98,estimated,True,2026-07-11T13:02:00,False,none
5295,3,3,2026-07-11T14:00:00,153268.871,29.712,359.942,45029.372,29.63,98,estimated,True,2026-07-11T14:02:00,False,none
5296,3,3,2026-07-11T15:00:00,153298.335,29.464,359.942,45029.372,30.46,98,estimated,True,2026-07-11T15:02:00,False,none
5297,3,3,2026-07-11T16:00:00,153329.175,30.84,359.942,45029.372,31.55,98,estimated,True,2026-07-11T16:02:00,False,none
5298,3,3,2026-07-11T17:00:00,153350.234,21.059,359.942,45029.372,29.67,98,estimated,True,2026-07-11T17:02:00,False,none
5299,3,3,2026-07-11T18:00:00,153361.297,11.063,359.942,45029.372,28.71,98,estimated,True,2026-07-11T18:02:00,False,none
5300,3,3,2026-07-11T19:00:00,153366.36,5.063,359.942,45029.372,27.91,98,estimated,True,2026-07-11T19:02:00,False,none
5301,3,3,2026-07-11T20:00:00,153370.078,3.718,359.942,45029.372,26.55,98,estimated,True,2026-07-11T20:02:00,False,none
5302,3,3,2026-07-11T21:00:00,153372.022,1.944,359.942,45029.372,25.92,98,estimated,True,2026-07-11T21:02:00,False,none
5303,3,3,2026-07-11T22:00:00,153373.847,1.825,359.942,45029.372,23.54,98,estimated,True,2026-07-11T22:02:00,False,none
5304,3,3,2026-07-11T23:00:00,153375.814,1.967,359.942,45029.372,23.49,98,estimated,True,2026-07-11T23:02:00,False,none
5305,3,3,2026-07-12T00:00:00,153377.823,2.009,337.302,45029.372,21.86,98,estimated,True,2026-07-12T00:02:00,False,none
5306,3,3,2026-07-12T01:00:00,153379.197,1.374,337.302,45029.372,20.79,98,estimated,True,2026-07-12T01:02:00,False,none
5307,3,3,2026-07-12T02:00:00,153380.302,1.105,337.302,45029.372,20.0,98,estimated,True,2026-07-12T02:02:00,False,none
5308,3,3,2026-07-12T03:00:00,153380.702,0.4,337.302,45029.372,20.63,98,estimated,True,2026-07-12T03:02:00,False,none
5309,3,3,2026-07-12T04:00:00,153381.651,0.949,337.302,45029.372,19.93,98,estimated,True,2026-07-12T04:02:00,False,none
5310,3,3,2026-07-12T05:00:00,153383.913,2.262,337.302,45029.372,20.68,98,estimated,True,2026-07-12T05:02:00,False,none
5311,3,3,2026-07-12T06:00:00,153389.645,5.732,337.302,45029.372,21.39,98,estimated,True,2026-07-12T06:02:00,False,none
5312,3,3,2026-07-12T07:00:00,153405.684,16.039,337.302,45029.372,22.09,98,estimated,True,2026-07-12T07:02:00,False,none
5313,3,3,2026-07-12T08:00:00,153427.558,21.874,337.302,45029.372,23.5,98,estimated,True,2026-07-12T08:02:00,False,none
5314,3,3,2026-07-12T09:00:00,153458.814,31.256,337.302,45029.372,25.2,98,estimated,True,2026-07-12T09:02:00,False,none
5315,3,3,2026-07-12T10:00:00,153485.245,26.431,337.302,45029.372,25.95,98,estimated,True,2026-07-12T10:02:00,False,none
5316,3,3,2026-07-12T11:00:00,153519.4,34.155,337.302,45029.372,27.6,98,estimated,True,2026-07-12T11:02:00,False,none
5317,3,3,2026-07-12T12:00:00,153549.085,29.685,337.302,45029.372,28.87,98,estimated,True,2026-07-12T12:02:00,False,none
5318,3,3,2026-07-12T13:00:00,153581.684,32.599,337.302,45029.372,29.62,98,estimated,True,2026-07-12T13:02:00,False,none
5319,3,3,2026-07-12T14:00:00,153609.453,27.769,337.302,45029.372,29.36,98,estimated,True,2026-07-12T14:02:00,False,none
5320,3,3,2026-07-12T15:00:00,153640.844,31.391,337.302,45029.372,30.02,98,estimated,True,2026-07-12T15:02:00,False,none
5321,3,3,2026-07-12T16:00:00,153671.796,30.952,337.302,45029.372,30.27,98,estimated,True,2026-07-12T16:02:00,False,none
5322,3,3,2026-07-12T17:00:00,153693.489,21.693,337.302,45029.372,29.67,98,estimated,True,2026-07-12T17:02:00,False,none
5323,3,3,2026-07-12T18:00:00,153704.921,11.432,337.302,45029.372,28.09,98,estimated,True,2026-07-12T18:02:00,False,none
5324,3,3,2026-07-12T19:00:00,153708.428,3.507,337.302,45029.372,27.81,98,estimated,True,2026-07-12T19:02:00,False,none
5325,3,3,2026-07-12T20:00:00,153710.492,2.064,337.302,45029.372,26.06,98,estimated,True,2026-07-12T20:02:00,False,none
5326,3,3,2026-07-12T21:00:00,153711.592,1.1,337.302,45029.372,25.15,98,estimated,True,2026-07-12T21:02:00,False,none
5327,3,3,2026-07-12T22:00:00,153712.818,1.226,337.302,45029.372,23.79,98,estimated,True,2026-07-12T22:02:00,False,none
5328,3,3,2026-07-12T23:00:00,153713.116,0.298,337.302,45029.372,22.54,98,estimated,True,2026-07-12T23:02:00,False,none
5329,3,3,2026-07-13T00:00:00,153716.609,3.493,1741.939,45029.372,21.04,98,estimated,True,2026-07-13T00:02:00,False,none
5330,3,3,2026-07-13T01:00:00,153721.423,4.814,1741.939,45029.372,20.65,98,estimated,True,2026-07-13T01:02:00,False,none
5331,3,3,2026-07-13T02:00:00,153726.996,5.573,1741.939,45029.372,19.69,98,estimated,True,2026-07-13T02:02:00,False,none
5332,3,3,2026-07-13T03:00:00,153732.577,5.581,1741.939,45029.372,19.71,98,estimated,True,2026-07-13T03:02:00,False,none
5333,3,3,2026-07-13T04:00:00,153735.313,2.736,1741.939,45029.372,19.75,98,estimated,True,2026-07-13T04:02:00,False,none
5334,3,3,2026-07-13T05:00:00,153744.287,8.974,1741.939,45029.372,20.66,98,estimated,True,2026-07-13T05:02:00,False,none
5335,3,3,2026-07-13T06:00:00,153764.392,20.105,1741.939,45029.372,21.31,98,estimated,True,2026-07-13T06:02:00,False,none
5336,3,3,2026-07-13T07:00:00,153829.825,65.433,1741.939,45029.372,22.32,98,estimated,True,2026-07-13T07:02:00,False,none
5337,3,3,2026-07-13T08:00:00,153983.325,153.5,1741.939,45029.372,23.42,98,estimated,True,2026-07-13T08:02:00,False,none
5338,3,3,2026-07-13T09:00:00,154156.327,173.002,1741.939,45029.372,24.91,98,estimated,True,2026-07-13T09:02:00,False,none
5339,3,3,2026-07-13T10:00:00,154315.187,158.86,1741.939,45029.372,26.03,98,estimated,True,2026-07-13T10:02:00,False,none
5340,3,3,2026-07-13T11:00:00,154459.205,144.018,1741.939,45029.372,26.87,98,estimated,True,2026-07-13T11:02:00,False,none
5341,3,3,2026-07-13T12:00:00,154591.444,132.239,1741.939,45029.372,27.04,98,estimated,True,2026-07-13T12:02:00,False,none
5342,3,3,2026-07-13T13:00:00,154764.44,172.996,1741.939,45029.372,29.13,98,estimated,True,2026-07-13T13:02:00,False,none
5343,3,3,2026-07-13T14:00:00,154939.431,174.991,1741.939,45029.372,29.55,98,estimated,True,2026-07-13T14:02:00,False,none
5344,3,3,2026-07-13T15:00:00,155095.263,155.832,1741.939,45029.372,28.96,98,estimated,True,2026-07-13T15:02:00,False,none
5345,3,3,2026-07-13T16:00:00,155213.699,118.436,1741.939,45029.372,28.99,98,estimated,True,2026-07-13T16:02:00,False,none
5346,3,3,2026-07-13T17:00:00,155341.729,128.03,1741.939,45029.372,29.09,98,estimated,True,2026-07-13T17:02:00,False,none
5347,3,3,2026-07-13T18:00:00,155396.766,55.037,1741.939,45029.372,28.52,98,estimated,True,2026-07-13T18:02:00,False,none
5348,3,3,2026-07-13T19:00:00,155421.3,24.534,1741.939,45029.372,27.32,98,estimated,True,2026-07-13T19:02:00,False,none
5349,3,3,2026-07-13T20:00:00,155435.041,13.741,1741.939,45029.372,25.91,98,estimated,True,2026-07-13T20:02:00,False,none
5350,3,3,2026-07-13T21:00:00,155444.375,9.334,1741.939,45029.372,24.28,98,estimated,True,2026-07-13T21:02:00,False,none
5351,3,3,2026-07-13T22:00:00,155452.037,7.662,1741.939,45029.372,23.38,98,estimated,True,2026-07-13T22:02:00,False,none
5352,3,3,2026-07-13T23:00:00,155455.055,3.018,1741.939,45029.372,22.72,98,estimated,True,2026-07-13T23:02:00,False,none
5353,3,3,2026-07-14T00:00:00,155458.727,3.672,1725.611,45029.372,20.79,98,estimated,True,2026-07-14T00:02:00,False,none
5354,3,3,2026-07-14T01:00:00,155462.258,3.531,1725.611,45029.372,19.5,98,estimated,True,2026-07-14T01:02:00,False,none
5355,3,3,2026-07-14T02:00:00,155467.102,4.844,1725.611,45029.372,20.7,98,estimated,True,2026-07-14T02:02:00,False,none
5356,3,3,2026-07-14T03:00:00,155472.122,5.02,1725.611,45029.372,20.32,98,estimated,True,2026-07-14T03:02:00,False,none
5357,3,3,2026-07-14T04:00:00,155476.173,4.051,1725.611,45029.372,19.43,98,estimated,True,2026-07-14T04:02:00,False,none
5358,3,3,2026-07-14T05:00:00,155485.344,9.171,1725.611,45029.372,20.46,98,estimated,True,2026-07-14T05:02:00,False,none
5359,3,3,2026-07-14T06:00:00,155503.181,17.837,1725.611,45029.372,20.79,98,estimated,True,2026-07-14T06:02:00,False,none
5360,3,3,2026-07-14T07:00:00,155571.71,68.529,1725.611,45029.372,23.37,98,estimated,True,2026-07-14T07:02:00,False,none
5361,3,3,2026-07-14T08:00:00,155713.025,141.315,1725.611,45029.372,23.13,98,estimated,True,2026-07-14T08:02:00,False,none
5362,3,3,2026-07-14T09:00:00,155876.602,163.577,1725.611,45029.372,24.46,98,estimated,True,2026-07-14T09:02:00,False,none
5363,3,3,2026-07-14T10:00:00,156040.895,164.293,1725.611,45029.372,26.37,98,estimated,True,2026-07-14T10:02:00,False,none
5364,3,3,2026-07-14T11:00:00,156187.868,146.973,1725.611,45029.372,26.59,98,estimated,True,2026-07-14T11:02:00,False,none
5365,3,3,2026-07-14T12:00:00,156357.345,169.477,1725.611,45029.372,27.91,98,estimated,True,2026-07-14T12:02:00,False,none
5366,3,3,2026-07-14T13:00:00,156522.182,164.837,1725.611,45029.372,29.36,98,estimated,True,2026-07-14T13:02:00,False,none
5367,3,3,2026-07-14T14:00:00,156663.634,141.452,1725.611,45029.372,28.87,98,estimated,True,2026-07-14T14:02:00,False,none
5368,3,3,2026-07-14T15:00:00,156828.718,165.084,1725.611,45029.372,29.56,98,estimated,True,2026-07-14T15:02:00,False,none
5369,3,3,2026-07-14T16:00:00,156959.874,131.156,1725.611,45029.372,29.24,98,estimated,True,2026-07-14T16:02:00,False,none
5370,3,3,2026-07-14T17:00:00,157069.671,109.797,1725.611,45029.372,28.65,98,estimated,True,2026-07-14T17:02:00,False,none
5371,3,3,2026-07-14T18:00:00,157116.078,46.407,1725.611,45029.372,27.14,98,estimated,True,2026-07-14T18:02:00,False,none
5372,3,3,2026-07-14T19:00:00,157146.492,30.414,1725.611,45029.372,26.81,98,estimated,True,2026-07-14T19:02:00,False,none
5373,3,3,2026-07-14T20:00:00,157159.846,13.354,1725.611,45029.372,25.53,98,estimated,True,2026-07-14T20:02:00,False,none
5374,3,3,2026-07-14T21:00:00,157169.917,10.071,1725.611,45029.372,24.65,98,estimated,True,2026-07-14T21:02:00,False,none
5375,3,3,2026-07-14T22:00:00,157176.84,6.923,1725.611,45029.372,23.77,98,estimated,True,2026-07-14T22:02:00,False,none
5376,3,3,2026-07-14T23:00:00,157180.666,3.826,1725.611,45029.372,21.87,98,estimated,True,2026-07-14T23:02:00,False,none
5377,3,3,2026-07-15T00:00:00,157184.676,4.01,1683.815,45029.372,20.65,98,estimated,True,2026-07-15T00:02:00,False,none
5378,3,3,2026-07-15T01:00:00,157189.369,4.693,1683.815,45029.372,20.17,98,estimated,True,2026-07-15T01:02:00,False,none
5379,3,3,2026-07-15T02:00:00,157194.733,5.364,1683.815,45029.372,19.69,98,estimated,True,2026-07-15T02:02:00,False,none
5380,3,3,2026-07-15T03:00:00,157199.19,4.457,1683.815,45029.372,20.02,98,estimated,True,2026-07-15T03:02:00,False,none
5381,3,3,2026-07-15T04:00:00,157203.266,4.076,1683.815,45029.372,19.89,98,estimated,True,2026-07-15T04:02:00,False,none
5382,3,3,2026-07-15T05:00:00,157213.09,9.824,1683.815,45029.372,20.42,98,estimated,True,2026-07-15T05:02:00,False,none
5383,3,3,2026-07-15T06:00:00,157235.12,22.03,1683.815,45029.372,21.15,98,estimated,True,2026-07-15T06:02:00,False,none
5384,3,3,2026-07-15T07:00:00,157293.164,58.044,1683.815,45029.372,21.51,98,estimated,True,2026-07-15T07:02:00,False,none
5385,3,3,2026-07-15T08:00:00,157458.231,165.067,1683.815,45029.372,22.97,98,estimated,True,2026-07-15T08:02:00,False,none
5386,3,3,2026-07-15T09:00:00,157634.622,176.391,1683.815,45029.372,24.16,98,estimated,True,2026-07-15T09:02:00,False,none
5387,3,3,2026-07-15T10:00:00,157794.546,159.924,1683.815,45029.372,25.91,98,estimated,True,2026-07-15T10:02:00,False,none
5388,3,3,2026-07-15T11:00:00,157893.501,98.955,1683.815,45029.372,27.31,98,estimated,True,2026-07-15T11:02:00,False,none
5389,3,3,2026-07-15T12:00:00,158020.902,127.401,1683.815,45029.372,27.33,98,estimated,True,2026-07-15T12:02:00,False,none
5390,3,3,2026-07-15T13:00:00,158186.779,165.877,1683.815,45029.372,28.28,98,estimated,True,2026-07-15T13:02:00,False,none
5391,3,3,2026-07-15T14:00:00,158361.619,174.84,1683.815,45029.372,29.22,98,estimated,True,2026-07-15T14:02:00,False,none
5392,3,3,2026-07-15T15:00:00,158502.102,140.483,1683.815,45029.372,29.52,98,estimated,True,2026-07-15T15:02:00,False,none
5393,3,3,2026-07-15T16:00:00,158646.198,144.096,1683.815,45029.372,28.62,98,estimated,True,2026-07-15T16:02:00,False,none
5394,3,3,2026-07-15T17:00:00,158735.062,88.864,1683.815,45029.372,28.36,98,estimated,True,2026-07-15T17:02:00,False,none
5395,3,3,2026-07-15T18:00:00,158798.782,63.72,1683.815,45029.372,28.2,98,estimated,True,2026-07-15T18:02:00,False,none
5396,3,3,2026-07-15T19:00:00,158826.258,27.476,1683.815,45029.372,27.4,98,estimated,True,2026-07-15T19:02:00,False,none
5397,3,3,2026-07-15T20:00:00,158841.477,15.219,1683.815,45029.372,25.82,98,estimated,True,2026-07-15T20:02:00,False,none
5398,3,3,2026-07-15T21:00:00,158851.352,9.875,1683.815,45029.372,24.02,98,estimated,True,2026-07-15T21:02:00,False,none
5399,3,3,2026-07-15T22:00:00,158859.087,7.735,1683.815,45029.372,23.1,98,estimated,True,2026-07-15T22:02:00,False,none
5400,3,3,2026-07-15T23:00:00,158864.481,5.394,1683.815,45029.372,21.85,98,estimated,True,2026-07-15T23:02:00,False,none
5401,3,3,2026-07-16T00:00:00,158867.651,3.17,1729.49,45029.372,20.55,98,estimated,True,2026-07-16T00:02:00,False,none
5402,3,3,2026-07-16T01:00:00,158871.25,3.599,1729.49,45029.372,20.25,98,estimated,True,2026-07-16T01:02:00,False,none
5403,3,3,2026-07-16T02:00:00,158875.535,4.285,1729.49,45029.372,19.67,98,estimated,True,2026-07-16T02:02:00,False,none
5404,3,3,2026-07-16T03:00:00,158880.8,5.265,1729.49,45029.372,19.47,98,estimated,True,2026-07-16T03:02:00,False,none
5405,3,3,2026-07-16T04:00:00,158885.564,4.764,1729.49,45029.372,19.34,98,estimated,True,2026-07-16T04:02:00,False,none
5406,3,3,2026-07-16T05:00:00,158892.172,6.608,1729.49,45029.372,19.84,98,estimated,True,2026-07-16T05:02:00,False,none
5407,3,3,2026-07-16T06:00:00,158911.039,18.867,1729.49,45029.372,20.51,98,estimated,True,2026-07-16T06:02:00,False,none
5408,3,3,2026-07-16T07:00:00,158971.188,60.149,1729.49,45029.372,21.57,98,estimated,True,2026-07-16T07:02:00,False,none
5409,3,3,2026-07-16T08:00:00,159137.458,166.27,1729.49,45029.372,22.23,98,estimated,True,2026-07-16T08:02:00,False,none
5410,3,3,2026-07-16T09:00:00,159298.581,161.123,1729.49,45029.372,24.43,98,estimated,True,2026-07-16T09:02:00,False,none
5411,3,3,2026-07-16T10:00:00,159459.216,160.635,1729.49,45029.372,25.37,98,estimated,True,2026-07-16T10:02:00,False,none
5412,3,3,2026-07-16T11:00:00,159597.319,138.103,1729.49,45029.372,26.73,98,estimated,True,2026-07-16T11:02:00,False,none
5413,3,3,2026-07-16T12:00:00,159737.722,140.403,1729.49,45029.372,27.93,98,estimated,True,2026-07-16T12:02:00,False,none
5414,3,3,2026-07-16T13:00:00,159897.214,159.492,1729.49,45029.372,28.16,98,estimated,True,2026-07-16T13:02:00,False,none
5415,3,3,2026-07-16T14:00:00,160068.692,171.478,1729.49,45029.372,28.59,98,estimated,True,2026-07-16T14:02:00,False,none
5416,3,3,2026-07-16T15:00:00,160233.884,165.192,1729.49,45029.372,28.79,98,estimated,True,2026-07-16T15:02:00,False,none
5417,3,3,2026-07-16T16:00:00,160361.237,127.353,1729.49,45029.372,29.32,98,estimated,True,2026-07-16T16:02:00,False,none
5418,3,3,2026-07-16T17:00:00,160476.622,115.385,1729.49,45029.372,28.28,98,estimated,True,2026-07-16T17:02:00,False,none
5419,3,3,2026-07-16T18:00:00,160533.319,56.697,1729.49,45029.372,27.36,98,estimated,True,2026-07-16T18:02:00,False,none
5420,3,3,2026-07-16T19:00:00,160563.284,29.965,1729.49,45029.372,26.72,98,estimated,True,2026-07-16T19:02:00,False,none
5421,3,3,2026-07-16T20:00:00,160574.876,11.592,1729.49,45029.372,25.05,98,estimated,True,2026-07-16T20:02:00,False,none
5422,3,3,2026-07-16T21:00:00,160582.578,7.702,1729.49,45029.372,23.88,98,estimated,True,2026-07-16T21:02:00,False,none
5423,3,3,2026-07-16T22:00:00,160588.577,5.999,1729.49,45029.372,22.93,98,estimated,True,2026-07-16T22:02:00,False,none
5424,3,3,2026-07-16T23:00:00,160593.971,5.394,1729.49,45029.372,22.43,98,estimated,True,2026-07-16T23:02:00,False,none
5425,3,3,2026-07-17T00:00:00,160599.022,5.051,1762.046,45029.372,20.19,98,estimated,True,2026-07-17T00:02:00,False,none
5426,3,3,2026-07-17T01:00:00,160605.398,6.376,1762.046,45029.372,18.74,98,estimated,True,2026-07-17T01:02:00,False,none
5427,3,3,2026-07-17T02:00:00,160609.658,4.26,1762.046,45029.372,18.66,98,estimated,True,2026-07-17T02:02:00,False,none
5428,3,3,2026-07-17T03:00:00,160614.404,4.746,1762.046,45029.372,17.98,98,estimated,True,2026-07-17T03:02:00,False,none
5429,3,3,2026-07-17T04:00:00,160618.842,4.438,1762.046,45029.372,18.45,98,estimated,True,2026-07-17T04:02:00,False,none
5430,3,3,2026-07-17T05:00:00,160626.429,7.587,1762.046,45029.372,19.17,98,estimated,True,2026-07-17T05:02:00,False,none
5431,3,3,2026-07-17T06:00:00,160648.803,22.374,1762.046,45029.372,19.86,98,estimated,True,2026-07-17T06:02:00,False,none
5432,3,3,2026-07-17T07:00:00,160712.249,63.446,1762.046,45029.372,20.71,98,estimated,True,2026-07-17T07:02:00,False,none
5433,3,3,2026-07-17T08:00:00,160895.208,182.959,1762.046,45029.372,22.69,98,estimated,True,2026-07-17T08:02:00,False,none
5434,3,3,2026-07-17T09:00:00,161038.667,143.459,1762.046,45029.372,23.91,98,estimated,True,2026-07-17T09:02:00,False,none
5435,3,3,2026-07-17T10:00:00,161204.855,166.188,1762.046,45029.372,24.87,98,estimated,True,2026-07-17T10:02:00,False,none
5436,3,3,2026-07-17T11:00:00,161369.303,164.448,1762.046,45029.372,26.08,98,estimated,True,2026-07-17T11:02:00,False,none
5437,3,3,2026-07-17T12:00:00,161528.054,158.751,1762.046,45029.372,27.34,98,estimated,True,2026-07-17T12:02:00,False,none
5438,3,3,2026-07-17T13:00:00,161711.621,183.567,1762.046,45029.372,27.93,98,estimated,True,2026-07-17T13:02:00,False,none
5439,3,3,2026-07-17T14:00:00,161857.061,145.44,1762.046,45029.372,28.48,98,estimated,True,2026-07-17T14:02:00,False,none
5440,3,3,2026-07-17T15:00:00,161981.06,123.999,1762.046,45029.372,29.59,98,estimated,True,2026-07-17T15:02:00,False,none
5441,3,3,2026-07-17T16:00:00,162107.394,126.334,1762.046,45029.372,28.26,98,estimated,True,2026-07-17T16:02:00,False,none
5442,3,3,2026-07-17T17:00:00,162242.392,134.998,1762.046,45029.372,29.05,98,estimated,True,2026-07-17T17:02:00,False,none
5443,3,3,2026-07-17T18:00:00,162294.457,52.065,1762.046,45029.372,27.85,98,estimated,True,2026-07-17T18:02:00,False,none
5444,3,3,2026-07-17T19:00:00,162322.403,27.946,1762.046,45029.372,27.19,98,estimated,True,2026-07-17T19:02:00,False,none
5445,3,3,2026-07-17T20:00:00,162335.755,13.352,1762.046,45029.372,25.41,98,estimated,True,2026-07-17T20:02:00,False,none
5446,3,3,2026-07-17T21:00:00,162344.205,8.45,1762.046,45029.372,23.7,98,estimated,True,2026-07-17T21:02:00,False,none
5447,3,3,2026-07-17T22:00:00,162351.685,7.48,1762.046,45029.372,22.34,98,estimated,True,2026-07-17T22:02:00,False,none
5448,3,3,2026-07-17T23:00:00,162356.017,4.332,1762.046,45029.372,21.37,98,estimated,True,2026-07-17T23:02:00,False,none
5449,3,3,2026-07-18T00:00:00,162356.017,0.0,330.132,45029.372,20.51,98,estimated,True,2026-07-18T00:02:00,False,none
5450,3,3,2026-07-18T01:00:00,162357.463,1.446,330.132,45029.372,19.32,98,estimated,True,2026-07-18T01:02:00,False,none
5451,3,3,2026-07-18T02:00:00,162358.282,0.819,330.132,45029.372,19.07,98,estimated,True,2026-07-18T02:02:00,False,none
5452,3,3,2026-07-18T03:00:00,162359.942,1.66,330.132,45029.372,18.53,98,estimated,True,2026-07-18T03:02:00,False,none
5453,3,3,2026-07-18T04:00:00,162360.573,0.631,330.132,45029.372,19.21,98,estimated,True,2026-07-18T04:02:00,False,none
5454,3,3,2026-07-18T05:00:00,162363.659,3.086,330.132,45029.372,19.22,98,estimated,True,2026-07-18T05:02:00,False,none
5455,3,3,2026-07-18T06:00:00,162367.464,3.805,330.132,45029.372,19.06,98,estimated,True,2026-07-18T06:02:00,False,none
5456,3,3,2026-07-18T07:00:00,162383.234,15.77,330.132,45029.372,21.53,98,estimated,True,2026-07-18T07:02:00,False,none
5457,3,3,2026-07-18T08:00:00,162409.617,26.383,330.132,45029.372,22.36,98,estimated,True,2026-07-18T08:02:00,False,none
5458,3,3,2026-07-18T09:00:00,162439.57,29.953,330.132,45029.372,23.09,98,estimated,True,2026-07-18T09:02:00,False,none
5459,3,3,2026-07-18T10:00:00,162470.185,30.615,330.132,45029.372,25.36,98,estimated,True,2026-07-18T10:02:00,False,none
5460,3,3,2026-07-18T11:00:00,162497.132,26.947,330.132,45029.372,25.98,98,estimated,True,2026-07-18T11:02:00,False,none
5461,3,3,2026-07-18T12:00:00,162523.902,26.77,330.132,45029.372,27.32,98,estimated,True,2026-07-18T12:02:00,False,none
5462,3,3,2026-07-18T13:00:00,162549.081,25.179,330.132,45029.372,27.73,98,estimated,True,2026-07-18T13:02:00,False,none
5463,3,3,2026-07-18T14:00:00,162581.503,32.422,330.132,45029.372,27.63,98,estimated,True,2026-07-18T14:02:00,False,none
5464,3,3,2026-07-18T15:00:00,162620.031,38.528,330.132,45029.372,27.91,98,estimated,True,2026-07-18T15:02:00,False,none
5465,3,3,2026-07-18T16:00:00,162644.347,24.316,330.132,45029.372,27.45,98,estimated,True,2026-07-18T16:02:00,False,none
5466,3,3,2026-07-18T17:00:00,162665.055,20.708,330.132,45029.372,27.78,98,estimated,True,2026-07-18T17:02:00,False,none
5467,3,3,2026-07-18T18:00:00,162674.409,9.354,330.132,45029.372,26.54,98,estimated,True,2026-07-18T18:02:00,False,none
5468,3,3,2026-07-18T19:00:00,162679.408,4.999,330.132,45029.372,25.55,98,estimated,True,2026-07-18T19:02:00,False,none
5469,3,3,2026-07-18T20:00:00,162682.084,2.676,330.132,45029.372,25.52,98,estimated,True,2026-07-18T20:02:00,False,none
5470,3,3,2026-07-18T21:00:00,162684.232,2.148,330.132,45029.372,23.92,98,estimated,True,2026-07-18T21:02:00,False,none
5471,3,3,2026-07-18T22:00:00,162684.232,0.0,330.132,45029.372,22.59,98,estimated,True,2026-07-18T22:02:00,False,none
5472,3,3,2026-07-18T23:00:00,162686.149,1.917,330.132,45029.372,20.82,98,estimated,True,2026-07-18T23:02:00,False,none
5473,3,3,2026-07-19T00:00:00,162688.43,2.281,340.276,45029.372,19.4,98,estimated,True,2026-07-19T00:02:00,False,none
5474,3,3,2026-07-19T01:00:00,162688.926,0.496,340.276,45029.372,19.43,98,estimated,True,2026-07-19T01:02:00,False,none
5475,3,3,2026-07-19T02:00:00,162688.986,0.06,340.276,45029.372,18.14,98,estimated,True,2026-07-19T02:02:00,False,none
5476,3,3,2026-07-19T03:00:00,162688.986,0.0,340.276,45029.372,17.92,98,estimated,True,2026-07-19T03:02:00,False,none
5477,3,3,2026-07-19T04:00:00,162688.986,0.0,340.276,45029.372,18.51,98,estimated,True,2026-07-19T04:02:00,False,none
5478,3,3,2026-07-19T05:00:00,162691.231,2.245,340.276,45029.372,19.08,98,estimated,True,2026-07-19T05:02:00,False,none
5479,3,3,2026-07-19T06:00:00,162696.828,5.597,340.276,45029.372,18.97,98,estimated,True,2026-07-19T06:02:00,False,none
5480,3,3,2026-07-19T07:00:00,162712.024,15.196,340.276,45029.372,20.87,98,estimated,True,2026-07-19T07:02:00,False,none
5481,3,3,2026-07-19T08:00:00,162741.99,29.966,340.276,45029.372,21.57,98,estimated,True,2026-07-19T08:02:00,False,none
5482,3,3,2026-07-19T09:00:00,162773.849,31.859,340.276,45029.372,23.62,98,estimated,True,2026-07-19T09:02:00,False,none
5483,3,3,2026-07-19T10:00:00,162807.136,33.287,340.276,45029.372,25.26,98,estimated,True,2026-07-19T10:02:00,False,none
5484,3,3,2026-07-19T11:00:00,162837.878,30.742,340.276,45029.372,26.12,98,estimated,True,2026-07-19T11:02:00,False,none
5485,3,3,2026-07-19T12:00:00,162860.589,22.711,340.276,45029.372,26.94,98,estimated,True,2026-07-19T12:02:00,False,none
5486,3,3,2026-07-19T13:00:00,162889.315,28.726,340.276,45029.372,27.65,98,estimated,True,2026-07-19T13:02:00,False,none
5487,3,3,2026-07-19T14:00:00,162928.509,39.194,340.276,45029.372,27.66,98,estimated,True,2026-07-19T14:02:00,False,none
5488,3,3,2026-07-19T15:00:00,162955.653,27.144,340.276,45029.372,28.08,98,estimated,True,2026-07-19T15:02:00,False,none
5489,3,3,2026-07-19T16:00:00,162978.531,22.878,340.276,45029.372,27.85,98,estimated,True,2026-07-19T16:02:00,False,none
5490,3,3,2026-07-19T17:00:00,162998.492,19.961,340.276,45029.372,28.07,98,estimated,True,2026-07-19T17:02:00,False,none
5491,3,3,2026-07-19T18:00:00,163010.874,12.382,340.276,45029.372,26.92,98,estimated,True,2026-07-19T18:02:00,False,none
5492,3,3,2026-07-19T19:00:00,163016.528,5.654,340.276,45029.372,25.47,98,estimated,True,2026-07-19T19:02:00,False,none
5493,3,3,2026-07-19T20:00:00,163021.099,4.571,340.276,45029.372,24.05,98,estimated,True,2026-07-19T20:02:00,False,none
5494,3,3,2026-07-19T21:00:00,163022.688,1.589,340.276,45029.372,23.54,98,estimated,True,2026-07-19T21:02:00,False,none
5495,3,3,2026-07-19T22:00:00,163023.991,1.303,340.276,45029.372,21.57,98,estimated,True,2026-07-19T22:02:00,False,none
5496,3,3,2026-07-19T23:00:00,163026.425,2.434,340.276,45029.372,20.53,98,estimated,True,2026-07-19T23:02:00,False,none
5497,3,3,2026-07-20T00:00:00,163030.89,4.465,1758.281,45029.372,18.87,98,estimated,True,2026-07-20T00:02:00,False,none
5498,3,3,2026-07-20T01:00:00,163035.153,4.263,1758.281,45029.372,18.56,98,estimated,True,2026-07-20T01:02:00,False,none
5499,3,3,2026-07-20T02:00:00,163039.417,4.264,1758.281,45029.372,18.02,98,estimated,True,2026-07-20T02:02:00,False,none
5500,3,3,2026-07-20T03:00:00,163044.261,4.844,1758.281,45029.372,18.25,98,estimated,True,2026-07-20T03:02:00,False,none
5501,3,3,2026-07-20T04:00:00,163046.191,1.93,1758.281,45029.372,18.24,98,estimated,True,2026-07-20T04:02:00,False,none
5502,3,3,2026-07-20T05:00:00,163053.173,6.982,1758.281,45029.372,18.69,98,estimated,True,2026-07-20T05:02:00,False,none
5503,3,3,2026-07-20T06:00:00,163078.812,25.639,1758.281,45029.372,19.62,98,estimated,True,2026-07-20T06:02:00,False,none
5504,3,3,2026-07-20T07:00:00,163146.332,67.52,1758.281,45029.372,20.03,98,estimated,True,2026-07-20T07:02:00,False,none
5505,3,3,2026-07-20T08:00:00,163306.42,160.088,1758.281,45029.372,21.36,98,estimated,True,2026-07-20T08:02:00,False,none
5506,3,3,2026-07-20T09:00:00,163501.057,194.637,1758.281,45029.372,22.94,98,estimated,True,2026-07-20T09:02:00,False,none
5507,3,3,2026-07-20T10:00:00,163671.434,170.377,1758.281,45029.372,24.36,98,estimated,True,2026-07-20T10:02:00,False,none
5508,3,3,2026-07-20T11:00:00,163834.107,162.673,1758.281,45029.372,25.42,98,estimated,True,2026-07-20T11:02:00,False,none
5509,3,3,2026-07-20T12:00:00,163974.954,140.847,1758.281,45029.372,25.74,98,estimated,True,2026-07-20T12:02:00,False,none
5510,3,3,2026-07-20T13:00:00,164144.696,169.742,1758.281,45029.372,27.2,98,estimated,True,2026-07-20T13:02:00,False,none
5511,3,3,2026-07-20T14:00:00,164286.523,141.827,1758.281,45029.372,27.65,98,estimated,True,2026-07-20T14:02:00,False,none
5512,3,3,2026-07-20T15:00:00,164420.305,133.782,1758.281,45029.372,27.9,98,estimated,True,2026-07-20T15:02:00,False,none
5513,3,3,2026-07-20T16:00:00,164565.144,144.839,1758.281,45029.372,26.96,98,estimated,True,2026-07-20T16:02:00,False,none
5514,3,3,2026-07-20T17:00:00,164678.794,113.65,1758.281,45029.372,27.46,98,estimated,True,2026-07-20T17:02:00,False,none
5515,3,3,2026-07-20T18:00:00,164727.818,49.024,1758.281,45029.372,26.95,98,estimated,True,2026-07-20T18:02:00,False,none
5516,3,3,2026-07-20T19:00:00,164753.739,25.921,1758.281,45029.372,24.83,98,estimated,True,2026-07-20T19:02:00,False,none
5517,3,3,2026-07-20T20:00:00,164765.488,11.749,1758.281,45029.372,24.05,98,estimated,True,2026-07-20T20:02:00,False,none
5518,3,3,2026-07-20T21:00:00,164773.562,8.074,1758.281,45029.372,22.87,98,estimated,True,2026-07-20T21:02:00,False,none
5519,3,3,2026-07-20T22:00:00,164780.164,6.602,1758.281,45029.372,20.87,98,estimated,True,2026-07-20T22:02:00,False,none
5520,3,3,2026-07-20T23:00:00,164784.706,4.542,1758.281,45029.372,19.94,98,estimated,True,2026-07-20T23:02:00,False,none
5521,3,3,2026-07-21T00:00:00,164789.952,5.246,1730.255,45029.372,18.83,98,estimated,True,2026-07-21T00:02:00,False,none
5522,3,3,2026-07-21T01:00:00,164794.852,4.9,1730.255,45029.372,18.94,98,estimated,True,2026-07-21T01:02:00,False,none
5523,3,3,2026-07-21T02:00:00,164800.413,5.561,1730.255,45029.372,17.18,98,estimated,True,2026-07-21T02:02:00,False,none
5524,3,3,2026-07-21T03:00:00,164804.785,4.372,1730.255,45029.372,18.26,98,estimated,True,2026-07-21T03:02:00,False,none
5525,3,3,2026-07-21T04:00:00,164808.701,3.916,1730.255,45029.372,18.33,98,estimated,True,2026-07-21T04:02:00,False,none
5526,3,3,2026-07-21T05:00:00,164816.62,7.919,1730.255,45029.372,17.56,98,estimated,True,2026-07-21T05:02:00,False,none
5527,3,3,2026-07-21T06:00:00,164834.506,17.886,1730.255,45029.372,19.79,98,estimated,True,2026-07-21T06:02:00,False,none
5528,3,3,2026-07-21T07:00:00,164904.501,69.995,1730.255,45029.372,20.13,98,estimated,True,2026-07-21T07:02:00,False,none
5529,3,3,2026-07-21T08:00:00,165036.5,131.999,1730.255,45029.372,21.13,98,estimated,True,2026-07-21T08:02:00,False,none
5530,3,3,2026-07-21T09:00:00,165186.829,150.329,1730.255,45029.372,22.66,98,estimated,True,2026-07-21T09:02:00,False,none
5531,3,3,2026-07-21T10:00:00,165356.661,169.832,1730.255,45029.372,23.36,98,estimated,True,2026-07-21T10:02:00,False,none
5532,3,3,2026-07-21T11:00:00,165520.251,163.59,1730.255,45029.372,25.56,98,estimated,True,2026-07-21T11:02:00,False,none
5533,3,3,2026-07-21T12:00:00,165638.737,118.486,1730.255,45029.372,25.84,98,estimated,True,2026-07-21T12:02:00,False,none
5534,3,3,2026-07-21T13:00:00,165822.995,184.258,1730.255,45029.372,26.85,98,estimated,True,2026-07-21T13:02:00,False,none
5535,3,3,2026-07-21T14:00:00,165998.943,175.948,1730.255,45029.372,27.72,98,estimated,True,2026-07-21T14:02:00,False,none
5536,3,3,2026-07-21T15:00:00,166160.749,161.806,1730.255,45029.372,27.99,98,estimated,True,2026-07-21T15:02:00,False,none
5537,3,3,2026-07-21T16:00:00,166306.103,145.354,1730.255,45029.372,27.51,98,estimated,True,2026-07-21T16:02:00,False,none
5538,3,3,2026-07-21T17:00:00,166394.204,88.101,1730.255,45029.372,26.74,98,estimated,True,2026-07-21T17:02:00,False,none
5539,3,3,2026-07-21T18:00:00,166454.804,60.6,1730.255,45029.372,26.46,98,estimated,True,2026-07-21T18:02:00,False,none
5540,3,3,2026-07-21T19:00:00,166483.523,28.719,1730.255,45029.372,24.68,98,estimated,True,2026-07-21T19:02:00,False,none
5541,3,3,2026-07-21T20:00:00,166496.59,13.067,1730.255,45029.372,24.6,98,estimated,True,2026-07-21T20:02:00,False,none
5542,3,3,2026-07-21T21:00:00,166505.432,8.842,1730.255,45029.372,22.3,98,estimated,True,2026-07-21T21:02:00,False,none
5543,3,3,2026-07-21T22:00:00,166511.887,6.455,1730.255,45029.372,21.12,98,estimated,True,2026-07-21T22:02:00,False,none
5544,3,3,2026-07-21T23:00:00,166514.961,3.074,1730.255,45029.372,20.31,98,estimated,True,2026-07-21T23:02:00,False,none
5545,3,3,2026-07-22T00:00:00,166519.333,4.372,1628.742,45029.372,18.26,98,estimated,True,2026-07-22T00:02:00,False,none
5546,3,3,2026-07-22T01:00:00,166523.965,4.632,1628.742,45029.372,18.03,98,estimated,True,2026-07-22T01:02:00,False,none
5547,3,3,2026-07-22T02:00:00,166528.405,4.44,1628.742,45029.372,18.29,98,estimated,True,2026-07-22T02:02:00,False,none
5548,3,3,2026-07-22T03:00:00,166531.981,3.576,1628.742,45029.372,17.61,98,estimated,True,2026-07-22T03:02:00,False,none
5549,3,3,2026-07-22T04:00:00,166535.917,3.936,1628.742,45029.372,17.85,98,estimated,True,2026-07-22T04:02:00,False,none
5550,3,3,2026-07-22T05:00:00,166544.517,8.6,1628.742,45029.372,18.07,98,estimated,True,2026-07-22T05:02:00,False,none
5551,3,3,2026-07-22T06:00:00,166562.877,18.36,1628.742,45029.372,19.25,98,estimated,True,2026-07-22T06:02:00,False,none
5552,3,3,2026-07-22T07:00:00,166630.801,67.924,1628.742,45029.372,18.96,98,estimated,True,2026-07-22T07:02:00,False,none
5553,3,3,2026-07-22T08:00:00,166772.768,141.967,1628.742,45029.372,21.27,98,estimated,True,2026-07-22T08:02:00,False,none
5554,3,3,2026-07-22T09:00:00,166942.432,169.664,1628.742,45029.372,22.87,98,estimated,True,2026-07-22T09:02:00,False,none
5555,3,3,2026-07-22T10:00:00,167061.793,119.361,1628.742,45029.372,23.44,98,estimated,True,2026-07-22T10:02:00,False,none
5556,3,3,2026-07-22T11:00:00,167228.199,166.406,1628.742,45029.372,24.78,98,estimated,True,2026-07-22T11:02:00,False,none
5557,3,3,2026-07-22T12:00:00,167368.092,139.893,1628.742,45029.372,25.75,98,estimated,True,2026-07-22T12:02:00,False,none
5558,3,3,2026-07-22T13:00:00,167504.333,136.241,1628.742,45029.372,26.87,98,estimated,True,2026-07-22T13:02:00,False,none
5559,3,3,2026-07-22T14:00:00,167697.435,193.102,1628.742,45029.372,27.45,98,estimated,True,2026-07-22T14:02:00,False,none
5560,3,3,2026-07-22T15:00:00,167828.827,131.392,1628.742,45029.372,27.3,98,estimated,True,2026-07-22T15:02:00,False,none
5561,3,3,2026-07-22T16:00:00,167926.905,98.078,1628.742,45029.372,27.18,98,estimated,True,2026-07-22T16:02:00,False,none
5562,3,3,2026-07-22T17:00:00,168038.996,112.091,1628.742,45029.372,26.84,98,estimated,True,2026-07-22T17:02:00,False,none
5563,3,3,2026-07-22T18:00:00,168090.653,51.657,1628.742,45029.372,26.58,98,estimated,True,2026-07-22T18:02:00,False,none
5564,3,3,2026-07-22T19:00:00,168114.092,23.439,1628.742,45029.372,25.04,98,estimated,True,2026-07-22T19:02:00,False,none
5565,3,3,2026-07-22T20:00:00,168124.77,10.678,1628.742,45029.372,23.52,98,estimated,True,2026-07-22T20:02:00,False,none
5566,3,3,2026-07-22T21:00:00,168133.164,8.394,1628.742,45029.372,22.3,98,estimated,True,2026-07-22T21:02:00,False,none
5567,3,3,2026-07-22T22:00:00,168139.613,6.449,1628.742,45029.372,21.2,98,estimated,True,2026-07-22T22:02:00,False,none
5568,3,3,2026-07-22T23:00:00,168143.703,4.09,1628.742,45029.372,19.91,98,estimated,True,2026-07-22T23:02:00,False,none
5569,3,3,2026-07-23T00:00:00,168148.124,4.421,1654.411,45029.372,18.45,98,estimated,True,2026-07-23T00:02:00,False,none
5570,3,3,2026-07-23T01:00:00,168153.09,4.966,1654.411,45029.372,17.81,98,estimated,True,2026-07-23T01:02:00,False,none
5571,3,3,2026-07-23T02:00:00,168157.167,4.077,1654.411,45029.372,17.24,98,estimated,True,2026-07-23T02:02:00,False,none
5572,3,3,2026-07-23T03:00:00,168160.952,3.785,1654.411,45029.372,17.05,98,estimated,True,2026-07-23T03:02:00,False,none
5573,3,3,2026-07-23T04:00:00,168166.934,5.982,1654.411,45029.372,17.15,98,estimated,True,2026-07-23T04:02:00,False,none
5574,3,3,2026-07-23T05:00:00,168175.356,8.422,1654.411,45029.372,17.43,98,estimated,True,2026-07-23T05:02:00,False,none
5575,3,3,2026-07-23T06:00:00,168196.494,21.138,1654.411,45029.372,18.43,98,estimated,True,2026-07-23T06:02:00,False,none
5576,3,3,2026-07-23T07:00:00,168268.539,72.045,1654.411,45029.372,19.49,98,estimated,True,2026-07-23T07:02:00,False,none
5577,3,3,2026-07-23T08:00:00,168425.31,156.771,1654.411,45029.372,20.14,98,estimated,True,2026-07-23T08:02:00,False,none
5578,3,3,2026-07-23T09:00:00,168562.471,137.161,1654.411,45029.372,22.38,98,estimated,True,2026-07-23T09:02:00,False,none
5579,3,3,2026-07-23T10:00:00,168708.619,146.148,1654.411,45029.372,22.51,98,estimated,True,2026-07-23T10:02:00,False,none
5580,3,3,2026-07-23T11:00:00,168902.619,194.0,1654.411,45029.372,24.53,98,estimated,True,2026-07-23T11:02:00,False,none
5581,3,3,2026-07-23T12:00:00,169011.797,109.178,1654.411,45029.372,25.87,98,estimated,True,2026-07-23T12:02:00,False,none
5582,3,3,2026-07-23T13:00:00,169163.858,152.061,1654.411,45029.372,26.18,98,estimated,True,2026-07-23T13:02:00,False,none
5583,3,3,2026-07-23T14:00:00,169298.733,134.875,1654.411,45029.372,27.05,98,estimated,True,2026-07-23T14:02:00,False,none
5584,3,3,2026-07-23T15:00:00,169437.006,138.273,1654.411,45029.372,27.07,98,estimated,True,2026-07-23T15:02:00,False,none
5585,3,3,2026-07-23T16:00:00,169573.158,136.152,1654.411,45029.372,26.51,98,estimated,True,2026-07-23T16:02:00,False,none
5586,3,3,2026-07-23T17:00:00,169690.025,116.867,1654.411,45029.372,26.76,98,estimated,True,2026-07-23T17:02:00,False,none
5587,3,3,2026-07-23T18:00:00,169739.187,49.162,1654.411,45029.372,25.89,98,estimated,True,2026-07-23T18:02:00,False,none
5588,3,3,2026-07-23T19:00:00,169766.298,27.111,1654.411,45029.372,24.91,98,estimated,True,2026-07-23T19:02:00,False,none
5589,3,3,2026-07-23T20:00:00,169778.409,12.111,1654.411,45029.372,23.47,98,estimated,True,2026-07-23T20:02:00,False,none
5590,3,3,2026-07-23T21:00:00,169787.2,8.791,1654.411,45029.372,21.92,98,estimated,True,2026-07-23T21:02:00,False,none
5591,3,3,2026-07-23T22:00:00,169794.423,7.223,1654.411,45029.372,21.8,98,estimated,True,2026-07-23T22:02:00,False,none
5592,3,3,2026-07-23T23:00:00,169798.114,3.691,1654.411,45029.372,19.38,98,estimated,True,2026-07-23T23:02:00,False,none
5593,3,3,2026-07-24T00:00:00,169804.213,6.099,1542.082,45029.372,18.15,98,estimated,True,2026-07-24T00:02:00,False,none
5594,3,3,2026-07-24T01:00:00,169809.295,5.082,1542.082,45029.372,17.39,98,estimated,True,2026-07-24T01:02:00,False,none
5595,3,3,2026-07-24T02:00:00,169813.861,4.566,1542.082,45029.372,16.9,98,estimated,True,2026-07-24T02:02:00,False,none
5596,3,3,2026-07-24T03:00:00,169817.76,3.899,1542.082,45029.372,17.2,98,estimated,True,2026-07-24T03:02:00,False,none
5597,3,3,2026-07-24T04:00:00,169823.444,5.684,1542.082,45029.372,16.79,98,estimated,True,2026-07-24T04:02:00,False,none
5598,3,3,2026-07-24T05:00:00,169832.984,9.54,1542.082,45029.372,17.94,98,estimated,True,2026-07-24T05:02:00,False,none
5599,3,3,2026-07-24T06:00:00,169855.97,22.986,1542.082,45029.372,18.66,98,estimated,True,2026-07-24T06:02:00,False,none
5600,3,3,2026-07-24T07:00:00,169926.047,70.077,1542.082,45029.372,20.19,98,estimated,True,2026-07-24T07:02:00,False,none
5601,3,3,2026-07-24T08:00:00,170041.192,115.145,1542.082,45029.372,20.82,98,estimated,True,2026-07-24T08:02:00,False,none
5602,3,3,2026-07-24T09:00:00,170179.166,137.974,1542.082,45029.372,21.55,98,estimated,True,2026-07-24T09:02:00,False,none
5603,3,3,2026-07-24T10:00:00,170294.014,114.848,1542.082,45029.372,23.68,98,estimated,True,2026-07-24T10:02:00,False,none
5604,3,3,2026-07-24T11:00:00,170388.931,94.917,1542.082,45029.372,24.22,98,estimated,True,2026-07-24T11:02:00,False,none
5605,3,3,2026-07-24T12:00:00,170520.136,131.205,1542.082,45029.372,25.08,98,estimated,True,2026-07-24T12:02:00,False,none
5606,3,3,2026-07-24T13:00:00,170682.312,162.176,1542.082,45029.372,26.76,98,estimated,True,2026-07-24T13:02:00,False,none
5607,3,3,2026-07-24T14:00:00,170860.566,178.254,1542.082,45029.372,26.38,98,estimated,True,2026-07-24T14:02:00,False,none
5608,3,3,2026-07-24T15:00:00,171012.015,151.449,1542.082,45029.372,26.89,98,estimated,True,2026-07-24T15:02:00,False,none
5609,3,3,2026-07-24T16:00:00,171127.722,115.707,1542.082,45029.372,26.23,98,estimated,True,2026-07-24T16:02:00,False,none
5610,3,3,2026-07-24T17:00:00,171232.869,105.147,1542.082,45029.372,25.88,98,estimated,True,2026-07-24T17:02:00,False,none
5611,3,3,2026-07-24T18:00:00,171294.839,61.97,1542.082,45029.372,25.45,98,estimated,True,2026-07-24T18:02:00,False,none
5612,3,3,2026-07-24T19:00:00,171312.487,17.648,1542.082,45029.372,24.53,98,estimated,True,2026-07-24T19:02:00,False,none
5613,3,3,2026-07-24T20:00:00,171323.283,10.796,1542.082,45029.372,23.28,98,estimated,True,2026-07-24T20:02:00,False,none
5614,3,3,2026-07-24T21:00:00,171331.147,7.864,1542.082,45029.372,21.49,98,estimated,True,2026-07-24T21:02:00,False,none
5615,3,3,2026-07-24T22:00:00,171336.968,5.821,1542.082,45029.372,20.32,98,estimated,True,2026-07-24T22:02:00,False,none
5616,3,3,2026-07-24T23:00:00,171340.196,3.228,1542.082,45029.372,19.46,98,estimated,True,2026-07-24T23:02:00,False,none
5617,3,3,2026-07-25T00:00:00,171342.857,2.661,331.156,45029.372,18.26,98,estimated,True,2026-07-25T00:02:00,False,none
5618,3,3,2026-07-25T01:00:00,171343.501,0.644,331.156,45029.372,16.79,98,estimated,True,2026-07-25T01:02:00,False,none
5619,3,3,2026-07-25T02:00:00,171344.132,0.631,331.156,45029.372,15.81,98,estimated,True,2026-07-25T02:02:00,False,none
5620,3,3,2026-07-25T03:00:00,171345.58,1.448,331.156,45029.372,16.91,98,estimated,True,2026-07-25T03:02:00,False,none
5621,3,3,2026-07-25T04:00:00,171347.163,1.583,331.156,45029.372,16.85,98,estimated,True,2026-07-25T04:02:00,False,none
5622,3,3,2026-07-25T05:00:00,171350.276,3.113,331.156,45029.372,18.34,98,estimated,True,2026-07-25T05:02:00,False,none
5623,3,3,2026-07-25T06:00:00,171353.472,3.196,331.156,45029.372,17.9,98,estimated,True,2026-07-25T06:02:00,False,none
5624,3,3,2026-07-25T07:00:00,171365.83,12.358,331.156,45029.372,18.99,98,estimated,True,2026-07-25T07:02:00,False,none
5625,3,3,2026-07-25T08:00:00,171389.761,23.931,331.156,45029.372,20.54,98,estimated,True,2026-07-25T08:02:00,False,none
5626,3,3,2026-07-25T09:00:00,171425.244,35.483,331.156,45029.372,21.62,98,estimated,True,2026-07-25T09:02:00,False,none
5627,3,3,2026-07-25T10:00:00,171454.596,29.352,331.156,45029.372,22.9,98,estimated,True,2026-07-25T10:02:00,False,none
5628,3,3,2026-07-25T11:00:00,171477.542,22.946,331.156,45029.372,24.62,98,estimated,True,2026-07-25T11:02:00,False,none
5629,3,3,2026-07-25T12:00:00,171505.286,27.744,331.156,45029.372,25.05,98,estimated,True,2026-07-25T12:02:00,False,none
5630,3,3,2026-07-25T13:00:00,171536.444,31.158,331.156,45029.372,25.99,98,estimated,True,2026-07-25T13:02:00,False,none
5631,3,3,2026-07-25T14:00:00,171568.13,31.686,331.156,45029.372,26.72,98,estimated,True,2026-07-25T14:02:00,False,none
5632,3,3,2026-07-25T15:00:00,171596.589,28.459,331.156,45029.372,26.5,98,estimated,True,2026-07-25T15:02:00,False,none
5633,3,3,2026-07-25T16:00:00,171625.332,28.743,331.156,45029.372,26.23,98,estimated,True,2026-07-25T16:02:00,False,none
5634,3,3,2026-07-25T17:00:00,171648.37,23.038,331.156,45029.372,25.72,98,estimated,True,2026-07-25T17:02:00,False,none
5635,3,3,2026-07-25T18:00:00,171658.172,9.802,331.156,45029.372,25.19,98,estimated,True,2026-07-25T18:02:00,False,none
5636,3,3,2026-07-25T19:00:00,171662.818,4.646,331.156,45029.372,24.4,98,estimated,True,2026-07-25T19:02:00,False,none
5637,3,3,2026-07-25T20:00:00,171665.602,2.784,331.156,45029.372,23.2,98,estimated,True,2026-07-25T20:02:00,False,none
5638,3,3,2026-07-25T21:00:00,171667.768,2.166,331.156,45029.372,21.41,98,estimated,True,2026-07-25T21:02:00,False,none
5639,3,3,2026-07-25T22:00:00,171670.088,2.32,331.156,45029.372,20.57,98,estimated,True,2026-07-25T22:02:00,False,none
5640,3,3,2026-07-25T23:00:00,171671.352,1.264,331.156,45029.372,19.54,98,estimated,True,2026-07-25T23:02:00,False,none
5641,3,3,2026-07-26T00:00:00,171674.182,2.83,344.683,45029.372,17.44,98,estimated,True,2026-07-26T00:02:00,False,none
5642,3,3,2026-07-26T01:00:00,171675.813,1.631,344.683,45029.372,16.54,98,estimated,True,2026-07-26T01:02:00,False,none
5643,3,3,2026-07-26T02:00:00,171675.813,0.0,344.683,45029.372,16.77,98,estimated,True,2026-07-26T02:02:00,False,none
5644,3,3,2026-07-26T03:00:00,171676.621,0.808,344.683,45029.372,16.38,98,estimated,True,2026-07-26T03:02:00,False,none
5645,3,3,2026-07-26T04:00:00,171676.922,0.301,344.683,45029.372,17.12,98,estimated,True,2026-07-26T04:02:00,False,none
5646,3,3,2026-07-26T05:00:00,171676.922,0.0,344.683,45029.372,16.99,98,estimated,True,2026-07-26T05:02:00,False,none
5647,3,3,2026-07-26T06:00:00,171680.422,3.5,344.683,45029.372,18.59,98,estimated,True,2026-07-26T06:02:00,False,none
5648,3,3,2026-07-26T07:00:00,171694.194,13.772,344.683,45029.372,19.06,98,estimated,True,2026-07-26T07:02:00,False,none
5649,3,3,2026-07-26T08:00:00,171724.788,30.594,344.683,45029.372,20.1,98,estimated,True,2026-07-26T08:02:00,False,none
5650,3,3,2026-07-26T09:00:00,171758.002,33.214,344.683,45029.372,22.1,98,estimated,True,2026-07-26T09:02:00,False,none
5651,3,3,2026-07-26T10:00:00,171792.421,34.419,344.683,45029.372,22.98,98,estimated,True,2026-07-26T10:02:00,False,none
5652,3,3,2026-07-26T11:00:00,171820.402,27.981,344.683,45029.372,24.34,98,estimated,True,2026-07-26T11:02:00,False,none
5653,3,3,2026-07-26T12:00:00,171852.002,31.6,344.683,45029.372,25.39,98,estimated,True,2026-07-26T12:02:00,False,none
5654,3,3,2026-07-26T13:00:00,171880.191,28.189,344.683,45029.372,26.19,98,estimated,True,2026-07-26T13:02:00,False,none
5655,3,3,2026-07-26T14:00:00,171912.584,32.393,344.683,45029.372,26.19,98,estimated,True,2026-07-26T14:02:00,False,none
5656,3,3,2026-07-26T15:00:00,171947.881,35.297,344.683,45029.372,25.88,98,estimated,True,2026-07-26T15:02:00,False,none
5657,3,3,2026-07-26T16:00:00,171975.048,27.167,344.683,45029.372,26.25,98,estimated,True,2026-07-26T16:02:00,False,none
5658,3,3,2026-07-26T17:00:00,171992.631,17.583,344.683,45029.372,25.53,98,estimated,True,2026-07-26T17:02:00,False,none
5659,3,3,2026-07-26T18:00:00,172003.362,10.731,344.683,45029.372,24.72,98,estimated,True,2026-07-26T18:02:00,False,none
5660,3,3,2026-07-26T19:00:00,172008.72,5.358,344.683,45029.372,24.2,98,estimated,True,2026-07-26T19:02:00,False,none
5661,3,3,2026-07-26T20:00:00,172011.064,2.344,344.683,45029.372,22.86,98,estimated,True,2026-07-26T20:02:00,False,none
5662,3,3,2026-07-26T21:00:00,172013.993,2.929,344.683,45029.372,21.63,98,estimated,True,2026-07-26T21:02:00,False,none
5663,3,3,2026-07-26T22:00:00,172016.035,2.042,344.683,45029.372,20.42,98,estimated,True,2026-07-26T22:02:00,False,none
5664,3,3,2026-07-26T23:00:00,172016.035,0.0,344.683,45029.372,19.05,98,estimated,True,2026-07-26T23:02:00,False,none
5665,3,3,2026-07-27T00:00:00,172020.756,4.721,1655.218,45029.372,17.27,98,estimated,True,2026-07-27T00:02:00,False,none
5666,3,3,2026-07-27T01:00:00,172025.465,4.709,1655.218,45029.372,16.89,98,estimated,True,2026-07-27T01:02:00,False,none
5667,3,3,2026-07-27T02:00:00,172030.403,4.938,1655.218,45029.372,17.06,98,estimated,True,2026-07-27T02:02:00,False,none
5668,3,3,2026-07-27T03:00:00,172034.836,4.433,1655.218,45029.372,16.72,98,estimated,True,2026-07-27T03:02:00,False,none
5669,3,3,2026-07-27T04:00:00,172039.147,4.311,1655.218,45029.372,16.07,98,estimated,True,2026-07-27T04:02:00,False,none
5670,3,3,2026-07-27T05:00:00,172049.49,10.343,1655.218,45029.372,16.57,98,estimated,True,2026-07-27T05:02:00,False,none
5671,3,3,2026-07-27T06:00:00,172072.635,23.145,1655.218,45029.372,18.0,98,estimated,True,2026-07-27T06:02:00,False,none
5672,3,3,2026-07-27T07:00:00,172125.446,52.811,1655.218,45029.372,19.22,98,estimated,True,2026-07-27T07:02:00,False,none
5673,3,3,2026-07-27T08:00:00,172242.938,117.492,1655.218,45029.372,20.16,98,estimated,True,2026-07-27T08:02:00,False,none
5674,3,3,2026-07-27T09:00:00,172398.112,155.174,1655.218,45029.372,21.22,98,estimated,True,2026-07-27T09:02:00,False,none
5675,3,3,2026-07-27T10:00:00,172568.206,170.094,1655.218,45029.372,22.78,98,estimated,True,2026-07-27T10:02:00,False,none
5676,3,3,2026-07-27T11:00:00,172705.639,137.433,1655.218,45029.372,24.26,98,estimated,True,2026-07-27T11:02:00,False,none
5677,3,3,2026-07-27T12:00:00,172847.772,142.133,1655.218,45029.372,25.04,98,estimated,True,2026-07-27T12:02:00,False,none
5678,3,3,2026-07-27T13:00:00,172983.452,135.68,1655.218,45029.372,24.9,98,estimated,True,2026-07-27T13:02:00,False,none
5679,3,3,2026-07-27T14:00:00,173161.234,177.782,1655.218,45029.372,25.99,98,estimated,True,2026-07-27T14:02:00,False,none
5680,3,3,2026-07-27T15:00:00,173289.658,128.424,1655.218,45029.372,26.41,98,estimated,True,2026-07-27T15:02:00,False,none
5681,3,3,2026-07-27T16:00:00,173452.012,162.354,1655.218,45029.372,25.99,98,estimated,True,2026-07-27T16:02:00,False,none
5682,3,3,2026-07-27T17:00:00,173552.469,100.457,1655.218,45029.372,25.6,98,estimated,True,2026-07-27T17:02:00,False,none
5683,3,3,2026-07-27T18:00:00,173609.541,57.072,1655.218,45029.372,24.95,98,estimated,True,2026-07-27T18:02:00,False,none
5684,3,3,2026-07-27T19:00:00,173637.259,27.718,1655.218,45029.372,23.54,98,estimated,True,2026-07-27T19:02:00,False,none
5685,3,3,2026-07-27T20:00:00,173651.458,14.199,1655.218,45029.372,22.38,98,estimated,True,2026-07-27T20:02:00,False,none
5686,3,3,2026-07-27T21:00:00,173660.676,9.218,1655.218,45029.372,21.29,98,estimated,True,2026-07-27T21:02:00,False,none
5687,3,3,2026-07-27T22:00:00,173666.96,6.284,1655.218,45029.372,19.62,98,estimated,True,2026-07-27T22:02:00,False,none
5688,3,3,2026-07-27T23:00:00,173671.253,4.293,1655.218,45029.372,19.1,98,estimated,True,2026-07-27T23:02:00,False,none
5689,3,3,2026-07-28T00:00:00,173675.365,4.112,1689.665,45029.372,17.61,98,estimated,True,2026-07-28T00:02:00,False,none
5690,3,3,2026-07-28T01:00:00,173679.236,3.871,1689.665,45029.372,17.06,98,estimated,True,2026-07-28T01:02:00,False,none
5691,3,3,2026-07-28T02:00:00,173684.222,4.986,1689.665,45029.372,16.14,98,estimated,True,2026-07-28T02:02:00,False,none
5692,3,3,2026-07-28T03:00:00,173688.16,3.938,1689.665,45029.372,16.5,98,estimated,True,2026-07-28T03:02:00,False,none
5693,3,3,2026-07-28T04:00:00,173692.767,4.607,1689.665,45029.372,16.98,98,estimated,True,2026-07-28T04:02:00,False,none
5694,3,3,2026-07-28T05:00:00,173701.867,9.1,1689.665,45029.372,16.28,98,estimated,True,2026-07-28T05:02:00,False,none
5695,3,3,2026-07-28T06:00:00,173724.786,22.919,1689.665,45029.372,17.34,98,estimated,True,2026-07-28T06:02:00,False,none
5696,3,3,2026-07-28T07:00:00,173795.117,70.331,1689.665,45029.372,18.51,98,estimated,True,2026-07-28T07:02:00,False,none
5697,3,3,2026-07-28T08:00:00,173951.1,155.983,1689.665,45029.372,19.37,98,estimated,True,2026-07-28T08:02:00,False,none
5698,3,3,2026-07-28T09:00:00,174090.855,139.755,1689.665,45029.372,20.56,98,estimated,True,2026-07-28T09:02:00,False,none
5699,3,3,2026-07-28T10:00:00,174288.259,197.404,1689.665,45029.372,22.47,98,estimated,True,2026-07-28T10:02:00,False,none
5700,3,3,2026-07-28T11:00:00,174448.852,160.593,1689.665,45029.372,23.39,98,estimated,True,2026-07-28T11:02:00,False,none
5701,3,3,2026-07-28T12:00:00,174601.901,153.049,1689.665,45029.372,24.99,98,estimated,True,2026-07-28T12:02:00,False,none
5702,3,3,2026-07-28T13:00:00,174734.426,132.525,1689.665,45029.372,25.23,98,estimated,True,2026-07-28T13:02:00,False,none
5703,3,3,2026-07-28T14:00:00,174886.325,151.899,1689.665,45029.372,24.97,98,estimated,True,2026-07-28T14:02:00,False,none
5704,3,3,2026-07-28T15:00:00,175015.756,129.431,1689.665,45029.372,26.5,98,estimated,True,2026-07-28T15:02:00,False,none
5705,3,3,2026-07-28T16:00:00,175131.883,116.127,1689.665,45029.372,26.14,98,estimated,True,2026-07-28T16:02:00,False,none
5706,3,3,2026-07-28T17:00:00,175245.328,113.445,1689.665,45029.372,25.4,98,estimated,True,2026-07-28T17:02:00,False,none
5707,3,3,2026-07-28T18:00:00,175298.68,53.352,1689.665,45029.372,24.3,98,estimated,True,2026-07-28T18:02:00,False,none
5708,3,3,2026-07-28T19:00:00,175327.033,28.353,1689.665,45029.372,23.36,98,estimated,True,2026-07-28T19:02:00,False,none
5709,3,3,2026-07-28T20:00:00,175340.192,13.159,1689.665,45029.372,22.42,98,estimated,True,2026-07-28T20:02:00,False,none
5710,3,3,2026-07-28T21:00:00,175349.598,9.406,1689.665,45029.372,21.65,98,estimated,True,2026-07-28T21:02:00,False,none
5711,3,3,2026-07-28T22:00:00,175356.497,6.899,1689.665,45029.372,19.46,98,estimated,True,2026-07-28T22:02:00,False,none
5712,3,3,2026-07-28T23:00:00,175360.918,4.421,1689.665,45029.372,18.5,98,estimated,True,2026-07-28T23:02:00,False,none
5713,3,3,2026-07-29T00:00:00,175540.213,179.295,2514.606,45029.372,18.32,85,estimated,True,2026-07-29T00:02:00,True,unusual_pattern
5714,3,3,2026-07-29T01:00:00,175734.726,194.513,2514.606,45029.372,16.3,85,estimated,True,2026-07-29T01:02:00,True,unusual_pattern
5715,3,3,2026-07-29T02:00:00,175918.178,183.452,2514.606,45029.372,15.22,85,estimated,True,2026-07-29T02:02:00,True,unusual_pattern
5716,3,3,2026-07-29T03:00:00,176120.565,202.387,2514.606,45029.372,16.0,85,estimated,True,2026-07-29T03:02:00,True,unusual_pattern
5717,3,3,2026-07-29T04:00:00,176123.806,3.241,2514.606,45029.372,15.98,98,estimated,True,2026-07-29T04:02:00,False,none
5718,3,3,2026-07-29T05:00:00,176134.53,10.724,2514.606,45029.372,16.72,98,estimated,True,2026-07-29T05:02:00,False,none
5719,3,3,2026-07-29T06:00:00,176155.201,20.671,2514.606,45029.372,17.48,98,estimated,True,2026-07-29T06:02:00,False,none
5720,3,3,2026-07-29T07:00:00,176217.314,62.113,2514.606,45029.372,17.78,98,estimated,True,2026-07-29T07:02:00,False,none
5721,3,3,2026-07-29T08:00:00,176374.687,157.373,2514.606,45029.372,19.74,98,estimated,True,2026-07-29T08:02:00,False,none
5722,3,3,2026-07-29T09:00:00,176551.364,176.677,2514.606,45029.372,20.95,98,estimated,True,2026-07-29T09:02:00,False,none
5723,3,3,2026-07-29T10:00:00,176726.988,175.624,2514.606,45029.372,22.43,98,estimated,True,2026-07-29T10:02:00,False,none
5724,3,3,2026-07-29T11:00:00,176878.212,151.224,2514.606,45029.372,23.08,98,estimated,True,2026-07-29T11:02:00,False,none
5725,3,3,2026-07-29T12:00:00,177017.923,139.711,2514.606,45029.372,24.04,98,estimated,True,2026-07-29T12:02:00,False,none
5726,3,3,2026-07-29T13:00:00,177201.132,183.209,2514.606,45029.372,25.31,98,estimated,True,2026-07-29T13:02:00,False,none
5727,3,3,2026-07-29T14:00:00,177367.041,165.909,2514.606,45029.372,25.15,98,estimated,True,2026-07-29T14:02:00,False,none
5728,3,3,2026-07-29T15:00:00,177530.085,163.044,2514.606,45029.372,26.44,98,estimated,True,2026-07-29T15:02:00,False,none
5729,3,3,2026-07-29T16:00:00,177670.036,139.951,2514.606,45029.372,26.01,98,estimated,True,2026-07-29T16:02:00,False,none
5730,3,3,2026-07-29T17:00:00,177760.955,90.919,2514.606,45029.372,25.7,98,estimated,True,2026-07-29T17:02:00,False,none
5731,3,3,2026-07-29T18:00:00,177813.197,52.242,2514.606,45029.372,23.83,98,estimated,True,2026-07-29T18:02:00,False,none
5732,3,3,2026-07-29T19:00:00,177843.199,30.002,2514.606,45029.372,22.48,98,estimated,True,2026-07-29T19:02:00,False,none
5733,3,3,2026-07-29T20:00:00,177855.59,12.391,2514.606,45029.372,22.63,98,estimated,True,2026-07-29T20:02:00,False,none
5734,3,3,2026-07-29T21:00:00,177864.228,8.638,2514.606,45029.372,20.7,98,estimated,True,2026-07-29T21:02:00,False,none
5735,3,3,2026-07-29T22:00:00,177871.305,7.077,2514.606,45029.372,19.57,98,estimated,True,2026-07-29T22:02:00,False,none
5736,3,3,2026-07-29T23:00:00,177875.524,4.219,2514.606,45029.372,18.57,98,estimated,True,2026-07-29T23:02:00,False,none
5737,3,3,2026-07-30T00:00:00,178069.168,193.644,2514.438,45029.372,17.53,85,estimated,True,2026-07-30T00:02:00,True,unusual_pattern
5738,3,3,2026-07-30T01:00:00,178266.517,197.349,2514.438,45029.372,16.89,85,estimated,True,2026-07-30T01:02:00,True,unusual_pattern
5739,3,3,2026-07-30T02:00:00,178468.391,201.874,2514.438,45029.372,16.24,85,estimated,True,2026-07-30T02:02:00,True,unusual_pattern
5740,3,3,2026-07-30T03:00:00,178666.335,197.944,2514.438,45029.372,15.9,85,estimated,True,2026-07-30T03:02:00,True,unusual_pattern
5741,3,3,2026-07-30T04:00:00,178670.25,3.915,2514.438,45029.372,15.79,98,estimated,True,2026-07-30T04:02:00,False,none
5742,3,3,2026-07-30T05:00:00,178678.166,7.916,2514.438,45029.372,17.27,98,estimated,True,2026-07-30T05:02:00,False,none
5743,3,3,2026-07-30T06:00:00,178698.923,20.757,2514.438,45029.372,17.55,98,estimated,True,2026-07-30T06:02:00,False,none
5744,3,3,2026-07-30T07:00:00,178769.493,70.57,2514.438,45029.372,17.75,98,estimated,True,2026-07-30T07:02:00,False,none
5745,3,3,2026-07-30T08:00:00,178924.312,154.819,2514.438,45029.372,19.65,98,estimated,True,2026-07-30T08:02:00,False,none
5746,3,3,2026-07-30T09:00:00,179142.489,218.177,2514.438,45029.372,21.31,98,estimated,True,2026-07-30T09:02:00,False,none
5747,3,3,2026-07-30T10:00:00,179294.875,152.386,2514.438,45029.372,22.08,98,estimated,True,2026-07-30T10:02:00,False,none
5748,3,3,2026-07-30T11:00:00,179438.276,143.401,2514.438,45029.372,23.36,98,estimated,True,2026-07-30T11:02:00,False,none
5749,3,3,2026-07-30T12:00:00,179555.993,117.717,2514.438,45029.372,24.59,98,estimated,True,2026-07-30T12:02:00,False,none
5750,3,3,2026-07-30T13:00:00,179724.147,168.154,2514.438,45029.372,25.96,98,estimated,True,2026-07-30T13:02:00,False,none
5751,3,3,2026-07-30T14:00:00,179867.648,143.501,2514.438,45029.372,24.84,98,estimated,True,2026-07-30T14:02:00,False,none
5752,3,3,2026-07-30T15:00:00,180036.725,169.077,2514.438,45029.372,26.01,98,estimated,True,2026-07-30T15:02:00,False,none
5753,3,3,2026-07-30T16:00:00,180178.614,141.889,2514.438,45029.372,25.0,98,estimated,True,2026-07-30T16:02:00,False,none
5754,3,3,2026-07-30T17:00:00,180282.057,103.443,2514.438,45029.372,24.24,98,estimated,True,2026-07-30T17:02:00,False,none
5755,3,3,2026-07-30T18:00:00,180330.879,48.822,2514.438,45029.372,24.66,98,estimated,True,2026-07-30T18:02:00,False,none
5756,3,3,2026-07-30T19:00:00,180357.479,26.6,2514.438,45029.372,22.58,98,estimated,True,2026-07-30T19:02:00,False,none
5757,3,3,2026-07-30T20:00:00,180371.537,14.058,2514.438,45029.372,21.74,98,estimated,True,2026-07-30T20:02:00,False,none
5758,3,3,2026-07-30T21:00:00,180379.443,7.906,2514.438,45029.372,20.33,98,estimated,True,2026-07-30T21:02:00,False,none
5759,3,3,2026-07-30T22:00:00,180386.556,7.113,2514.438,45029.372,18.58,98,estimated,True,2026-07-30T22:02:00,False,none
5760,3,3,2026-07-30T23:00:00,180389.962,3.406,2514.438,45029.372,18.12,98,estimated,True,2026-07-30T23:02:00,False,none
5761,3,3,2026-07-31T00:00:00,180587.985,198.023,2532.132,45029.372,17.08,85,estimated,True,2026-07-31T00:02:00,True,unusual_pattern
5762,3,3,2026-07-31T01:00:00,180775.517,187.532,2532.132,45029.372,16.31,85,estimated,True,2026-07-31T01:02:00,True,unusual_pattern
5763,3,3,2026-07-31T02:00:00,180981.058,205.541,2532.132,45029.372,16.53,85,estimated,True,2026-07-31T02:02:00,True,unusual_pattern
5764,3,3,2026-07-31T03:00:00,181186.371,205.313,2532.132,45029.372,15.84,85,estimated,True,2026-07-31T03:02:00,True,unusual_pattern
5765,3,3,2026-07-31T04:00:00,181189.594,3.223,2532.132,45029.372,15.8,98,estimated,True,2026-07-31T04:02:00,False,none
5766,3,3,2026-07-31T05:00:00,181197.667,8.073,2532.132,45029.372,16.07,98,estimated,True,2026-07-31T05:02:00,False,none
5767,3,3,2026-07-31T06:00:00,181216.042,18.375,2532.132,45029.372,16.82,98,estimated,True,2026-07-31T06:02:00,False,none
5768,3,3,2026-07-31T07:00:00,181299.152,83.11,2532.132,45029.372,18.49,98,estimated,True,2026-07-31T07:02:00,False,none
5769,3,3,2026-07-31T08:00:00,181459.827,160.675,2532.132,45029.372,19.63,98,estimated,True,2026-07-31T08:02:00,False,none
5770,3,3,2026-07-31T09:00:00,181608.722,148.895,2532.132,45029.372,20.4,98,estimated,True,2026-07-31T09:02:00,False,none
5771,3,3,2026-07-31T10:00:00,181787.078,178.356,2532.132,45029.372,21.52,98,estimated,True,2026-07-31T10:02:00,False,none
5772,3,3,2026-07-31T11:00:00,181933.838,146.76,2532.132,45029.372,23.13,98,estimated,True,2026-07-31T11:02:00,False,none
5773,3,3,2026-07-31T12:00:00,182080.032,146.194,2532.132,45029.372,24.59,98,estimated,True,2026-07-31T12:02:00,False,none
5774,3,3,2026-07-31T13:00:00,182220.062,140.03,2532.132,45029.372,24.53,98,estimated,True,2026-07-31T13:02:00,False,none
5775,3,3,2026-07-31T14:00:00,182396.516,176.454,2532.132,45029.372,25.64,98,estimated,True,2026-07-31T14:02:00,False,none
5776,3,3,2026-07-31T15:00:00,182578.368,181.852,2532.132,45029.372,25.76,98,estimated,True,2026-07-31T15:02:00,False,none
5777,3,3,2026-07-31T16:00:00,182716.046,137.678,2532.132,45029.372,26.02,98,estimated,True,2026-07-31T16:02:00,False,none
5778,3,3,2026-07-31T17:00:00,182804.173,88.127,2532.132,45029.372,24.53,98,estimated,True,2026-07-31T17:02:00,False,none
5779,3,3,2026-07-31T18:00:00,182861.181,57.008,2532.132,45029.372,23.92,98,estimated,True,2026-07-31T18:02:00,False,none
5780,3,3,2026-07-31T19:00:00,182888.632,27.451,2532.132,45029.372,23.77,98,estimated,True,2026-07-31T19:02:00,False,none
5781,3,3,2026-07-31T20:00:00,182901.318,12.686,2532.132,45029.372,22.3,98,estimated,True,2026-07-31T20:02:00,False,none
5782,3,3,2026-07-31T21:00:00,182910.893,9.575,2532.132,45029.372,20.79,98,estimated,True,2026-07-31T21:02:00,False,none
5783,3,3,2026-07-31T22:00:00,182917.518,6.625,2532.132,45029.372,18.45,98,estimated,True,2026-07-31T22:02:00,False,none
5784,3,3,2026-07-31T23:00:00,182922.094,4.576,2532.132,45029.372,18.42,98,estimated,True,2026-07-31T23:02:00,False,none
5785,3,3,2026-08-01T00:00:00,182922.094,0.0,337.487,36979.992,16.39,98,estimated,True,2026-08-01T00:02:00,False,none
5786,3,3,2026-08-01T01:00:00,182922.908,0.814,337.487,36979.992,15.93,98,estimated,True,2026-08-01T01:02:00,False,none
5787,3,3,2026-08-01T02:00:00,182923.894,0.986,337.487,36979.992,15.22,98,estimated,True,2026-08-01T02:02:00,False,none
5788,3,3,2026-08-01T03:00:00,182925.302,1.408,337.487,36979.992,15.61,98,estimated,True,2026-08-01T03:02:00,False,none
5789,3,3,2026-08-01T04:00:00,182925.302,0.0,337.487,36979.992,14.63,98,estimated,True,2026-08-01T04:02:00,False,none
5790,3,3,2026-08-01T05:00:00,182927.502,2.2,337.487,36979.992,15.95,98,estimated,True,2026-08-01T05:02:00,False,none
5791,3,3,2026-08-01T06:00:00,182932.236,4.734,337.487,36979.992,17.06,98,estimated,True,2026-08-01T06:02:00,False,none
5792,3,3,2026-08-01T07:00:00,182945.63,13.394,337.487,36979.992,17.75,98,estimated,True,2026-08-01T07:02:00,False,none
5793,3,3,2026-08-01T08:00:00,182976.084,30.454,337.487,36979.992,18.82,98,estimated,True,2026-08-01T08:02:00,False,none
5794,3,3,2026-08-01T09:00:00,183011.613,35.529,337.487,36979.992,20.04,98,estimated,True,2026-08-01T09:02:00,False,none
5795,3,3,2026-08-01T10:00:00,183044.546,32.933,337.487,36979.992,21.78,98,estimated,True,2026-08-01T10:02:00,False,none
5796,3,3,2026-08-01T11:00:00,183069.353,24.807,337.487,36979.992,22.64,98,estimated,True,2026-08-01T11:02:00,False,none
5797,3,3,2026-08-01T12:00:00,183096.133,26.78,337.487,36979.992,23.68,98,estimated,True,2026-08-01T12:02:00,False,none
5798,3,3,2026-08-01T13:00:00,183125.909,29.776,337.487,36979.992,23.79,98,estimated,True,2026-08-01T13:02:00,False,none
5799,3,3,2026-08-01T14:00:00,183159.413,33.504,337.487,36979.992,25.6,98,estimated,True,2026-08-01T14:02:00,False,none
5800,3,3,2026-08-01T15:00:00,183189.206,29.793,337.487,36979.992,25.21,98,estimated,True,2026-08-01T15:02:00,False,none
5801,3,3,2026-08-01T16:00:00,183215.814,26.608,337.487,36979.992,25.01,98,estimated,True,2026-08-01T16:02:00,False,none
5802,3,3,2026-08-01T17:00:00,183239.157,23.343,337.487,36979.992,25.35,98,estimated,True,2026-08-01T17:02:00,False,none
5803,3,3,2026-08-01T18:00:00,183248.995,9.838,337.487,36979.992,24.15,98,estimated,True,2026-08-01T18:02:00,False,none
5804,3,3,2026-08-01T19:00:00,183252.874,3.879,337.487,36979.992,23.2,98,estimated,True,2026-08-01T19:02:00,False,none
5805,3,3,2026-08-01T20:00:00,183255.955,3.081,337.487,36979.992,21.6,98,estimated,True,2026-08-01T20:02:00,False,none
5806,3,3,2026-08-01T21:00:00,183258.234,2.279,337.487,36979.992,20.7,98,estimated,True,2026-08-01T21:02:00,False,none
5807,3,3,2026-08-01T22:00:00,183259.472,1.238,337.487,36979.992,19.23,98,estimated,True,2026-08-01T22:02:00,False,none
5808,3,3,2026-08-01T23:00:00,183259.581,0.109,337.487,36979.992,18.12,98,estimated,True,2026-08-01T23:02:00,False,none
5809,3,3,2026-08-02T00:00:00,183260.502,0.921,334.286,36979.992,16.42,98,estimated,True,2026-08-02T00:02:00,False,none
5810,3,3,2026-08-02T01:00:00,183260.502,0.0,334.286,36979.992,16.03,98,estimated,True,2026-08-02T01:02:00,False,none
5811,3,3,2026-08-02T02:00:00,183261.992,1.49,334.286,36979.992,15.64,98,estimated,True,2026-08-02T02:02:00,False,none
5812,3,3,2026-08-02T03:00:00,183264.763,2.771,334.286,36979.992,15.26,98,estimated,True,2026-08-02T03:02:00,False,none
5813,3,3,2026-08-02T04:00:00,183265.345,0.582,334.286,36979.992,15.19,98,estimated,True,2026-08-02T04:02:00,False,none
5814,3,3,2026-08-02T05:00:00,183267.027,1.682,334.286,36979.992,15.8,98,estimated,True,2026-08-02T05:02:00,False,none
5815,3,3,2026-08-02T06:00:00,183270.258,3.231,334.286,36979.992,16.62,98,estimated,True,2026-08-02T06:02:00,False,none
5816,3,3,2026-08-02T07:00:00,183284.037,13.779,334.286,36979.992,17.57,98,estimated,True,2026-08-02T07:02:00,False,none
5817,3,3,2026-08-02T08:00:00,183319.29,35.253,334.286,36979.992,19.49,98,estimated,True,2026-08-02T08:02:00,False,none
5818,3,3,2026-08-02T09:00:00,183348.531,29.241,334.286,36979.992,20.83,98,estimated,True,2026-08-02T09:02:00,False,none
5819,3,3,2026-08-02T10:00:00,183381.01,32.479,334.286,36979.992,21.31,98,estimated,True,2026-08-02T10:02:00,False,none
5820,3,3,2026-08-02T11:00:00,183410.048,29.038,334.286,36979.992,23.51,98,estimated,True,2026-08-02T11:02:00,False,none
5821,3,3,2026-08-02T12:00:00,183436.255,26.207,334.286,36979.992,23.3,98,estimated,True,2026-08-02T12:02:00,False,none
5822,3,3,2026-08-02T13:00:00,183469.278,33.023,334.286,36979.992,24.92,98,estimated,True,2026-08-02T13:02:00,False,none
5823,3,3,2026-08-02T14:00:00,183503.22,33.942,334.286,36979.992,25.04,98,estimated,True,2026-08-02T14:02:00,False,none
5824,3,3,2026-08-02T15:00:00,183533.216,29.996,334.286,36979.992,24.38,98,estimated,True,2026-08-02T15:02:00,False,none
5825,3,3,2026-08-02T16:00:00,183556.744,23.528,334.286,36979.992,25.47,98,estimated,True,2026-08-02T16:02:00,False,none
5826,3,3,2026-08-02T17:00:00,183572.973,16.229,334.286,36979.992,24.29,98,estimated,True,2026-08-02T17:02:00,False,none
5827,3,3,2026-08-02T18:00:00,183582.526,9.553,334.286,36979.992,24.46,98,estimated,True,2026-08-02T18:02:00,False,none
5828,3,3,2026-08-02T19:00:00,183588.237,5.711,334.286,36979.992,22.89,98,estimated,True,2026-08-02T19:02:00,False,none
5829,3,3,2026-08-02T20:00:00,183590.728,2.491,334.286,36979.992,22.19,98,estimated,True,2026-08-02T20:02:00,False,none
5830,3,3,2026-08-02T21:00:00,183592.609,1.881,334.286,36979.992,20.08,98,estimated,True,2026-08-02T21:02:00,False,none
5831,3,3,2026-08-02T22:00:00,183593.867,1.258,334.286,36979.992,19.51,98,estimated,True,2026-08-02T22:02:00,False,none
5832,3,3,2026-08-02T23:00:00,183593.867,0.0,334.286,36979.992,17.41,98,estimated,True,2026-08-02T23:02:00,False,none
5833,3,3,2026-08-03T00:00:00,183598.915,5.048,1674.546,36979.992,16.17,98,estimated,True,2026-08-03T00:02:00,False,none
5834,3,3,2026-08-03T01:00:00,183602.786,3.871,1674.546,36979.992,15.74,98,estimated,True,2026-08-03T01:02:00,False,none
5835,3,3,2026-08-03T02:00:00,183607.211,4.425,1674.546,36979.992,15.08,98,estimated,True,2026-08-03T02:02:00,False,none
5836,3,3,2026-08-03T03:00:00,183611.349,4.138,1674.546,36979.992,15.1,98,estimated,True,2026-08-03T03:02:00,False,none
5837,3,3,2026-08-03T04:00:00,183616.936,5.587,1674.546,36979.992,15.91,98,estimated,True,2026-08-03T04:02:00,False,none
5838,3,3,2026-08-03T05:00:00,183625.992,9.056,1674.546,36979.992,15.22,98,estimated,True,2026-08-03T05:02:00,False,none
5839,3,3,2026-08-03T06:00:00,183647.127,21.135,1674.546,36979.992,16.35,98,estimated,True,2026-08-03T06:02:00,False,none
5840,3,3,2026-08-03T07:00:00,183715.057,67.93,1674.546,36979.992,17.82,98,estimated,True,2026-08-03T07:02:00,False,none
5841,3,3,2026-08-03T08:00:00,183865.735,150.678,1674.546,36979.992,18.99,98,estimated,True,2026-08-03T08:02:00,False,none
5842,3,3,2026-08-03T09:00:00,184014.426,148.691,1674.546,36979.992,20.31,98,estimated,True,2026-08-03T09:02:00,False,none
5843,3,3,2026-08-03T10:00:00,184151.383,136.957,1674.546,36979.992,21.24,98,estimated,True,2026-08-03T10:02:00,False,none
5844,3,3,2026-08-03T11:00:00,184334.393,183.01,1674.546,36979.992,22.35,98,estimated,True,2026-08-03T11:02:00,False,none
5845,3,3,2026-08-03T12:00:00,184453.847,119.454,1674.546,36979.992,23.41,98,estimated,True,2026-08-03T12:02:00,False,none
5846,3,3,2026-08-03T13:00:00,184604.317,150.47,1674.546,36979.992,24.65,98,estimated,True,2026-08-03T13:02:00,False,none
5847,3,3,2026-08-03T14:00:00,184787.684,183.367,1674.546,36979.992,24.95,98,estimated,True,2026-08-03T14:02:00,False,none
5848,3,3,2026-08-03T15:00:00,184926.396,138.712,1674.546,36979.992,25.42,98,estimated,True,2026-08-03T15:02:00,False,none
5849,3,3,2026-08-03T16:00:00,185049.219,122.823,1674.546,36979.992,24.86,98,estimated,True,2026-08-03T16:02:00,False,none
5850,3,3,2026-08-03T17:00:00,185149.917,100.698,1674.546,36979.992,24.88,98,estimated,True,2026-08-03T17:02:00,False,none
5851,3,3,2026-08-03T18:00:00,185201.896,51.979,1674.546,36979.992,23.01,98,estimated,True,2026-08-03T18:02:00,False,none
5852,3,3,2026-08-03T19:00:00,185234.889,32.993,1674.546,36979.992,22.08,98,estimated,True,2026-08-03T19:02:00,False,none
5853,3,3,2026-08-03T20:00:00,185247.706,12.817,1674.546,36979.992,21.1,98,estimated,True,2026-08-03T20:02:00,False,none
5854,3,3,2026-08-03T21:00:00,185256.118,8.412,1674.546,36979.992,20.3,98,estimated,True,2026-08-03T21:02:00,False,none
5855,3,3,2026-08-03T22:00:00,185263.442,7.324,1674.546,36979.992,18.79,98,estimated,True,2026-08-03T22:02:00,False,none
5856,3,3,2026-08-03T23:00:00,185268.413,4.971,1674.546,36979.992,18.31,98,estimated,True,2026-08-03T23:02:00,False,none
5857,3,3,2026-08-04T00:00:00,185271.933,3.52,1663.486,36979.992,17.17,98,estimated,True,2026-08-04T00:02:00,False,none
5858,3,3,2026-08-04T01:00:00,185276.414,4.481,1663.486,36979.992,15.92,98,estimated,True,2026-08-04T01:02:00,False,none
5859,3,3,2026-08-04T02:00:00,185281.872,5.458,1663.486,36979.992,15.43,98,estimated,True,2026-08-04T02:02:00,False,none
5860,3,3,2026-08-04T03:00:00,185285.904,4.032,1663.486,36979.992,15.03,98,estimated,True,2026-08-04T03:02:00,False,none
5861,3,3,2026-08-04T04:00:00,185288.838,2.934,1663.486,36979.992,15.5,98,estimated,True,2026-08-04T04:02:00,False,none
5862,3,3,2026-08-04T05:00:00,185297.411,8.573,1663.486,36979.992,15.69,98,estimated,True,2026-08-04T05:02:00,False,none
5863,3,3,2026-08-04T06:00:00,185321.958,24.547,1663.486,36979.992,16.22,98,estimated,True,2026-08-04T06:02:00,False,none
5864,3,3,2026-08-04T07:00:00,185390.531,68.573,1663.486,36979.992,17.19,98,estimated,True,2026-08-04T07:02:00,False,none
5865,3,3,2026-08-04T08:00:00,185552.594,162.063,1663.486,36979.992,18.94,98,estimated,True,2026-08-04T08:02:00,False,none
5866,3,3,2026-08-04T09:00:00,185731.907,179.313,1663.486,36979.992,20.11,98,estimated,True,2026-08-04T09:02:00,False,none
5867,3,3,2026-08-04T10:00:00,185899.92,168.013,1663.486,36979.992,21.69,98,estimated,True,2026-08-04T10:02:00,False,none
5868,3,3,2026-08-04T11:00:00,186022.552,122.632,1663.486,36979.992,22.18,98,estimated,True,2026-08-04T11:02:00,False,none
5869,3,3,2026-08-04T12:00:00,186152.892,130.34,1663.486,36979.992,23.7,98,estimated,True,2026-08-04T12:02:00,False,none
5870,3,3,2026-08-04T13:00:00,186319.03,166.138,1663.486,36979.992,24.82,98,estimated,True,2026-08-04T13:02:00,False,none
5871,3,3,2026-08-04T14:00:00,186454.086,135.056,1663.486,36979.992,24.87,98,estimated,True,2026-08-04T14:02:00,False,none
5872,3,3,2026-08-04T15:00:00,186584.124,130.038,1663.486,36979.992,25.32,98,estimated,True,2026-08-04T15:02:00,False,none
5873,3,3,2026-08-04T16:00:00,186699.468,115.344,1663.486,36979.992,24.65,98,estimated,True,2026-08-04T16:02:00,False,none
5874,3,3,2026-08-04T17:00:00,186818.716,119.248,1663.486,36979.992,24.39,98,estimated,True,2026-08-04T17:02:00,False,none
5875,3,3,2026-08-04T18:00:00,186868.217,49.501,1663.486,36979.992,23.65,98,estimated,True,2026-08-04T18:02:00,False,none
5876,3,3,2026-08-04T19:00:00,186896.09,27.873,1663.486,36979.992,22.01,98,estimated,True,2026-08-04T19:02:00,False,none
5877,3,3,2026-08-04T20:00:00,186909.345,13.255,1663.486,36979.992,21.1,98,estimated,True,2026-08-04T20:02:00,False,none
5878,3,3,2026-08-04T21:00:00,186918.935,9.59,1663.486,36979.992,19.98,98,estimated,True,2026-08-04T21:02:00,False,none
5879,3,3,2026-08-04T22:00:00,186925.857,6.922,1663.486,36979.992,18.76,98,estimated,True,2026-08-04T22:02:00,False,none
5880,3,3,2026-08-04T23:00:00,186931.899,6.042,1663.486,36979.992,17.81,98,estimated,True,2026-08-04T23:02:00,False,none
5881,3,3,2026-08-05T00:00:00,186936.185,4.286,1617.219,36979.992,16.88,98,estimated,True,2026-08-05T00:02:00,False,none
5882,3,3,2026-08-05T01:00:00,186940.122,3.937,1617.219,36979.992,15.73,98,estimated,True,2026-08-05T01:02:00,False,none
5883,3,3,2026-08-05T02:00:00,186944.037,3.915,1617.219,36979.992,14.85,98,estimated,True,2026-08-05T02:02:00,False,none
5884,3,3,2026-08-05T03:00:00,186948.917,4.88,1617.219,36979.992,14.75,98,estimated,True,2026-08-05T03:02:00,False,none
5885,3,3,2026-08-05T04:00:00,186954.34,5.423,1617.219,36979.992,14.8,98,estimated,True,2026-08-05T04:02:00,False,none
5886,3,3,2026-08-05T05:00:00,186963.075,8.735,1617.219,36979.992,16.03,98,estimated,True,2026-08-05T05:02:00,False,none
5887,3,3,2026-08-05T06:00:00,186983.402,20.327,1617.219,36979.992,16.53,98,estimated,True,2026-08-05T06:02:00,False,none
5888,3,3,2026-08-05T07:00:00,187062.214,78.812,1617.219,36979.992,17.67,98,estimated,True,2026-08-05T07:02:00,False,none
5889,3,3,2026-08-05T08:00:00,187175.979,113.765,1617.219,36979.992,18.49,98,estimated,True,2026-08-05T08:02:00,False,none
5890,3,3,2026-08-05T09:00:00,187343.457,167.478,1617.219,36979.992,20.34,98,estimated,True,2026-08-05T09:02:00,False,none
5891,3,3,2026-08-05T10:00:00,187494.447,150.99,1617.219,36979.992,20.91,98,estimated,True,2026-08-05T10:02:00,False,none
5892,3,3,2026-08-05T11:00:00,187629.701,135.254,1617.219,36979.992,22.22,98,estimated,True,2026-08-05T11:02:00,False,none
5893,3,3,2026-08-05T12:00:00,187764.661,134.96,1617.219,36979.992,23.47,98,estimated,True,2026-08-05T12:02:00,False,none
5894,3,3,2026-08-05T13:00:00,187903.277,138.616,1617.219,36979.992,24.13,98,estimated,True,2026-08-05T13:02:00,False,none
5895,3,3,2026-08-05T14:00:00,188063.28,160.003,1617.219,36979.992,24.8,98,estimated,True,2026-08-05T14:02:00,False,none
5896,3,3,2026-08-05T15:00:00,188232.009,168.729,1617.219,36979.992,24.93,98,estimated,True,2026-08-05T15:02:00,False,none
5897,3,3,2026-08-05T16:00:00,188337.763,105.754,1617.219,36979.992,25.09,98,estimated,True,2026-08-05T16:02:00,False,none
5898,3,3,2026-08-05T17:00:00,188449.926,112.163,1617.219,36979.992,24.6,98,estimated,True,2026-08-05T17:02:00,False,none
5899,3,3,2026-08-05T18:00:00,188492.827,42.901,1617.219,36979.992,23.42,98,estimated,True,2026-08-05T18:02:00,False,none
5900,3,3,2026-08-05T19:00:00,188518.944,26.117,1617.219,36979.992,22.56,98,estimated,True,2026-08-05T19:02:00,False,none
5901,3,3,2026-08-05T20:00:00,188529.738,10.794,1617.219,36979.992,20.91,98,estimated,True,2026-08-05T20:02:00,False,none
5902,3,3,2026-08-05T21:00:00,188538.208,8.47,1617.219,36979.992,20.03,98,estimated,True,2026-08-05T21:02:00,False,none
5903,3,3,2026-08-05T22:00:00,188545.109,6.901,1617.219,36979.992,18.6,98,estimated,True,2026-08-05T22:02:00,False,none
5904,3,3,2026-08-05T23:00:00,188549.118,4.009,1617.219,36979.992,17.12,98,estimated,True,2026-08-05T23:02:00,False,none
5905,3,3,2026-08-06T00:00:00,188553.195,4.077,1798.387,36979.992,16.7,98,estimated,True,2026-08-06T00:02:00,False,none
5906,3,3,2026-08-06T01:00:00,188557.174,3.979,1798.387,36979.992,15.02,98,estimated,True,2026-08-06T01:02:00,False,none
5907,3,3,2026-08-06T02:00:00,188561.745,4.571,1798.387,36979.992,14.76,98,estimated,True,2026-08-06T02:02:00,False,none
5908,3,3,2026-08-06T03:00:00,188564.775,3.03,1798.387,36979.992,15.15,98,estimated,True,2026-08-06T03:02:00,False,none
5909,3,3,2026-08-06T04:00:00,188568.242,3.467,1798.387,36979.992,15.5,98,estimated,True,2026-08-06T04:02:00,False,none
5910,3,3,2026-08-06T05:00:00,188576.905,8.663,1798.387,36979.992,16.32,98,estimated,True,2026-08-06T05:02:00,False,none
5911,3,3,2026-08-06T06:00:00,188595.704,18.799,1798.387,36979.992,15.99,98,estimated,True,2026-08-06T06:02:00,False,none
5912,3,3,2026-08-06T07:00:00,188662.14,66.436,1798.387,36979.992,17.66,98,estimated,True,2026-08-06T07:02:00,False,none
5913,3,3,2026-08-06T08:00:00,188828.541,166.401,1798.387,36979.992,18.69,98,estimated,True,2026-08-06T08:02:00,False,none
5914,3,3,2026-08-06T09:00:00,188990.904,162.363,1798.387,36979.992,19.74,98,estimated,True,2026-08-06T09:02:00,False,none
5915,3,3,2026-08-06T10:00:00,189161.839,170.935,1798.387,36979.992,21.88,98,estimated,True,2026-08-06T10:02:00,False,none
5916,3,3,2026-08-06T11:00:00,189318.956,157.117,1798.387,36979.992,21.88,98,estimated,True,2026-08-06T11:02:00,False,none
5917,3,3,2026-08-06T12:00:00,189481.911,162.955,1798.387,36979.992,23.09,98,estimated,True,2026-08-06T12:02:00,False,none
5918,3,3,2026-08-06T13:00:00,189688.739,206.828,1798.387,36979.992,24.02,98,estimated,True,2026-08-06T13:02:00,False,none
5919,3,3,2026-08-06T14:00:00,189830.592,141.853,1798.387,36979.992,25.44,98,estimated,True,2026-08-06T14:02:00,False,none
5920,3,3,2026-08-06T15:00:00,189992.122,161.53,1798.387,36979.992,25.03,98,estimated,True,2026-08-06T15:02:00,False,none
5921,3,3,2026-08-06T16:00:00,190129.765,137.643,1798.387,36979.992,25.17,98,estimated,True,2026-08-06T16:02:00,False,none
5922,3,3,2026-08-06T17:00:00,190232.786,103.021,1798.387,36979.992,24.85,98,estimated,True,2026-08-06T17:02:00,False,none
5923,3,3,2026-08-06T18:00:00,190282.892,50.106,1798.387,36979.992,23.41,98,estimated,True,2026-08-06T18:02:00,False,none
5924,3,3,2026-08-06T19:00:00,190310.179,27.287,1798.387,36979.992,22.87,98,estimated,True,2026-08-06T19:02:00,False,none
5925,3,3,2026-08-06T20:00:00,190324.497,14.318,1798.387,36979.992,21.43,98,estimated,True,2026-08-06T20:02:00,False,none
5926,3,3,2026-08-06T21:00:00,190333.535,9.038,1798.387,36979.992,19.2,98,estimated,True,2026-08-06T21:02:00,False,none
5927,3,3,2026-08-06T22:00:00,190341.902,8.367,1798.387,36979.992,18.82,98,estimated,True,2026-08-06T22:02:00,False,none
5928,3,3,2026-08-06T23:00:00,190347.505,5.603,1798.387,36979.992,16.91,98,estimated,True,2026-08-06T23:02:00,False,none
5929,3,3,2026-08-07T00:00:00,190352.253,4.748,1736.163,36979.992,16.5,98,estimated,True,2026-08-07T00:02:00,False,none
5930,3,3,2026-08-07T01:00:00,190357.058,4.805,1736.163,36979.992,16.34,98,estimated,True,2026-08-07T01:02:00,False,none
5931,3,3,2026-08-07T02:00:00,190361.609,4.551,1736.163,36979.992,15.33,98,estimated,True,2026-08-07T02:02:00,False,none
5932,3,3,2026-08-07T03:00:00,190365.943,4.334,1736.163,36979.992,14.81,98,estimated,True,2026-08-07T03:02:00,False,none
5933,3,3,2026-08-07T04:00:00,190370.264,4.321,1736.163,36979.992,14.89,98,estimated,True,2026-08-07T04:02:00,False,none
5934,3,3,2026-08-07T05:00:00,190379.426,9.162,1736.163,36979.992,14.74,98,estimated,True,2026-08-07T05:02:00,False,none
5935,3,3,2026-08-07T06:00:00,190400.331,20.905,1736.163,36979.992,16.42,98,estimated,True,2026-08-07T06:02:00,False,none
5936,3,3,2026-08-07T07:00:00,190458.049,57.718,1736.163,36979.992,17.59,98,estimated,True,2026-08-07T07:02:00,False,none
5937,3,3,2026-08-07T08:00:00,190595.749,137.7,1736.163,36979.992,19.48,98,estimated,True,2026-08-07T08:02:00,False,none
5938,3,3,2026-08-07T09:00:00,190738.277,142.528,1736.163,36979.992,19.94,98,estimated,True,2026-08-07T09:02:00,False,none
5939,3,3,2026-08-07T10:00:00,190931.392,193.115,1736.163,36979.992,21.31,98,estimated,True,2026-08-07T10:02:00,False,none
5940,3,3,2026-08-07T11:00:00,191094.713,163.321,1736.163,36979.992,22.92,98,estimated,True,2026-08-07T11:02:00,False,none
5941,3,3,2026-08-07T12:00:00,191228.134,133.421,1736.163,36979.992,23.76,98,estimated,True,2026-08-07T12:02:00,False,none
5942,3,3,2026-08-07T13:00:00,191376.945,148.811,1736.163,36979.992,23.75,98,estimated,True,2026-08-07T13:02:00,False,none
5943,3,3,2026-08-07T14:00:00,191553.531,176.586,1736.163,36979.992,24.74,98,estimated,True,2026-08-07T14:02:00,False,none
5944,3,3,2026-08-07T15:00:00,191730.324,176.793,1736.163,36979.992,25.13,98,estimated,True,2026-08-07T15:02:00,False,none
5945,3,3,2026-08-07T16:00:00,191853.869,123.545,1736.163,36979.992,25.31,98,estimated,True,2026-08-07T16:02:00,False,none
5946,3,3,2026-08-07T17:00:00,191975.819,121.95,1736.163,36979.992,23.61,98,estimated,True,2026-08-07T17:02:00,False,none
5947,3,3,2026-08-07T18:00:00,192019.53,43.711,1736.163,36979.992,24.08,98,estimated,True,2026-08-07T18:02:00,False,none
5948,3,3,2026-08-07T19:00:00,192046.87,27.34,1736.163,36979.992,23.11,98,estimated,True,2026-08-07T19:02:00,False,none
5949,3,3,2026-08-07T20:00:00,192062.473,15.603,1736.163,36979.992,21.36,98,estimated,True,2026-08-07T20:02:00,False,none
5950,3,3,2026-08-07T21:00:00,192071.868,9.395,1736.163,36979.992,20.54,98,estimated,True,2026-08-07T21:02:00,False,none
5951,3,3,2026-08-07T22:00:00,192079.355,7.487,1736.163,36979.992,18.9,98,estimated,True,2026-08-07T22:02:00,False,none
5952,3,3,2026-08-07T23:00:00,192083.668,4.313,1736.163,36979.992,17.34,98,estimated,True,2026-08-07T23:02:00,False,none
5953,3,3,2026-08-08T00:00:00,192084.273,0.605,338.2,36979.992,16.11,98,estimated,True,2026-08-08T00:02:00,False,none
5954,3,3,2026-08-08T01:00:00,192084.636,0.363,338.2,36979.992,15.53,98,estimated,True,2026-08-08T01:02:00,False,none
5955,3,3,2026-08-08T02:00:00,192085.248,0.612,338.2,36979.992,15.23,98,estimated,True,2026-08-08T02:02:00,False,none
5956,3,3,2026-08-08T03:00:00,192085.248,0.0,338.2,36979.992,15.2,98,estimated,True,2026-08-08T03:02:00,False,none
5957,3,3,2026-08-08T04:00:00,192086.225,0.977,338.2,36979.992,15.13,98,estimated,True,2026-08-08T04:02:00,False,none
5958,3,3,2026-08-08T05:00:00,192087.83,1.605,338.2,36979.992,15.55,98,estimated,True,2026-08-08T05:02:00,False,none
5959,3,3,2026-08-08T06:00:00,192092.472,4.642,338.2,36979.992,15.83,98,estimated,True,2026-08-08T06:02:00,False,none
5960,3,3,2026-08-08T07:00:00,192107.24,14.768,338.2,36979.992,17.76,98,estimated,True,2026-08-08T07:02:00,False,none
5961,3,3,2026-08-08T08:00:00,192135.798,28.558,338.2,36979.992,19.12,98,estimated,True,2026-08-08T08:02:00,False,none
5962,3,3,2026-08-08T09:00:00,192168.643,32.845,338.2,36979.992,20.19,98,estimated,True,2026-08-08T09:02:00,False,none
5963,3,3,2026-08-08T10:00:00,192195.488,26.845,338.2,36979.992,21.57,98,estimated,True,2026-08-08T10:02:00,False,none
5964,3,3,2026-08-08T11:00:00,192230.756,35.268,338.2,36979.992,22.15,98,estimated,True,2026-08-08T11:02:00,False,none
5965,3,3,2026-08-08T12:00:00,192258.171,27.415,338.2,36979.992,22.55,98,estimated,True,2026-08-08T12:02:00,False,none
5966,3,3,2026-08-08T13:00:00,192288.328,30.157,338.2,36979.992,24.8,98,estimated,True,2026-08-08T13:02:00,False,none
5967,3,3,2026-08-08T14:00:00,192320.184,31.856,338.2,36979.992,24.67,98,estimated,True,2026-08-08T14:02:00,False,none
5968,3,3,2026-08-08T15:00:00,192349.92,29.736,338.2,36979.992,24.86,98,estimated,True,2026-08-08T15:02:00,False,none
5969,3,3,2026-08-08T16:00:00,192379.539,29.619,338.2,36979.992,24.56,98,estimated,True,2026-08-08T16:02:00,False,none
5970,3,3,2026-08-08T17:00:00,192400.117,20.578,338.2,36979.992,24.9,98,estimated,True,2026-08-08T17:02:00,False,none
5971,3,3,2026-08-08T18:00:00,192409.916,9.799,338.2,36979.992,22.98,98,estimated,True,2026-08-08T18:02:00,False,none
5972,3,3,2026-08-08T19:00:00,192415.549,5.633,338.2,36979.992,22.43,98,estimated,True,2026-08-08T19:02:00,False,none
5973,3,3,2026-08-08T20:00:00,192417.548,1.999,338.2,36979.992,20.89,98,estimated,True,2026-08-08T20:02:00,False,none
5974,3,3,2026-08-08T21:00:00,192420.042,2.494,338.2,36979.992,20.21,98,estimated,True,2026-08-08T21:02:00,False,none
5975,3,3,2026-08-08T22:00:00,192420.37,0.328,338.2,36979.992,18.46,98,estimated,True,2026-08-08T22:02:00,False,none
5976,3,3,2026-08-08T23:00:00,192421.868,1.498,338.2,36979.992,18.82,98,estimated,True,2026-08-08T23:02:00,False,none
5977,3,3,2026-08-09T00:00:00,192423.435,1.567,352.017,36979.992,16.38,98,estimated,True,2026-08-09T00:02:00,False,none
5978,3,3,2026-08-09T01:00:00,192425.0,1.565,352.017,36979.992,15.64,98,estimated,True,2026-08-09T01:02:00,False,none
5979,3,3,2026-08-09T02:00:00,192425.944,0.944,352.017,36979.992,15.26,98,estimated,True,2026-08-09T02:02:00,False,none
5980,3,3,2026-08-09T03:00:00,192425.944,0.0,352.017,36979.992,14.98,98,estimated,True,2026-08-09T03:02:00,False,none
5981,3,3,2026-08-09T04:00:00,192426.062,0.118,352.017,36979.992,15.97,98,estimated,True,2026-08-09T04:02:00,False,none
5982,3,3,2026-08-09T05:00:00,192427.634,1.572,352.017,36979.992,15.15,98,estimated,True,2026-08-09T05:02:00,False,none
5983,3,3,2026-08-09T06:00:00,192431.949,4.315,352.017,36979.992,16.1,98,estimated,True,2026-08-09T06:02:00,False,none
5984,3,3,2026-08-09T07:00:00,192447.556,15.607,352.017,36979.992,17.8,98,estimated,True,2026-08-09T07:02:00,False,none
5985,3,3,2026-08-09T08:00:00,192474.417,26.861,352.017,36979.992,19.05,98,estimated,True,2026-08-09T08:02:00,False,none
5986,3,3,2026-08-09T09:00:00,192508.236,33.819,352.017,36979.992,20.04,98,estimated,True,2026-08-09T09:02:00,False,none
5987,3,3,2026-08-09T10:00:00,192543.615,35.379,352.017,36979.992,20.61,98,estimated,True,2026-08-09T10:02:00,False,none
5988,3,3,2026-08-09T11:00:00,192580.495,36.88,352.017,36979.992,21.94,98,estimated,True,2026-08-09T11:02:00,False,none
5989,3,3,2026-08-09T12:00:00,192607.76,27.265,352.017,36979.992,23.4,98,estimated,True,2026-08-09T12:02:00,False,none
5990,3,3,2026-08-09T13:00:00,192635.952,28.192,352.017,36979.992,24.04,98,estimated,True,2026-08-09T13:02:00,False,none
5991,3,3,2026-08-09T14:00:00,192670.861,34.909,352.017,36979.992,25.76,98,estimated,True,2026-08-09T14:02:00,False,none
5992,3,3,2026-08-09T15:00:00,192705.835,34.974,352.017,36979.992,24.4,98,estimated,True,2026-08-09T15:02:00,False,none
5993,3,3,2026-08-09T16:00:00,192731.094,25.259,352.017,36979.992,25.33,98,estimated,True,2026-08-09T16:02:00,False,none
5994,3,3,2026-08-09T17:00:00,192751.969,20.875,352.017,36979.992,24.47,98,estimated,True,2026-08-09T17:02:00,False,none
5995,3,3,2026-08-09T18:00:00,192761.426,9.457,352.017,36979.992,24.35,98,estimated,True,2026-08-09T18:02:00,False,none
5996,3,3,2026-08-09T19:00:00,192766.312,4.886,352.017,36979.992,22.58,98,estimated,True,2026-08-09T19:02:00,False,none
5997,3,3,2026-08-09T20:00:00,192770.679,4.367,352.017,36979.992,20.74,98,estimated,True,2026-08-09T20:02:00,False,none
5998,3,3,2026-08-09T21:00:00,192772.598,1.919,352.017,36979.992,19.55,98,estimated,True,2026-08-09T21:02:00,False,none
5999,3,3,2026-08-09T22:00:00,192773.673,1.075,352.017,36979.992,18.03,98,estimated,True,2026-08-09T22:02:00,False,none
6000,3,3,2026-08-09T23:00:00,192773.885,0.212,352.017,36979.992,17.69,98,estimated,True,2026-08-09T23:02:00,False,none
6001,3,3,2026-08-10T00:00:00,192778.027,4.142,1699.737,36979.992,16.76,98,estimated,True,2026-08-10T00:02:00,False,none
6002,3,3,2026-08-10T01:00:00,192783.473,5.446,1699.737,36979.992,16.19,98,estimated,True,2026-08-10T01:02:00,False,none
6003,3,3,2026-08-10T02:00:00,192787.891,4.418,1699.737,36979.992,15.0,98,estimated,True,2026-08-10T02:02:00,False,none
6004,3,3,2026-08-10T03:00:00,192792.743,4.852,1699.737,36979.992,15.13,98,estimated,True,2026-08-10T03:02:00,False,none
6005,3,3,2026-08-10T04:00:00,192797.252,4.509,1699.737,36979.992,15.24,98,estimated,True,2026-08-10T04:02:00,False,none
6006,3,3,2026-08-10T05:00:00,192806.086,8.834,1699.737,36979.992,15.63,98,estimated,True,2026-08-10T05:02:00,False,none
6007,3,3,2026-08-10T06:00:00,192829.559,23.473,1699.737,36979.992,17.04,98,estimated,True,2026-08-10T06:02:00,False,none
6008,3,3,2026-08-10T07:00:00,192905.317,75.758,1699.737,36979.992,17.84,98,estimated,True,2026-08-10T07:02:00,False,none
6009,3,3,2026-08-10T08:00:00,193050.07,144.753,1699.737,36979.992,18.71,98,estimated,True,2026-08-10T08:02:00,False,none
6010,3,3,2026-08-10T09:00:00,193235.818,185.748,1699.737,36979.992,19.63,98,estimated,True,2026-08-10T09:02:00,False,none
6011,3,3,2026-08-10T10:00:00,193399.647,163.829,1699.737,36979.992,20.24,98,estimated,True,2026-08-10T10:02:00,False,none
6012,3,3,2026-08-10T11:00:00,193523.536,123.889,1699.737,36979.992,23.02,98,estimated,True,2026-08-10T11:02:00,False,none
6013,3,3,2026-08-10T12:00:00,193651.566,128.03,1699.737,36979.992,23.76,98,estimated,True,2026-08-10T12:02:00,False,none
6014,3,3,2026-08-10T13:00:00,193821.365,169.799,1699.737,36979.992,24.24,98,estimated,True,2026-08-10T13:02:00,False,none
6015,3,3,2026-08-10T14:00:00,193939.922,118.557,1699.737,36979.992,24.97,98,estimated,True,2026-08-10T14:02:00,False,none
6016,3,3,2026-08-10T15:00:00,194105.392,165.47,1699.737,36979.992,24.67,98,estimated,True,2026-08-10T15:02:00,False,none
6017,3,3,2026-08-10T16:00:00,194263.516,158.124,1699.737,36979.992,25.07,98,estimated,True,2026-08-10T16:02:00,False,none
6018,3,3,2026-08-10T17:00:00,194363.786,100.27,1699.737,36979.992,25.06,98,estimated,True,2026-08-10T17:02:00,False,none
6019,3,3,2026-08-10T18:00:00,194416.222,52.436,1699.737,36979.992,24.6,98,estimated,True,2026-08-10T18:02:00,False,none
6020,3,3,2026-08-10T19:00:00,194440.375,24.153,1699.737,36979.992,22.18,98,estimated,True,2026-08-10T19:02:00,False,none
6021,3,3,2026-08-10T20:00:00,194455.966,15.591,1699.737,36979.992,20.45,98,estimated,True,2026-08-10T20:02:00,False,none
6022,3,3,2026-08-10T21:00:00,194463.618,7.652,1699.737,36979.992,20.7,98,estimated,True,2026-08-10T21:02:00,False,none
6023,3,3,2026-08-10T22:00:00,194470.669,7.051,1699.737,36979.992,18.68,98,estimated,True,2026-08-10T22:02:00,False,none
6024,3,3,2026-08-10T23:00:00,194473.622,2.953,1699.737,36979.992,17.18,98,estimated,True,2026-08-10T23:02:00,False,none
6025,3,3,2026-08-11T00:00:00,194477.722,4.1,1619.893,36979.992,16.5,98,estimated,True,2026-08-11T00:02:00,False,none
6026,3,3,2026-08-11T01:00:00,194482.257,4.535,1619.893,36979.992,15.63,98,estimated,True,2026-08-11T01:02:00,False,none
6027,3,3,2026-08-11T02:00:00,194486.371,4.114,1619.893,36979.992,15.86,98,estimated,True,2026-08-11T02:02:00,False,none
6028,3,3,2026-08-11T03:00:00,194491.309,4.938,1619.893,36979.992,15.19,98,estimated,True,2026-08-11T03:02:00,False,none
6029,3,3,2026-08-11T04:00:00,194495.174,3.865,1619.893,36979.992,15.51,98,estimated,True,2026-08-11T04:02:00,False,none
6030,3,3,2026-08-11T05:00:00,194504.46,9.286,1619.893,36979.992,15.83,98,estimated,True,2026-08-11T05:02:00,False,none
6031,3,3,2026-08-11T06:00:00,194529.547,25.087,1619.893,36979.992,16.13,98,estimated,True,2026-08-11T06:02:00,False,none
6032,3,3,2026-08-11T07:00:00,194593.21,63.663,1619.893,36979.992,18.19,98,estimated,True,2026-08-11T07:02:00,False,none
6033,3,3,2026-08-11T08:00:00,194743.375,150.165,1619.893,36979.992,18.9,98,estimated,True,2026-08-11T08:02:00,False,none
6034,3,3,2026-08-11T09:00:00,194913.895,170.52,1619.893,36979.992,19.9,98,estimated,True,2026-08-11T09:02:00,False,none
6035,3,3,2026-08-11T10:00:00,195050.292,136.397,1619.893,36979.992,21.48,98,estimated,True,2026-08-11T10:02:00,False,none
6036,3,3,2026-08-11T11:00:00,195178.869,128.577,1619.893,36979.992,22.8,98,estimated,True,2026-08-11T11:02:00,False,none
6037,3,3,2026-08-11T12:00:00,195307.059,128.19,1619.893,36979.992,24.03,98,estimated,True,2026-08-11T12:02:00,False,none
6038,3,3,2026-08-11T13:00:00,195484.66,177.601,1619.893,36979.992,24.38,98,estimated,True,2026-08-11T13:02:00,False,none
6039,3,3,2026-08-11T14:00:00,195621.189,136.529,1619.893,36979.992,25.15,98,estimated,True,2026-08-11T14:02:00,False,none
6040,3,3,2026-08-11T15:00:00,195758.669,137.48,1619.893,36979.992,24.71,98,estimated,True,2026-08-11T15:02:00,False,none
6041,3,3,2026-08-11T16:00:00,195894.994,136.325,1619.893,36979.992,25.11,98,estimated,True,2026-08-11T16:02:00,False,none
6042,3,3,2026-08-11T17:00:00,195984.913,89.919,1619.893,36979.992,24.11,98,estimated,True,2026-08-11T17:02:00,False,none
6043,3,3,2026-08-11T18:00:00,196036.054,51.141,1619.893,36979.992,23.77,98,estimated,True,2026-08-11T18:02:00,False,none
6044,3,3,2026-08-11T19:00:00,196062.31,26.256,1619.893,36979.992,23.48,98,estimated,True,2026-08-11T19:02:00,False,none
6045,3,3,2026-08-11T20:00:00,196073.545,11.235,1619.893,36979.992,22.14,98,estimated,True,2026-08-11T20:02:00,False,none
6046,3,3,2026-08-11T21:00:00,196081.087,7.542,1619.893,36979.992,19.49,98,estimated,True,2026-08-11T21:02:00,False,none
6047,3,3,2026-08-11T22:00:00,196089.527,8.44,1619.893,36979.992,19.3,98,estimated,True,2026-08-11T22:02:00,False,none
6048,3,3,2026-08-11T23:00:00,196093.515,3.988,1619.893,36979.992,17.31,98,estimated,True,2026-08-11T23:02:00,False,none
6049,3,3,2026-08-12T00:00:00,196096.423,2.908,1622.262,36979.992,16.19,98,estimated,True,2026-08-12T00:02:00,False,none
6050,3,3,2026-08-12T01:00:00,196100.958,4.535,1622.262,36979.992,16.15,98,estimated,True,2026-08-12T01:02:00,False,none
6051,3,3,2026-08-12T02:00:00,196104.195,3.237,1622.262,36979.992,15.37,98,estimated,True,2026-08-12T02:02:00,False,none
6052,3,3,2026-08-12T03:00:00,196108.149,3.954,1622.262,36979.992,15.85,98,estimated,True,2026-08-12T03:02:00,False,none
6053,3,3,2026-08-12T04:00:00,196111.342,3.193,1622.262,36979.992,15.58,98,estimated,True,2026-08-12T04:02:00,False,none
6054,3,3,2026-08-12T05:00:00,196120.36,9.018,1622.262,36979.992,15.79,98,estimated,True,2026-08-12T05:02:00,False,none
6055,3,3,2026-08-12T06:00:00,196142.549,22.189,1622.262,36979.992,16.79,98,estimated,True,2026-08-12T06:02:00,False,none
6056,3,3,2026-08-12T07:00:00,196202.802,60.253,1622.262,36979.992,17.89,98,estimated,True,2026-08-12T07:02:00,False,none
6057,3,3,2026-08-12T08:00:00,196344.124,141.322,1622.262,36979.992,18.98,98,estimated,True,2026-08-12T08:02:00,False,none
6058,3,3,2026-08-12T09:00:00,196506.727,162.603,1622.262,36979.992,20.29,98,estimated,True,2026-08-12T09:02:00,False,none
6059,3,3,2026-08-12T10:00:00,196646.106,139.379,1622.262,36979.992,20.98,98,estimated,True,2026-08-12T10:02:00,False,none
6060,3,3,2026-08-12T11:00:00,196808.771,162.665,1622.262,36979.992,21.81,98,estimated,True,2026-08-12T11:02:00,False,none
6061,3,3,2026-08-12T12:00:00,196962.303,153.532,1622.262,36979.992,24.06,98,estimated,True,2026-08-12T12:02:00,False,none
6062,3,3,2026-08-12T13:00:00,197075.759,113.456,1622.262,36979.992,24.65,98,estimated,True,2026-08-12T13:02:00,False,none
6063,3,3,2026-08-12T14:00:00,197235.813,160.054,1622.262,36979.992,24.61,98,estimated,True,2026-08-12T14:02:00,False,none
6064,3,3,2026-08-12T15:00:00,197379.986,144.173,1622.262,36979.992,25.25,98,estimated,True,2026-08-12T15:02:00,False,none
6065,3,3,2026-08-12T16:00:00,197510.874,130.888,1622.262,36979.992,25.17,98,estimated,True,2026-08-12T16:02:00,False,none
6066,3,3,2026-08-12T17:00:00,197607.42,96.546,1622.262,36979.992,24.57,98,estimated,True,2026-08-12T17:02:00,False,none
6067,3,3,2026-08-12T18:00:00,197657.0,49.58,1622.262,36979.992,24.12,98,estimated,True,2026-08-12T18:02:00,False,none
6068,3,3,2026-08-12T19:00:00,197680.723,23.723,1622.262,36979.992,22.16,98,estimated,True,2026-08-12T19:02:00,False,none
6069,3,3,2026-08-12T20:00:00,197695.353,14.63,1622.262,36979.992,21.35,98,estimated,True,2026-08-12T20:02:00,False,none
6070,3,3,2026-08-12T21:00:00,197703.872,8.519,1622.262,36979.992,20.18,98,estimated,True,2026-08-12T21:02:00,False,none
6071,3,3,2026-08-12T22:00:00,197711.5,7.628,1622.262,36979.992,18.4,98,estimated,True,2026-08-12T22:02:00,False,none
6072,3,3,2026-08-12T23:00:00,197715.777,4.277,1622.262,36979.992,17.43,98,estimated,True,2026-08-12T23:02:00,False,none
6073,3,3,2026-08-13T00:00:00,197720.541,4.764,1570.551,36979.992,17.35,98,estimated,True,2026-08-13T00:02:00,False,none
6074,3,3,2026-08-13T01:00:00,197723.482,2.941,1570.551,36979.992,15.31,98,estimated,True,2026-08-13T01:02:00,False,none
6075,3,3,2026-08-13T02:00:00,197726.869,3.387,1570.551,36979.992,15.44,98,estimated,True,2026-08-13T02:02:00,False,none
6076,3,3,2026-08-13T03:00:00,197731.26,4.391,1570.551,36979.992,15.55,98,estimated,True,2026-08-13T03:02:00,False,none
6077,3,3,2026-08-13T04:00:00,197735.051,3.791,1570.551,36979.992,15.53,98,estimated,True,2026-08-13T04:02:00,False,none
6078,3,3,2026-08-13T05:00:00,197746.737,11.686,1570.551,36979.992,16.66,98,estimated,True,2026-08-13T05:02:00,False,none
6079,3,3,2026-08-13T06:00:00,197769.444,22.707,1570.551,36979.992,16.64,98,estimated,True,2026-08-13T06:02:00,False,none
6080,3,3,2026-08-13T07:00:00,197836.981,67.537,1570.551,36979.992,17.83,98,estimated,True,2026-08-13T07:02:00,False,none
6081,3,3,2026-08-13T08:00:00,197958.248,121.267,1570.551,36979.992,18.66,98,estimated,True,2026-08-13T08:02:00,False,none
6082,3,3,2026-08-13T09:00:00,198127.29,169.042,1570.551,36979.992,19.84,98,estimated,True,2026-08-13T09:02:00,False,none
6083,3,3,2026-08-13T10:00:00,198241.627,114.337,1570.551,36979.992,21.38,98,estimated,True,2026-08-13T10:02:00,False,none
6084,3,3,2026-08-13T11:00:00,198389.08,147.453,1570.551,36979.992,22.97,98,estimated,True,2026-08-13T11:02:00,False,none
6085,3,3,2026-08-13T12:00:00,198534.742,145.662,1570.551,36979.992,24.37,98,estimated,True,2026-08-13T12:02:00,False,none
6086,3,3,2026-08-13T13:00:00,198646.431,111.689,1570.551,36979.992,24.03,98,estimated,True,2026-08-13T13:02:00,False,none
6087,3,3,2026-08-13T14:00:00,198791.512,145.081,1570.551,36979.992,24.83,98,estimated,True,2026-08-13T14:02:00,False,none
6088,3,3,2026-08-13T15:00:00,198939.487,147.975,1570.551,36979.992,25.67,98,estimated,True,2026-08-13T15:02:00,False,none
6089,3,3,2026-08-13T16:00:00,199049.413,109.926,1570.551,36979.992,25.57,98,estimated,True,2026-08-13T16:02:00,False,none
6090,3,3,2026-08-13T17:00:00,199163.024,113.611,1570.551,36979.992,25.01,98,estimated,True,2026-08-13T17:02:00,False,none
6091,3,3,2026-08-13T18:00:00,199223.604,60.58,1570.551,36979.992,23.02,98,estimated,True,2026-08-13T18:02:00,False,none
6092,3,3,2026-08-13T19:00:00,199250.975,27.371,1570.551,36979.992,22.83,98,estimated,True,2026-08-13T19:02:00,False,none
6093,3,3,2026-08-13T20:00:00,199266.046,15.071,1570.551,36979.992,21.24,98,estimated,True,2026-08-13T20:02:00,False,none
6094,3,3,2026-08-13T21:00:00,199275.63,9.584,1570.551,36979.992,19.82,98,estimated,True,2026-08-13T21:02:00,False,none
6095,3,3,2026-08-13T22:00:00,199281.786,6.156,1570.551,36979.992,19.33,98,estimated,True,2026-08-13T22:02:00,False,none
6096,3,3,2026-08-13T23:00:00,199286.328,4.542,1570.551,36979.992,18.58,98,estimated,True,2026-08-13T23:02:00,False,none
6097,3,3,2026-08-14T00:00:00,199289.463,3.135,1638.675,36979.992,17.13,98,estimated,True,2026-08-14T00:02:00,False,none
6098,3,3,2026-08-14T01:00:00,199292.84,3.377,1638.675,36979.992,16.92,98,estimated,True,2026-08-14T01:02:00,False,none
6099,3,3,2026-08-14T02:00:00,199296.401,3.561,1638.675,36979.992,15.99,98,estimated,True,2026-08-14T02:02:00,False,none
6100,3,3,2026-08-14T03:00:00,199301.389,4.988,1638.675,36979.992,15.16,98,estimated,True,2026-08-14T03:02:00,False,none
6101,3,3,2026-08-14T04:00:00,199304.729,3.34,1638.675,36979.992,15.99,98,estimated,True,2026-08-14T04:02:00,False,none
6102,3,3,2026-08-14T05:00:00,199314.535,9.806,1638.675,36979.992,16.51,98,estimated,True,2026-08-14T05:02:00,False,none
6103,3,3,2026-08-14T06:00:00,199340.498,25.963,1638.675,36979.992,16.49,98,estimated,True,2026-08-14T06:02:00,False,none
6104,3,3,2026-08-14T07:00:00,199404.981,64.483,1638.675,36979.992,17.32,98,estimated,True,2026-08-14T07:02:00,False,none
6105,3,3,2026-08-14T08:00:00,199530.12,125.139,1638.675,36979.992,19.3,98,estimated,True,2026-08-14T08:02:00,False,none
6106,3,3,2026-08-14T09:00:00,199695.987,165.867,1638.675,36979.992,20.51,98,estimated,True,2026-08-14T09:02:00,False,none
6107,3,3,2026-08-14T10:00:00,199878.085,182.098,1638.675,36979.992,21.62,98,estimated,True,2026-08-14T10:02:00,False,none
6108,3,3,2026-08-14T11:00:00,200030.334,152.249,1638.675,36979.992,22.81,98,estimated,True,2026-08-14T11:02:00,False,none
6109,3,3,2026-08-14T12:00:00,200182.981,152.647,1638.675,36979.992,24.4,98,estimated,True,2026-08-14T12:02:00,False,none
6110,3,3,2026-08-14T13:00:00,200314.442,131.461,1638.675,36979.992,25.05,98,estimated,True,2026-08-14T13:02:00,False,none
6111,3,3,2026-08-14T14:00:00,200454.754,140.312,1638.675,36979.992,25.44,98,estimated,True,2026-08-14T14:02:00,False,none
6112,3,3,2026-08-14T15:00:00,200601.612,146.858,1638.675,36979.992,24.89,98,estimated,True,2026-08-14T15:02:00,False,none
6113,3,3,2026-08-14T16:00:00,200744.718,143.106,1638.675,36979.992,24.87,98,estimated,True,2026-08-14T16:02:00,False,none
6114,3,3,2026-08-14T17:00:00,200825.409,80.691,1638.675,36979.992,25.06,98,estimated,True,2026-08-14T17:02:00,False,none
6115,3,3,2026-08-14T18:00:00,200868.533,43.124,1638.675,36979.992,23.61,98,estimated,True,2026-08-14T18:02:00,False,none
6116,3,3,2026-08-14T19:00:00,200896.102,27.569,1638.675,36979.992,22.72,98,estimated,True,2026-08-14T19:02:00,False,none
6117,3,3,2026-08-14T20:00:00,200908.248,12.146,1638.675,36979.992,21.6,98,estimated,True,2026-08-14T20:02:00,False,none
6118,3,3,2026-08-14T21:00:00,200914.552,6.304,1638.675,36979.992,20.92,98,estimated,True,2026-08-14T21:02:00,False,none
6119,3,3,2026-08-14T22:00:00,200921.068,6.516,1638.675,36979.992,19.61,98,estimated,True,2026-08-14T22:02:00,False,none
6120,3,3,2026-08-14T23:00:00,200925.003,3.935,1638.675,36979.992,17.87,98,estimated,True,2026-08-14T23:02:00,False,none
6121,3,3,2026-08-15T00:00:00,200925.003,0.0,354.113,36979.992,17.62,98,estimated,True,2026-08-15T00:02:00,False,none
6122,3,3,2026-08-15T01:00:00,200926.296,1.293,354.113,36979.992,16.21,98,estimated,True,2026-08-15T01:02:00,False,none
6123,3,3,2026-08-15T02:00:00,200926.431,0.135,354.113,36979.992,15.06,98,estimated,True,2026-08-15T02:02:00,False,none
6124,3,3,2026-08-15T03:00:00,200926.593,0.162,354.113,36979.992,15.48,98,estimated,True,2026-08-15T03:02:00,False,none
6125,3,3,2026-08-15T04:00:00,200927.184,0.591,354.113,36979.992,15.38,98,estimated,True,2026-08-15T04:02:00,False,none
6126,3,3,2026-08-15T05:00:00,200928.653,1.469,354.113,36979.992,16.47,98,estimated,True,2026-08-15T05:02:00,False,none
6127,3,3,2026-08-15T06:00:00,200932.212,3.559,354.113,36979.992,17.43,98,estimated,True,2026-08-15T06:02:00,False,none
6128,3,3,2026-08-15T07:00:00,200949.377,17.165,354.113,36979.992,17.54,98,estimated,True,2026-08-15T07:02:00,False,none
6129,3,3,2026-08-15T08:00:00,200972.874,23.497,354.113,36979.992,18.98,98,estimated,True,2026-08-15T08:02:00,False,none
6130,3,3,2026-08-15T09:00:00,201009.274,36.4,354.113,36979.992,19.84,98,estimated,True,2026-08-15T09:02:00,False,none
6131,3,3,2026-08-15T10:00:00,201041.378,32.104,354.113,36979.992,21.69,98,estimated,True,2026-08-15T10:02:00,False,none
6132,3,3,2026-08-15T11:00:00,201074.606,33.228,354.113,36979.992,22.97,98,estimated,True,2026-08-15T11:02:00,False,none
6133,3,3,2026-08-15T12:00:00,201110.333,35.727,354.113,36979.992,24.0,98,estimated,True,2026-08-15T12:02:00,False,none
6134,3,3,2026-08-15T13:00:00,201144.717,34.384,354.113,36979.992,24.92,98,estimated,True,2026-08-15T13:02:00,False,none
6135,3,3,2026-08-15T14:00:00,201175.949,31.232,354.113,36979.992,25.69,98,estimated,True,2026-08-15T14:02:00,False,none
6136,3,3,2026-08-15T15:00:00,201206.756,30.807,354.113,36979.992,25.3,98,estimated,True,2026-08-15T15:02:00,False,none
6137,3,3,2026-08-15T16:00:00,201231.101,24.345,354.113,36979.992,25.57,98,estimated,True,2026-08-15T16:02:00,False,none
6138,3,3,2026-08-15T17:00:00,201255.116,24.015,354.113,36979.992,24.93,98,estimated,True,2026-08-15T17:02:00,False,none
6139,3,3,2026-08-15T18:00:00,201266.644,11.528,354.113,36979.992,24.9,98,estimated,True,2026-08-15T18:02:00,False,none
6140,3,3,2026-08-15T19:00:00,201271.369,4.725,354.113,36979.992,23.78,98,estimated,True,2026-08-15T19:02:00,False,none
6141,3,3,2026-08-15T20:00:00,201275.054,3.685,354.113,36979.992,22.11,98,estimated,True,2026-08-15T20:02:00,False,none
6142,3,3,2026-08-15T21:00:00,201276.408,1.354,354.113,36979.992,20.18,98,estimated,True,2026-08-15T21:02:00,False,none
6143,3,3,2026-08-15T22:00:00,201277.022,0.614,354.113,36979.992,19.94,98,estimated,True,2026-08-15T22:02:00,False,none
6144,3,3,2026-08-15T23:00:00,201279.116,2.094,354.113,36979.992,17.5,98,estimated,True,2026-08-15T23:02:00,False,none
6145,3,3,2026-08-16T00:00:00,201280.333,1.217,359.88,36979.992,17.63,98,estimated,True,2026-08-16T00:02:00,False,none
6146,3,3,2026-08-16T01:00:00,201280.854,0.521,359.88,36979.992,16.34,98,estimated,True,2026-08-16T01:02:00,False,none
6147,3,3,2026-08-16T02:00:00,201282.989,2.135,359.88,36979.992,15.97,98,estimated,True,2026-08-16T02:02:00,False,none
6148,3,3,2026-08-16T03:00:00,201285.594,2.605,359.88,36979.992,15.78,98,estimated,True,2026-08-16T03:02:00,False,none
6149,3,3,2026-08-16T04:00:00,201286.45,0.856,359.88,36979.992,15.5,98,estimated,True,2026-08-16T04:02:00,False,none
6150,3,3,2026-08-16T05:00:00,201287.325,0.875,359.88,36979.992,16.2,98,estimated,True,2026-08-16T05:02:00,False,none
6151,3,3,2026-08-16T06:00:00,201292.016,4.691,359.88,36979.992,17.09,98,estimated,True,2026-08-16T06:02:00,False,none
6152,3,3,2026-08-16T07:00:00,201309.589,17.573,359.88,36979.992,18.39,98,estimated,True,2026-08-16T07:02:00,False,none
6153,3,3,2026-08-16T08:00:00,201341.321,31.732,359.88,36979.992,19.58,98,estimated,True,2026-08-16T08:02:00,False,none
6154,3,3,2026-08-16T09:00:00,201380.054,38.733,359.88,36979.992,20.71,98,estimated,True,2026-08-16T09:02:00,False,none
6155,3,3,2026-08-16T10:00:00,201415.276,35.222,359.88,36979.992,22.94,98,estimated,True,2026-08-16T10:02:00,False,none
6156,3,3,2026-08-16T11:00:00,201442.951,27.675,359.88,36979.992,22.79,98,estimated,True,2026-08-16T11:02:00,False,none
6157,3,3,2026-08-16T12:00:00,201472.362,29.411,359.88,36979.992,24.33,98,estimated,True,2026-08-16T12:02:00,False,none
6158,3,3,2026-08-16T13:00:00,201504.544,32.182,359.88,36979.992,25.29,98,estimated,True,2026-08-16T13:02:00,False,none
6159,3,3,2026-08-16T14:00:00,201533.518,28.974,359.88,36979.992,25.52,98,estimated,True,2026-08-16T14:02:00,False,none
6160,3,3,2026-08-16T15:00:00,201569.739,36.221,359.88,36979.992,25.84,98,estimated,True,2026-08-16T15:02:00,False,none
6161,3,3,2026-08-16T16:00:00,201597.557,27.818,359.88,36979.992,25.92,98,estimated,True,2026-08-16T16:02:00,False,none
6162,3,3,2026-08-16T17:00:00,201617.539,19.982,359.88,36979.992,25.43,98,estimated,True,2026-08-16T17:02:00,False,none
6163,3,3,2026-08-16T18:00:00,201627.057,9.518,359.88,36979.992,24.02,98,estimated,True,2026-08-16T18:02:00,False,none
6164,3,3,2026-08-16T19:00:00,201631.948,4.891,359.88,36979.992,23.13,98,estimated,True,2026-08-16T19:02:00,False,none
6165,3,3,2026-08-16T20:00:00,201634.182,2.234,359.88,36979.992,22.46,98,estimated,True,2026-08-16T20:02:00,False,none
6166,3,3,2026-08-16T21:00:00,201637.479,3.297,359.88,36979.992,20.36,98,estimated,True,2026-08-16T21:02:00,False,none
6167,3,3,2026-08-16T22:00:00,201638.996,1.517,359.88,36979.992,19.21,98,estimated,True,2026-08-16T22:02:00,False,none
6168,3,3,2026-08-16T23:00:00,201638.996,0.0,359.88,36979.992,18.36,98,estimated,True,2026-08-16T23:02:00,False,none
6169,3,3,2026-08-17T00:00:00,201643.863,4.867,1615.503,36979.992,17.81,98,estimated,True,2026-08-17T00:02:00,False,none
6170,3,3,2026-08-17T01:00:00,201647.676,3.813,1615.503,36979.992,17.14,98,estimated,True,2026-08-17T01:02:00,False,none
6171,3,3,2026-08-17T02:00:00,201652.064,4.388,1615.503,36979.992,16.06,98,estimated,True,2026-08-17T02:02:00,False,none
6172,3,3,2026-08-17T03:00:00,201655.257,3.193,1615.503,36979.992,15.95,98,estimated,True,2026-08-17T03:02:00,False,none
6173,3,3,2026-08-17T04:00:00,201658.473,3.216,1615.503,36979.992,16.06,98,estimated,True,2026-08-17T04:02:00,False,none
6174,3,3,2026-08-17T05:00:00,201664.961,6.488,1615.503,36979.992,16.66,98,estimated,True,2026-08-17T05:02:00,False,none
6175,3,3,2026-08-17T06:00:00,201688.885,23.924,1615.503,36979.992,16.57,98,estimated,True,2026-08-17T06:02:00,False,none
6176,3,3,2026-08-17T07:00:00,201750.331,61.446,1615.503,36979.992,18.13,98,estimated,True,2026-08-17T07:02:00,False,none
6177,3,3,2026-08-17T08:00:00,201895.231,144.9,1615.503,36979.992,20.06,98,estimated,True,2026-08-17T08:02:00,False,none
6178,3,3,2026-08-17T09:00:00,202053.218,157.987,1615.503,36979.992,21.2,98,estimated,True,2026-08-17T09:02:00,False,none
6179,3,3,2026-08-17T10:00:00,202206.768,153.55,1615.503,36979.992,23.21,98,estimated,True,2026-08-17T10:02:00,False,none
6180,3,3,2026-08-17T11:00:00,202353.81,147.042,1615.503,36979.992,24.05,98,estimated,True,2026-08-17T11:02:00,False,none
6181,3,3,2026-08-17T12:00:00,202501.307,147.497,1615.503,36979.992,23.72,98,estimated,True,2026-08-17T12:02:00,False,none
6182,3,3,2026-08-17T13:00:00,202634.559,133.252,1615.503,36979.992,25.3,98,estimated,True,2026-08-17T13:02:00,False,none
6183,3,3,2026-08-17T14:00:00,202790.941,156.382,1615.503,36979.992,25.31,98,estimated,True,2026-08-17T14:02:00,False,none
6184,3,3,2026-08-17T15:00:00,202895.155,104.214,1615.503,36979.992,25.99,98,estimated,True,2026-08-17T15:02:00,False,none
6185,3,3,2026-08-17T16:00:00,203018.35,123.195,1615.503,36979.992,26.1,98,estimated,True,2026-08-17T16:02:00,False,none
6186,3,3,2026-08-17T17:00:00,203134.723,116.373,1615.503,36979.992,24.65,98,estimated,True,2026-08-17T17:02:00,False,none
6187,3,3,2026-08-17T18:00:00,203194.635,59.912,1615.503,36979.992,24.37,98,estimated,True,2026-08-17T18:02:00,False,none
6188,3,3,2026-08-17T19:00:00,203220.771,26.136,1615.503,36979.992,23.52,98,estimated,True,2026-08-17T19:02:00,False,none
6189,3,3,2026-08-17T20:00:00,203234.599,13.828,1615.503,36979.992,22.08,98,estimated,True,2026-08-17T20:02:00,False,none
6190,3,3,2026-08-17T21:00:00,203242.421,7.822,1615.503,36979.992,20.68,98,estimated,True,2026-08-17T21:02:00,False,none
6191,3,3,2026-08-17T22:00:00,203249.271,6.85,1615.503,36979.992,19.8,98,estimated,True,2026-08-17T22:02:00,False,none
6192,3,3,2026-08-17T23:00:00,203254.499,5.228,1615.503,36979.992,18.36,98,estimated,True,2026-08-17T23:02:00,False,none
6193,3,3,2026-08-18T00:00:00,203258.868,4.369,1812.823,36979.992,17.45,98,estimated,True,2026-08-18T00:02:00,False,none
6194,3,3,2026-08-18T01:00:00,203263.569,4.701,1812.823,36979.992,16.46,98,estimated,True,2026-08-18T01:02:00,False,none
6195,3,3,2026-08-18T02:00:00,203268.646,5.077,1812.823,36979.992,16.34,98,estimated,True,2026-08-18T02:02:00,False,none
6196,3,3,2026-08-18T03:00:00,203272.637,3.991,1812.823,36979.992,15.8,98,estimated,True,2026-08-18T03:02:00,False,none
6197,3,3,2026-08-18T04:00:00,203277.196,4.559,1812.823,36979.992,16.51,98,estimated,True,2026-08-18T04:02:00,False,none
6198,3,3,2026-08-18T05:00:00,203287.276,10.08,1812.823,36979.992,16.33,98,estimated,True,2026-08-18T05:02:00,False,none
6199,3,3,2026-08-18T06:00:00,203311.11,23.834,1812.823,36979.992,16.81,98,estimated,True,2026-08-18T06:02:00,False,none
6200,3,3,2026-08-18T07:00:00,203396.594,85.484,1812.823,36979.992,18.02,98,estimated,True,2026-08-18T07:02:00,False,none
6201,3,3,2026-08-18T08:00:00,203555.291,158.697,1812.823,36979.992,19.12,98,estimated,True,2026-08-18T08:02:00,False,none
6202,3,3,2026-08-18T09:00:00,203709.403,154.112,1812.823,36979.992,20.99,98,estimated,True,2026-08-18T09:02:00,False,none
6203,3,3,2026-08-18T10:00:00,203887.517,178.114,1812.823,36979.992,22.4,98,estimated,True,2026-08-18T10:02:00,False,none
6204,3,3,2026-08-18T11:00:00,204021.148,133.631,1812.823,36979.992,23.17,98,estimated,True,2026-08-18T11:02:00,False,none
6205,3,3,2026-08-18T12:00:00,204132.003,110.855,1812.823,36979.992,24.82,98,estimated,True,2026-08-18T12:02:00,False,none
6206,3,3,2026-08-18T13:00:00,204340.133,208.13,1812.823,36979.992,25.12,98,estimated,True,2026-08-18T13:02:00,False,none
6207,3,3,2026-08-18T14:00:00,204518.583,178.45,1812.823,36979.992,25.47,98,estimated,True,2026-08-18T14:02:00,False,none
6208,3,3,2026-08-18T15:00:00,204675.765,157.182,1812.823,36979.992,25.79,98,estimated,True,2026-08-18T15:02:00,False,none
6209,3,3,2026-08-18T16:00:00,204824.534,148.769,1812.823,36979.992,26.12,98,estimated,True,2026-08-18T16:02:00,False,none
6210,3,3,2026-08-18T17:00:00,204954.054,129.52,1812.823,36979.992,25.28,98,estimated,True,2026-08-18T17:02:00,False,none
6211,3,3,2026-08-18T18:00:00,205007.806,53.752,1812.823,36979.992,24.33,98,estimated,True,2026-08-18T18:02:00,False,none
6212,3,3,2026-08-18T19:00:00,205030.428,22.622,1812.823,36979.992,23.63,98,estimated,True,2026-08-18T19:02:00,False,none
6213,3,3,2026-08-18T20:00:00,205043.752,13.324,1812.823,36979.992,22.21,98,estimated,True,2026-08-18T20:02:00,False,none
6214,3,3,2026-08-18T21:00:00,205055.018,11.266,1812.823,36979.992,20.85,98,estimated,True,2026-08-18T21:02:00,False,none
6215,3,3,2026-08-18T22:00:00,205062.976,7.958,1812.823,36979.992,19.4,98,estimated,True,2026-08-18T22:02:00,False,none
6216,3,3,2026-08-18T23:00:00,205067.322,4.346,1812.823,36979.992,18.87,98,estimated,True,2026-08-18T23:02:00,False,none
6217,3,3,2026-08-19T00:00:00,205071.064,3.742,1738.512,36979.992,17.34,98,estimated,True,2026-08-19T00:02:00,False,none
6218,3,3,2026-08-19T01:00:00,205073.992,2.928,1738.512,36979.992,16.68,98,estimated,True,2026-08-19T01:02:00,False,none
6219,3,3,2026-08-19T02:00:00,205077.163,3.171,1738.512,36979.992,15.99,98,estimated,True,2026-08-19T02:02:00,False,none
6220,3,3,2026-08-19T03:00:00,205082.015,4.852,1738.512,36979.992,16.76,98,estimated,True,2026-08-19T03:02:00,False,none
6221,3,3,2026-08-19T04:00:00,205086.843,4.828,1738.512,36979.992,16.71,98,estimated,True,2026-08-19T04:02:00,False,none
6222,3,3,2026-08-19T05:00:00,205097.084,10.241,1738.512,36979.992,16.96,98,estimated,True,2026-08-19T05:02:00,False,none
6223,3,3,2026-08-19T06:00:00,205119.147,22.063,1738.512,36979.992,17.44,98,estimated,True,2026-08-19T06:02:00,False,none
6224,3,3,2026-08-19T07:00:00,205177.804,58.657,1738.512,36979.992,19.02,98,estimated,True,2026-08-19T07:02:00,False,none
6225,3,3,2026-08-19T08:00:00,205317.701,139.897,1738.512,36979.992,21.17,98,estimated,True,2026-08-19T08:02:00,False,none
6226,3,3,2026-08-19T09:00:00,205503.218,185.517,1738.512,36979.992,21.28,98,estimated,True,2026-08-19T09:02:00,False,none
6227,3,3,2026-08-19T10:00:00,205669.535,166.317,1738.512,36979.992,22.88,98,estimated,True,2026-08-19T10:02:00,False,none
6228,3,3,2026-08-19T11:00:00,205790.93,121.395,1738.512,36979.992,23.77,98,estimated,True,2026-08-19T11:02:00,False,none
6229,3,3,2026-08-19T12:00:00,205939.002,148.072,1738.512,36979.992,24.53,98,estimated,True,2026-08-19T12:02:00,False,none
6230,3,3,2026-08-19T13:00:00,206113.837,174.835,1738.512,36979.992,25.73,98,estimated,True,2026-08-19T13:02:00,False,none
6231,3,3,2026-08-19T14:00:00,206244.573,130.736,1738.512,36979.992,26.0,98,estimated,True,2026-08-19T14:02:00,False,none
6232,3,3,2026-08-19T15:00:00,206420.456,175.883,1738.512,36979.992,26.64,98,estimated,True,2026-08-19T15:02:00,False,none
6233,3,3,2026-08-19T16:00:00,206549.646,129.19,1738.512,36979.992,26.41,98,estimated,True,2026-08-19T16:02:00,False,none
6234,3,3,2026-08-19T17:00:00,206697.235,147.589,1738.512,36979.992,25.97,98,estimated,True,2026-08-19T17:02:00,False,none
6235,3,3,2026-08-19T18:00:00,206741.288,44.053,1738.512,36979.992,24.8,98,estimated,True,2026-08-19T18:02:00,False,none
6236,3,3,2026-08-19T19:00:00,206769.391,28.103,1738.512,36979.992,23.49,98,estimated,True,2026-08-19T19:02:00,False,none
6237,3,3,2026-08-19T20:00:00,206782.727,13.336,1738.512,36979.992,21.87,98,estimated,True,2026-08-19T20:02:00,False,none
6238,3,3,2026-08-19T21:00:00,206793.046,10.319,1738.512,36979.992,21.37,98,estimated,True,2026-08-19T21:02:00,False,none
6239,3,3,2026-08-19T22:00:00,206800.74,7.694,1738.512,36979.992,20.45,98,estimated,True,2026-08-19T22:02:00,False,none
6240,3,3,2026-08-19T23:00:00,206805.834,5.094,1738.512,36979.992,17.86,98,estimated,True,2026-08-19T23:02:00,False,none
6241,3,3,2026-08-20T00:00:00,206810.396,4.562,1714.404,36979.992,18.18,98,estimated,True,2026-08-20T00:02:00,False,none
6242,3,3,2026-08-20T01:00:00,206814.131,3.735,1714.404,36979.992,16.41,98,estimated,True,2026-08-20T01:02:00,False,none
6243,3,3,2026-08-20T02:00:00,206816.876,2.745,1714.404,36979.992,16.13,98,estimated,True,2026-08-20T02:02:00,False,none
6244,3,3,2026-08-20T03:00:00,206820.595,3.719,1714.404,36979.992,16.43,98,estimated,True,2026-08-20T03:02:00,False,none
6245,3,3,2026-08-20T04:00:00,206824.817,4.222,1714.404,36979.992,17.65,98,estimated,True,2026-08-20T04:02:00,False,none
6246,3,3,2026-08-20T05:00:00,206831.89,7.073,1714.404,36979.992,17.62,98,estimated,True,2026-08-20T05:02:00,False,none
6247,3,3,2026-08-20T06:00:00,206853.928,22.038,1714.404,36979.992,17.68,98,estimated,True,2026-08-20T06:02:00,False,none
6248,3,3,2026-08-20T07:00:00,206920.106,66.178,1714.404,36979.992,18.57,98,estimated,True,2026-08-20T07:02:00,False,none
6249,3,3,2026-08-20T08:00:00,207055.612,135.506,1714.404,36979.992,20.05,98,estimated,True,2026-08-20T08:02:00,False,none
6250,3,3,2026-08-20T09:00:00,207224.132,168.52,1714.404,36979.992,22.17,98,estimated,True,2026-08-20T09:02:00,False,none
6251,3,3,2026-08-20T10:00:00,207400.414,176.282,1714.404,36979.992,22.91,98,estimated,True,2026-08-20T10:02:00,False,none
6252,3,3,2026-08-20T11:00:00,207547.073,146.659,1714.404,36979.992,24.17,98,estimated,True,2026-08-20T11:02:00,False,none
6253,3,3,2026-08-20T12:00:00,207689.283,142.21,1714.404,36979.992,24.84,98,estimated,True,2026-08-20T12:02:00,False,none
6254,3,3,2026-08-20T13:00:00,207863.143,173.86,1714.404,36979.992,26.22,98,estimated,True,2026-08-20T13:02:00,False,none
6255,3,3,2026-08-20T14:00:00,208034.99,171.847,1714.404,36979.992,26.16,98,estimated,True,2026-08-20T14:02:00,False,none
6256,3,3,2026-08-20T15:00:00,208184.766,149.776,1714.404,36979.992,26.35,98,estimated,True,2026-08-20T15:02:00,False,none
6257,3,3,2026-08-20T16:00:00,208312.801,128.035,1714.404,36979.992,26.07,98,estimated,True,2026-08-20T16:02:00,False,none
6258,3,3,2026-08-20T17:00:00,208419.159,106.358,1714.404,36979.992,26.3,98,estimated,True,2026-08-20T17:02:00,False,none
6259,3,3,2026-08-20T18:00:00,208462.362,43.203,1714.404,36979.992,25.02,98,estimated,True,2026-08-20T18:02:00,False,none
6260,3,3,2026-08-20T19:00:00,208487.746,25.384,1714.404,36979.992,23.81,98,estimated,True,2026-08-20T19:02:00,False,none
6261,3,3,2026-08-20T20:00:00,208500.851,13.105,1714.404,36979.992,22.39,98,estimated,True,2026-08-20T20:02:00,False,none
6262,3,3,2026-08-20T21:00:00,208509.648,8.797,1714.404,36979.992,21.26,98,estimated,True,2026-08-20T21:02:00,False,none
6263,3,3,2026-08-20T22:00:00,208515.819,6.171,1714.404,36979.992,20.18,98,estimated,True,2026-08-20T22:02:00,False,none
6264,3,3,2026-08-20T23:00:00,208520.238,4.419,1714.404,36979.992,18.77,98,estimated,True,2026-08-20T23:02:00,False,none
6265,3,3,2026-08-21T00:00:00,208524.8,4.562,1628.578,36979.992,18.59,98,estimated,True,2026-08-21T00:02:00,False,none
6266,3,3,2026-08-21T01:00:00,208529.476,4.676,1628.578,36979.992,17.05,98,estimated,True,2026-08-21T01:02:00,False,none
6267,3,3,2026-08-21T02:00:00,208534.566,5.09,1628.578,36979.992,17.5,98,estimated,True,2026-08-21T02:02:00,False,none
6268,3,3,2026-08-21T03:00:00,208539.503,4.937,1628.578,36979.992,16.87,98,estimated,True,2026-08-21T03:02:00,False,none
6269,3,3,2026-08-21T04:00:00,208544.72,5.217,1628.578,36979.992,17.4,98,estimated,True,2026-08-21T04:02:00,False,none
6270,3,3,2026-08-21T05:00:00,208554.551,9.831,1628.578,36979.992,17.55,98,estimated,True,2026-08-21T05:02:00,False,none
6271,3,3,2026-08-21T06:00:00,208572.408,17.857,1628.578,36979.992,17.68,98,estimated,True,2026-08-21T06:02:00,False,none
6272,3,3,2026-08-21T07:00:00,208642.692,70.284,1628.578,36979.992,19.21,98,estimated,True,2026-08-21T07:02:00,False,none
6273,3,3,2026-08-21T08:00:00,208795.928,153.236,1628.578,36979.992,20.14,98,estimated,True,2026-08-21T08:02:00,False,none
6274,3,3,2026-08-21T09:00:00,208946.786,150.858,1628.578,36979.992,20.9,98,estimated,True,2026-08-21T09:02:00,False,none
6275,3,3,2026-08-21T10:00:00,209079.837,133.051,1628.578,36979.992,22.75,98,estimated,True,2026-08-21T10:02:00,False,none
6276,3,3,2026-08-21T11:00:00,209203.809,123.972,1628.578,36979.992,24.75,98,estimated,True,2026-08-21T11:02:00,False,none
6277,3,3,2026-08-21T12:00:00,209358.419,154.61,1628.578,36979.992,24.95,98,estimated,True,2026-08-21T12:02:00,False,none
6278,3,3,2026-08-21T13:00:00,209491.265,132.846,1628.578,36979.992,26.24,98,estimated,True,2026-08-21T13:02:00,False,none
6279,3,3,2026-08-21T14:00:00,209656.0,164.735,1628.578,36979.992,26.75,98,estimated,True,2026-08-21T14:02:00,False,none
6280,3,3,2026-08-21T15:00:00,209816.221,160.221,1628.578,36979.992,27.58,98,estimated,True,2026-08-21T15:02:00,False,none
6281,3,3,2026-08-21T16:00:00,209934.478,118.257,1628.578,36979.992,26.42,98,estimated,True,2026-08-21T16:02:00,False,none
6282,3,3,2026-08-21T17:00:00,210028.681,94.203,1628.578,36979.992,25.68,98,estimated,True,2026-08-21T17:02:00,False,none
6283,3,3,2026-08-21T18:00:00,210081.076,52.395,1628.578,36979.992,25.73,98,estimated,True,2026-08-21T18:02:00,False,none
6284,3,3,2026-08-21T19:00:00,210111.967,30.891,1628.578,36979.992,24.37,98,estimated,True,2026-08-21T19:02:00,False,none
6285,3,3,2026-08-21T20:00:00,210127.043,15.076,1628.578,36979.992,22.0,98,estimated,True,2026-08-21T20:02:00,False,none
6286,3,3,2026-08-21T21:00:00,210136.212,9.169,1628.578,36979.992,21.67,98,estimated,True,2026-08-21T21:02:00,False,none
6287,3,3,2026-08-21T22:00:00,210142.551,6.339,1628.578,36979.992,20.02,98,estimated,True,2026-08-21T22:02:00,False,none
6288,3,3,2026-08-21T23:00:00,210148.816,6.265,1628.578,36979.992,19.34,98,estimated,True,2026-08-21T23:02:00,False,none
6289,3,3,2026-08-22T00:00:00,210150.7,1.884,329.909,36979.992,18.75,98,estimated,True,2026-08-22T00:02:00,False,none
6290,3,3,2026-08-22T01:00:00,210151.091,0.391,329.909,36979.992,17.47,98,estimated,True,2026-08-22T01:02:00,False,none
6291,3,3,2026-08-22T02:00:00,210151.572,0.481,329.909,36979.992,16.74,98,estimated,True,2026-08-22T02:02:00,False,none
6292,3,3,2026-08-22T03:00:00,210151.863,0.291,329.909,36979.992,16.06,98,estimated,True,2026-08-22T03:02:00,False,none
6293,3,3,2026-08-22T04:00:00,210152.594,0.731,329.909,36979.992,16.83,98,estimated,True,2026-08-22T04:02:00,False,none
6294,3,3,2026-08-22T05:00:00,210154.627,2.033,329.909,36979.992,17.6,98,estimated,True,2026-08-22T05:02:00,False,none
6295,3,3,2026-08-22T06:00:00,210158.519,3.892,329.909,36979.992,18.34,98,estimated,True,2026-08-22T06:02:00,False,none
6296,3,3,2026-08-22T07:00:00,210171.498,12.979,329.909,36979.992,18.59,98,estimated,True,2026-08-22T07:02:00,False,none
6297,3,3,2026-08-22T08:00:00,210200.941,29.443,329.909,36979.992,20.2,98,estimated,True,2026-08-22T08:02:00,False,none
6298,3,3,2026-08-22T09:00:00,210236.813,35.872,329.909,36979.992,22.24,98,estimated,True,2026-08-22T09:02:00,False,none
6299,3,3,2026-08-22T10:00:00,210269.394,32.581,329.909,36979.992,23.48,98,estimated,True,2026-08-22T10:02:00,False,none
6300,3,3,2026-08-22T11:00:00,210296.364,26.97,329.909,36979.992,24.17,98,estimated,True,2026-08-22T11:02:00,False,none
6301,3,3,2026-08-22T12:00:00,210327.567,31.203,329.909,36979.992,24.81,98,estimated,True,2026-08-22T12:02:00,False,none
6302,3,3,2026-08-22T13:00:00,210353.576,26.009,329.909,36979.992,26.14,98,estimated,True,2026-08-22T13:02:00,False,none
6303,3,3,2026-08-22T14:00:00,210381.895,28.319,329.909,36979.992,26.38,98,estimated,True,2026-08-22T14:02:00,False,none
6304,3,3,2026-08-22T15:00:00,210415.918,34.023,329.909,36979.992,26.9,98,estimated,True,2026-08-22T15:02:00,False,none
6305,3,3,2026-08-22T16:00:00,210435.21,19.292,329.909,36979.992,26.57,98,estimated,True,2026-08-22T16:02:00,False,none
6306,3,3,2026-08-22T17:00:00,210455.784,20.574,329.909,36979.992,26.13,98,estimated,True,2026-08-22T17:02:00,False,none
6307,3,3,2026-08-22T18:00:00,210465.453,9.669,329.909,36979.992,25.33,98,estimated,True,2026-08-22T18:02:00,False,none
6308,3,3,2026-08-22T19:00:00,210470.734,5.281,329.909,36979.992,24.47,98,estimated,True,2026-08-22T19:02:00,False,none
6309,3,3,2026-08-22T20:00:00,210473.678,2.944,329.909,36979.992,23.16,98,estimated,True,2026-08-22T20:02:00,False,none
6310,3,3,2026-08-22T21:00:00,210475.031,1.353,329.909,36979.992,21.71,98,estimated,True,2026-08-22T21:02:00,False,none
6311,3,3,2026-08-22T22:00:00,210476.873,1.842,329.909,36979.992,21.14,98,estimated,True,2026-08-22T22:02:00,False,none
6312,3,3,2026-08-22T23:00:00,210478.725,1.852,329.909,36979.992,19.71,98,estimated,True,2026-08-22T23:02:00,False,none
6313,3,3,2026-08-23T00:00:00,210480.339,1.614,339.879,36979.992,18.8,98,estimated,True,2026-08-23T00:02:00,False,none
6314,3,3,2026-08-23T01:00:00,210481.374,1.035,339.879,36979.992,17.16,98,estimated,True,2026-08-23T01:02:00,False,none
6315,3,3,2026-08-23T02:00:00,210483.588,2.214,339.879,36979.992,17.22,98,estimated,True,2026-08-23T02:02:00,False,none
6316,3,3,2026-08-23T03:00:00,210483.955,0.367,339.879,36979.992,17.49,98,estimated,True,2026-08-23T03:02:00,False,none
6317,3,3,2026-08-23T04:00:00,210484.961,1.006,339.879,36979.992,17.44,98,estimated,True,2026-08-23T04:02:00,False,none
6318,3,3,2026-08-23T05:00:00,210485.889,0.928,339.879,36979.992,17.97,98,estimated,True,2026-08-23T05:02:00,False,none
6319,3,3,2026-08-23T06:00:00,210490.063,4.174,339.879,36979.992,18.73,98,estimated,True,2026-08-23T06:02:00,False,none
6320,3,3,2026-08-23T07:00:00,210502.793,12.73,339.879,36979.992,19.74,98,estimated,True,2026-08-23T07:02:00,False,none
6321,3,3,2026-08-23T08:00:00,210534.605,31.812,339.879,36979.992,20.59,98,estimated,True,2026-08-23T08:02:00,False,none
6322,3,3,2026-08-23T09:00:00,210563.063,28.458,339.879,36979.992,21.7,98,estimated,True,2026-08-23T09:02:00,False,none
6323,3,3,2026-08-23T10:00:00,210593.108,30.045,339.879,36979.992,23.4,98,estimated,True,2026-08-23T10:02:00,False,none
6324,3,3,2026-08-23T11:00:00,210623.108,30.0,339.879,36979.992,24.27,98,estimated,True,2026-08-23T11:02:00,False,none
6325,3,3,2026-08-23T12:00:00,210647.619,24.511,339.879,36979.992,25.06,98,estimated,True,2026-08-23T12:02:00,False,none
6326,3,3,2026-08-23T13:00:00,210680.616,32.997,339.879,36979.992,27.27,98,estimated,True,2026-08-23T13:02:00,False,none
6327,3,3,2026-08-23T14:00:00,210713.988,33.372,339.879,36979.992,26.65,98,estimated,True,2026-08-23T14:02:00,False,none
6328,3,3,2026-08-23T15:00:00,210748.045,34.057,339.879,36979.992,27.35,98,estimated,True,2026-08-23T15:02:00,False,none
6329,3,3,2026-08-23T16:00:00,210777.775,29.73,339.879,36979.992,26.9,98,estimated,True,2026-08-23T16:02:00,False,none
6330,3,3,2026-08-23T17:00:00,210796.037,18.262,339.879,36979.992,25.64,98,estimated,True,2026-08-23T17:02:00,False,none
6331,3,3,2026-08-23T18:00:00,210806.907,10.87,339.879,36979.992,25.72,98,estimated,True,2026-08-23T18:02:00,False,none
6332,3,3,2026-08-23T19:00:00,210812.343,5.436,339.879,36979.992,24.26,98,estimated,True,2026-08-23T19:02:00,False,none
6333,3,3,2026-08-23T20:00:00,210814.736,2.393,339.879,36979.992,23.17,98,estimated,True,2026-08-23T20:02:00,False,none
6334,3,3,2026-08-23T21:00:00,210817.206,2.47,339.879,36979.992,22.53,98,estimated,True,2026-08-23T21:02:00,False,none
6335,3,3,2026-08-23T22:00:00,210817.754,0.548,339.879,36979.992,20.43,98,estimated,True,2026-08-23T22:02:00,False,none
6336,3,3,2026-08-23T23:00:00,210818.604,0.85,339.879,36979.992,19.46,98,estimated,True,2026-08-23T23:02:00,False,none
6337,3,3,2026-08-24T00:00:00,210823.793,5.189,1686.668,36979.992,18.57,98,estimated,True,2026-08-24T00:02:00,False,none
6338,3,3,2026-08-24T01:00:00,210828.475,4.682,1686.668,36979.992,18.18,98,estimated,True,2026-08-24T01:02:00,False,none
6339,3,3,2026-08-24T02:00:00,210833.766,5.291,1686.668,36979.992,17.04,98,estimated,True,2026-08-24T02:02:00,False,none
6340,3,3,2026-08-24T03:00:00,210838.79,5.024,1686.668,36979.992,16.24,98,estimated,True,2026-08-24T03:02:00,False,none
6341,3,3,2026-08-24T04:00:00,210842.801,4.011,1686.668,36979.992,17.92,98,estimated,True,2026-08-24T04:02:00,False,none
6342,3,3,2026-08-24T05:00:00,210851.449,8.648,1686.668,36979.992,18.55,98,estimated,True,2026-08-24T05:02:00,False,none
6343,3,3,2026-08-24T06:00:00,210874.121,22.672,1686.668,36979.992,18.86,98,estimated,True,2026-08-24T06:02:00,False,none
6344,3,3,2026-08-24T07:00:00,210955.077,80.956,1686.668,36979.992,21.15,98,estimated,True,2026-08-24T07:02:00,False,none
6345,3,3,2026-08-24T08:00:00,211079.225,124.148,1686.668,36979.992,21.36,98,estimated,True,2026-08-24T08:02:00,False,none
6346,3,3,2026-08-24T09:00:00,211224.699,145.474,1686.668,36979.992,22.43,98,estimated,True,2026-08-24T09:02:00,False,none
6347,3,3,2026-08-24T10:00:00,211393.05,168.351,1686.668,36979.992,24.0,98,estimated,True,2026-08-24T10:02:00,False,none
6348,3,3,2026-08-24T11:00:00,211542.625,149.575,1686.668,36979.992,24.42,98,estimated,True,2026-08-24T11:02:00,False,none
6349,3,3,2026-08-24T12:00:00,211684.574,141.949,1686.668,36979.992,25.57,98,estimated,True,2026-08-24T12:02:00,False,none
6350,3,3,2026-08-24T13:00:00,211838.668,154.094,1686.668,36979.992,26.36,98,estimated,True,2026-08-24T13:02:00,False,none
6351,3,3,2026-08-24T14:00:00,211999.191,160.523,1686.668,36979.992,27.5,98,estimated,True,2026-08-24T14:02:00,False,none
6352,3,3,2026-08-24T15:00:00,212154.64,155.449,1686.668,36979.992,27.22,98,estimated,True,2026-08-24T15:02:00,False,none
6353,3,3,2026-08-24T16:00:00,212271.334,116.694,1686.668,36979.992,27.48,98,estimated,True,2026-08-24T16:02:00,False,none
6354,3,3,2026-08-24T17:00:00,212394.392,123.058,1686.668,36979.992,26.81,98,estimated,True,2026-08-24T17:02:00,False,none
6355,3,3,2026-08-24T18:00:00,212447.184,52.792,1686.668,36979.992,26.14,98,estimated,True,2026-08-24T18:02:00,False,none
6356,3,3,2026-08-24T19:00:00,212474.745,27.561,1686.668,36979.992,25.13,98,estimated,True,2026-08-24T19:02:00,False,none
6357,3,3,2026-08-24T20:00:00,212484.641,9.896,1686.668,36979.992,23.97,98,estimated,True,2026-08-24T20:02:00,False,none
6358,3,3,2026-08-24T21:00:00,212494.405,9.764,1686.668,36979.992,21.75,98,estimated,True,2026-08-24T21:02:00,False,none
6359,3,3,2026-08-24T22:00:00,212501.712,7.307,1686.668,36979.992,20.48,98,estimated,True,2026-08-24T22:02:00,False,none
6360,3,3,2026-08-24T23:00:00,212505.272,3.56,1686.668,36979.992,19.73,98,estimated,True,2026-08-24T23:02:00,False,none
6361,3,3,2026-08-25T00:00:00,212509.79,4.518,1775.104,36979.992,19.24,98,estimated,True,2026-08-25T00:02:00,False,none
6362,3,3,2026-08-25T01:00:00,212513.647,3.857,1775.104,36979.992,19.15,98,estimated,True,2026-08-25T01:02:00,False,none
6363,3,3,2026-08-25T02:00:00,212518.286,4.639,1775.104,36979.992,18.38,98,estimated,True,2026-08-25T02:02:00,False,none
6364,3,3,2026-08-25T03:00:00,212523.282,4.996,1775.104,36979.992,17.37,98,estimated,True,2026-08-25T03:02:00,False,none
6365,3,3,2026-08-25T04:00:00,212527.668,4.386,1775.104,36979.992,18.03,98,estimated,True,2026-08-25T04:02:00,False,none
6366,3,3,2026-08-25T05:00:00,212535.757,8.089,1775.104,36979.992,18.41,98,estimated,True,2026-08-25T05:02:00,False,none
6367,3,3,2026-08-25T06:00:00,212559.526,23.769,1775.104,36979.992,18.77,98,estimated,True,2026-08-25T06:02:00,False,none
6368,3,3,2026-08-25T07:00:00,212628.566,69.04,1775.104,36979.992,20.04,98,estimated,True,2026-08-25T07:02:00,False,none
6369,3,3,2026-08-25T08:00:00,212772.423,143.857,1775.104,36979.992,21.45,98,estimated,True,2026-08-25T08:02:00,False,none
6370,3,3,2026-08-25T09:00:00,212958.508,186.085,1775.104,36979.992,22.06,98,estimated,True,2026-08-25T09:02:00,False,none
6371,3,3,2026-08-25T10:00:00,213120.042,161.534,1775.104,36979.992,23.97,98,estimated,True,2026-08-25T10:02:00,False,none
6372,3,3,2026-08-25T11:00:00,213272.38,152.338,1775.104,36979.992,25.3,98,estimated,True,2026-08-25T11:02:00,False,none
6373,3,3,2026-08-25T12:00:00,213422.195,149.815,1775.104,36979.992,26.47,98,estimated,True,2026-08-25T12:02:00,False,none
6374,3,3,2026-08-25T13:00:00,213603.836,181.641,1775.104,36979.992,27.25,98,estimated,True,2026-08-25T13:02:00,False,none
6375,3,3,2026-08-25T14:00:00,213763.23,159.394,1775.104,36979.992,27.81,98,estimated,True,2026-08-25T14:02:00,False,none
6376,3,3,2026-08-25T15:00:00,213945.205,181.975,1775.104,36979.992,27.18,98,estimated,True,2026-08-25T15:02:00,False,none
6377,3,3,2026-08-25T16:00:00,214071.868,126.663,1775.104,36979.992,27.37,98,estimated,True,2026-08-25T16:02:00,False,none
6378,3,3,2026-08-25T17:00:00,214181.267,109.399,1775.104,36979.992,26.27,98,estimated,True,2026-08-25T17:02:00,False,none
6379,3,3,2026-08-25T18:00:00,214224.24,42.973,1775.104,36979.992,26.23,98,estimated,True,2026-08-25T18:02:00,False,none
6380,3,3,2026-08-25T19:00:00,214248.818,24.578,1775.104,36979.992,25.31,98,estimated,True,2026-08-25T19:02:00,False,none
6381,3,3,2026-08-25T20:00:00,214260.996,12.178,1775.104,36979.992,25.0,98,estimated,True,2026-08-25T20:02:00,False,none
6382,3,3,2026-08-25T21:00:00,214268.795,7.799,1775.104,36979.992,22.46,98,estimated,True,2026-08-25T21:02:00,False,none
6383,3,3,2026-08-25T22:00:00,214275.454,6.659,1775.104,36979.992,21.85,98,estimated,True,2026-08-25T22:02:00,False,none
6384,3,3,2026-08-25T23:00:00,214280.376,4.922,1775.104,36979.992,19.84,98,estimated,True,2026-08-25T23:02:00,False,none
6385,3,3,2026-08-26T00:00:00,214285.233,4.857,1778.979,36979.992,18.81,98,estimated,True,2026-08-26T00:02:00,False,none
6386,3,3,2026-08-26T01:00:00,214290.043,4.81,1778.979,36979.992,19.28,98,estimated,True,2026-08-26T01:02:00,False,none
6387,3,3,2026-08-26T02:00:00,214295.096,5.053,1778.979,36979.992,18.32,98,estimated,True,2026-08-26T02:02:00,False,none
6388,3,3,2026-08-26T03:00:00,214300.421,5.325,1778.979,36979.992,18.58,98,estimated,True,2026-08-26T03:02:00,False,none
6389,3,3,2026-08-26T04:00:00,214305.501,5.08,1778.979,36979.992,18.24,98,estimated,True,2026-08-26T04:02:00,False,none
6390,3,3,2026-08-26T05:00:00,214315.026,9.525,1778.979,36979.992,18.21,98,estimated,True,2026-08-26T05:02:00,False,none
6391,3,3,2026-08-26T06:00:00,214335.851,20.825,1778.979,36979.992,18.96,98,estimated,True,2026-08-26T06:02:00,False,none
6392,3,3,2026-08-26T07:00:00,214408.919,73.068,1778.979,36979.992,19.16,98,estimated,True,2026-08-26T07:02:00,False,none
6393,3,3,2026-08-26T08:00:00,214566.928,158.009,1778.979,36979.992,21.35,98,estimated,True,2026-08-26T08:02:00,False,none
6394,3,3,2026-08-26T09:00:00,214749.876,182.948,1778.979,36979.992,23.05,98,estimated,True,2026-08-26T09:02:00,False,none
6395,3,3,2026-08-26T10:00:00,214936.066,186.19,1778.979,36979.992,23.76,98,estimated,True,2026-08-26T10:02:00,False,none
6396,3,3,2026-08-26T11:00:00,215098.559,162.493,1778.979,36979.992,26.24,98,estimated,True,2026-08-26T11:02:00,False,none
6397,3,3,2026-08-26T12:00:00,215242.949,144.39,1778.979,36979.992,26.75,98,estimated,True,2026-08-26T12:02:00,False,none
6398,3,3,2026-08-26T13:00:00,215412.762,169.813,1778.979,36979.992,27.02,98,estimated,True,2026-08-26T13:02:00,False,none
6399,3,3,2026-08-26T14:00:00,215565.083,152.321,1778.979,36979.992,27.12,98,estimated,True,2026-08-26T14:02:00,False,none
6400,3,3,2026-08-26T15:00:00,215703.935,138.852,1778.979,36979.992,27.19,98,estimated,True,2026-08-26T15:02:00,False,none
6401,3,3,2026-08-26T16:00:00,215848.057,144.122,1778.979,36979.992,27.98,98,estimated,True,2026-08-26T16:02:00,False,none
6402,3,3,2026-08-26T17:00:00,215957.427,109.37,1778.979,36979.992,27.25,98,estimated,True,2026-08-26T17:02:00,False,none
6403,3,3,2026-08-26T18:00:00,216007.372,49.945,1778.979,36979.992,25.68,98,estimated,True,2026-08-26T18:02:00,False,none
6404,3,3,2026-08-26T19:00:00,216031.446,24.074,1778.979,36979.992,25.12,98,estimated,True,2026-08-26T19:02:00,False,none
6405,3,3,2026-08-26T20:00:00,216043.167,11.721,1778.979,36979.992,24.43,98,estimated,True,2026-08-26T20:02:00,False,none
6406,3,3,2026-08-26T21:00:00,216049.698,6.531,1778.979,36979.992,22.66,98,estimated,True,2026-08-26T21:02:00,False,none
6407,3,3,2026-08-26T22:00:00,216055.759,6.061,1778.979,36979.992,21.49,98,estimated,True,2026-08-26T22:02:00,False,none
6408,3,3,2026-08-26T23:00:00,216059.355,3.596,1778.979,36979.992,20.43,98,estimated,True,2026-08-26T23:02:00,False,none
6409,3,3,2026-08-27T00:00:00,216063.596,4.241,1808.596,36979.992,19.67,98,estimated,True,2026-08-27T00:02:00,False,none
6410,3,3,2026-08-27T01:00:00,216068.351,4.755,1808.596,36979.992,19.51,98,estimated,True,2026-08-27T01:02:00,False,none
6411,3,3,2026-08-27T02:00:00,216071.696,3.345,1808.596,36979.992,17.6,98,estimated,True,2026-08-27T02:02:00,False,none
6412,3,3,2026-08-27T03:00:00,216075.309,3.613,1808.596,36979.992,18.19,98,estimated,True,2026-08-27T03:02:00,False,none
6413,3,3,2026-08-27T04:00:00,216080.745,5.436,1808.596,36979.992,17.15,98,estimated,True,2026-08-27T04:02:00,False,none
6414,3,3,2026-08-27T05:00:00,216090.003,9.258,1808.596,36979.992,19.13,98,estimated,True,2026-08-27T05:02:00,False,none
6415,3,3,2026-08-27T06:00:00,216112.905,22.902,1808.596,36979.992,19.39,98,estimated,True,2026-08-27T06:02:00,False,none
6416,3,3,2026-08-27T07:00:00,216184.328,71.423,1808.596,36979.992,20.39,98,estimated,True,2026-08-27T07:02:00,False,none
6417,3,3,2026-08-27T08:00:00,216349.115,164.787,1808.596,36979.992,21.51,98,estimated,True,2026-08-27T08:02:00,False,none
6418,3,3,2026-08-27T09:00:00,216534.156,185.041,1808.596,36979.992,22.54,98,estimated,True,2026-08-27T09:02:00,False,none
6419,3,3,2026-08-27T10:00:00,216689.992,155.836,1808.596,36979.992,24.48,98,estimated,True,2026-08-27T10:02:00,False,none
6420,3,3,2026-08-27T11:00:00,216851.161,161.169,1808.596,36979.992,25.74,98,estimated,True,2026-08-27T11:02:00,False,none
6421,3,3,2026-08-27T12:00:00,216999.436,148.275,1808.596,36979.992,27.25,98,estimated,True,2026-08-27T12:02:00,False,none
6422,3,3,2026-08-27T13:00:00,217156.444,157.008,1808.596,36979.992,27.14,98,estimated,True,2026-08-27T13:02:00,False,none
6423,3,3,2026-08-27T14:00:00,217348.568,192.124,1808.596,36979.992,28.72,98,estimated,True,2026-08-27T14:02:00,False,none
6424,3,3,2026-08-27T15:00:00,217519.056,170.488,1808.596,36979.992,28.53,98,estimated,True,2026-08-27T15:02:00,False,none
6425,3,3,2026-08-27T16:00:00,217674.725,155.669,1808.596,36979.992,28.28,98,estimated,True,2026-08-27T16:02:00,False,none
6426,3,3,2026-08-27T17:00:00,217764.598,89.873,1808.596,36979.992,27.32,98,estimated,True,2026-08-27T17:02:00,False,none
6427,3,3,2026-08-27T18:00:00,217812.439,47.841,1808.596,36979.992,26.73,98,estimated,True,2026-08-27T18:02:00,False,none
6428,3,3,2026-08-27T19:00:00,217836.321,23.882,1808.596,36979.992,25.25,98,estimated,True,2026-08-27T19:02:00,False,none
6429,3,3,2026-08-27T20:00:00,217849.605,13.284,1808.596,36979.992,25.46,98,estimated,True,2026-08-27T20:02:00,False,none
6430,3,3,2026-08-27T21:00:00,217857.041,7.436,1808.596,36979.992,23.31,98,estimated,True,2026-08-27T21:02:00,False,none
6431,3,3,2026-08-27T22:00:00,217863.327,6.286,1808.596,36979.992,21.14,98,estimated,True,2026-08-27T22:02:00,False,none
6432,3,3,2026-08-27T23:00:00,217867.951,4.624,1808.596,36979.992,21.24,98,estimated,True,2026-08-27T23:02:00,False,none
6433,3,3,2026-08-28T00:00:00,217872.899,4.948,1684.186,36979.992,20.15,98,estimated,True,2026-08-28T00:02:00,False,none
6434,3,3,2026-08-28T01:00:00,217878.366,5.467,1684.186,36979.992,18.88,98,estimated,True,2026-08-28T01:02:00,False,none
6435,3,3,2026-08-28T02:00:00,217883.848,5.482,1684.186,36979.992,18.36,98,estimated,True,2026-08-28T02:02:00,False,none
6436,3,3,2026-08-28T03:00:00,217886.774,2.926,1684.186,36979.992,18.62,98,estimated,True,2026-08-28T03:02:00,False,none
6437,3,3,2026-08-28T04:00:00,217889.703,2.929,1684.186,36979.992,18.31,98,estimated,True,2026-08-28T04:02:00,False,none
6438,3,3,2026-08-28T05:00:00,217898.391,8.688,1684.186,36979.992,19.58,98,estimated,True,2026-08-28T05:02:00,False,none
6439,3,3,2026-08-28T06:00:00,217921.157,22.766,1684.186,36979.992,19.02,98,estimated,True,2026-08-28T06:02:00,False,none
6440,3,3,2026-08-28T07:00:00,217978.454,57.297,1684.186,36979.992,20.73,98,estimated,True,2026-08-28T07:02:00,False,none
6441,3,3,2026-08-28T08:00:00,218119.668,141.214,1684.186,36979.992,22.82,98,estimated,True,2026-08-28T08:02:00,False,none
6442,3,3,2026-08-28T09:00:00,218273.145,153.477,1684.186,36979.992,23.33,98,estimated,True,2026-08-28T09:02:00,False,none
6443,3,3,2026-08-28T10:00:00,218412.787,139.642,1684.186,36979.992,24.13,98,estimated,True,2026-08-28T10:02:00,False,none
6444,3,3,2026-08-28T11:00:00,218553.781,140.994,1684.186,36979.992,26.46,98,estimated,True,2026-08-28T11:02:00,False,none
6445,3,3,2026-08-28T12:00:00,218661.081,107.3,1684.186,36979.992,26.99,98,estimated,True,2026-08-28T12:02:00,False,none
6446,3,3,2026-08-28T13:00:00,218828.821,167.74,1684.186,36979.992,27.25,98,estimated,True,2026-08-28T13:02:00,False,none
6447,3,3,2026-08-28T14:00:00,219027.857,199.036,1684.186,36979.992,28.42,98,estimated,True,2026-08-28T14:02:00,False,none
6448,3,3,2026-08-28T15:00:00,219180.473,152.616,1684.186,36979.992,28.98,98,estimated,True,2026-08-28T15:02:00,False,none
6449,3,3,2026-08-28T16:00:00,219312.399,131.926,1684.186,36979.992,28.46,98,estimated,True,2026-08-28T16:02:00,False,none
6450,3,3,2026-08-28T17:00:00,219437.568,125.169,1684.186,36979.992,28.6,98,estimated,True,2026-08-28T17:02:00,False,none
6451,3,3,2026-08-28T18:00:00,219492.232,54.664,1684.186,36979.992,27.05,98,estimated,True,2026-08-28T18:02:00,False,none
6452,3,3,2026-08-28T19:00:00,219520.482,28.25,1684.186,36979.992,26.52,98,estimated,True,2026-08-28T19:02:00,False,none
6453,3,3,2026-08-28T20:00:00,219530.112,9.63,1684.186,36979.992,25.36,98,estimated,True,2026-08-28T20:02:00,False,none
6454,3,3,2026-08-28T21:00:00,219538.287,8.175,1684.186,36979.992,23.63,98,estimated,True,2026-08-28T21:02:00,False,none
6455,3,3,2026-08-28T22:00:00,219546.552,8.265,1684.186,36979.992,22.85,98,estimated,True,2026-08-28T22:02:00,False,none
6456,3,3,2026-08-28T23:00:00,219552.137,5.585,1684.186,36979.992,20.96,98,estimated,True,2026-08-28T23:02:00,False,none
6457,3,3,2026-08-29T00:00:00,219553.068,0.931,349.949,36979.992,20.9,98,estimated,True,2026-08-29T00:02:00,False,none
6458,3,3,2026-08-29T01:00:00,219553.914,0.846,349.949,36979.992,20.38,98,estimated,True,2026-08-29T01:02:00,False,none
6459,3,3,2026-08-29T02:00:00,219555.478,1.564,349.949,36979.992,18.81,98,estimated,True,2026-08-29T02:02:00,False,none
6460,3,3,2026-08-29T03:00:00,219556.418,0.94,349.949,36979.992,18.58,98,estimated,True,2026-08-29T03:02:00,False,none
6461,3,3,2026-08-29T04:00:00,219557.305,0.887,349.949,36979.992,19.46,98,estimated,True,2026-08-29T04:02:00,False,none
6462,3,3,2026-08-29T05:00:00,219559.342,2.037,349.949,36979.992,18.71,98,estimated,True,2026-08-29T05:02:00,False,none
6463,3,3,2026-08-29T06:00:00,219564.391,5.049,349.949,36979.992,19.91,98,estimated,True,2026-08-29T06:02:00,False,none
6464,3,3,2026-08-29T07:00:00,219580.795,16.404,349.949,36979.992,21.5,98,estimated,True,2026-08-29T07:02:00,False,none
6465,3,3,2026-08-29T08:00:00,219612.327,31.532,349.949,36979.992,22.79,98,estimated,True,2026-08-29T08:02:00,False,none
6466,3,3,2026-08-29T09:00:00,219647.678,35.351,349.949,36979.992,23.45,98,estimated,True,2026-08-29T09:02:00,False,none
6467,3,3,2026-08-29T10:00:00,219678.054,30.376,349.949,36979.992,25.8,98,estimated,True,2026-08-29T10:02:00,False,none
6468,3,3,2026-08-29T11:00:00,219706.248,28.194,349.949,36979.992,26.94,98,estimated,True,2026-08-29T11:02:00,False,none
6469,3,3,2026-08-29T12:00:00,219735.654,29.406,349.949,36979.992,26.92,98,estimated,True,2026-08-29T12:02:00,False,none
6470,3,3,2026-08-29T13:00:00,219771.072,35.418,349.949,36979.992,28.34,98,estimated,True,2026-08-29T13:02:00,False,none
6471,3,3,2026-08-29T14:00:00,219805.509,34.437,349.949,36979.992,28.17,98,estimated,True,2026-08-29T14:02:00,False,none
6472,3,3,2026-08-29T15:00:00,219831.034,25.525,349.949,36979.992,28.45,98,estimated,True,2026-08-29T15:02:00,False,none
6473,3,3,2026-08-29T16:00:00,219855.857,24.823,349.949,36979.992,28.18,98,estimated,True,2026-08-29T16:02:00,False,none
6474,3,3,2026-08-29T17:00:00,219880.737,24.88,349.949,36979.992,28.26,98,estimated,True,2026-08-29T17:02:00,False,none
6475,3,3,2026-08-29T18:00:00,219891.781,11.044,349.949,36979.992,26.67,98,estimated,True,2026-08-29T18:02:00,False,none
6476,3,3,2026-08-29T19:00:00,219897.512,5.731,349.949,36979.992,25.75,98,estimated,True,2026-08-29T19:02:00,False,none
6477,3,3,2026-08-29T20:00:00,219899.285,1.773,349.949,36979.992,24.77,98,estimated,True,2026-08-29T20:02:00,False,none
6478,3,3,2026-08-29T21:00:00,219900.558,1.273,349.949,36979.992,24.04,98,estimated,True,2026-08-29T21:02:00,False,none
6479,3,3,2026-08-29T22:00:00,219900.558,0.0,349.949,36979.992,22.3,98,estimated,True,2026-08-29T22:02:00,False,none
6480,3,3,2026-08-29T23:00:00,219902.086,1.528,349.949,36979.992,21.6,98,estimated,True,2026-08-29T23:02:00,False,none
